mtllib scene.mtl
o Seat_Seat__2
v 17.98335 20.03416 -6.53839
v 17.80732 20.16861 -9.18750
v 17.80732 20.16861 -6.50705
v 17.98335 20.03416 -9.18750
v 17.98335 20.03416 -9.18750
v 17.98335 20.03416 -6.53839
v 17.80732 20.16861 -9.18750
v 17.80732 20.16861 -6.50705
v 17.80732 20.16861 -9.18750
v 17.80732 20.16861 -6.50705
v 17.98335 20.03416 -6.53839
v 17.98335 20.03416 -9.18750
v 17.60256 20.25310 -9.18750
v 17.60256 20.25310 -6.47060
v 17.60256 20.25310 -9.18750
v 17.60256 20.25310 -6.47060
v 17.60256 20.25310 -9.18750
v 17.60256 20.25310 -6.47060
v 18.11874 19.85885 -6.56250
v 17.38294 19.02995 -6.43150
v 18.11874 19.02995 -6.56250
v 17.38294 20.28192 -6.43150
v 17.98335 20.03416 -6.53839
v 17.80732 20.16861 -6.50705
v 17.60256 20.25310 -6.47060
v 17.60256 20.25310 -6.47060
v 17.80732 20.16861 -6.50705
v 17.38294 20.28192 -6.43150
v 17.98335 20.03416 -6.53839
v 18.11874 19.85885 -6.56250
v 17.38294 19.02995 -6.43150
v 18.11874 19.02995 -6.56250
v 18.11874 19.02995 -6.56250
v 17.38294 19.02995 -6.43150
v 18.11874 19.85885 -6.56250
v 17.38294 20.28192 -6.43150
v 18.11874 19.85885 -6.56250
v 18.11874 19.85885 -9.18750
v 18.11874 19.85885 -9.18750
v 18.11874 19.85885 -6.56250
v 18.11874 19.85885 -9.18750
v 5.64908 21.63407 -9.18750
v 18.11874 19.02995 -9.18750
v 5.64908 19.02995 -9.18750
v 11.81420 20.62325 -9.18750
v 13.53386 20.36746 -9.18750
v 18.11874 19.85885 -9.18750
v 17.98335 20.03416 -9.18750
v 15.27034 20.28192 -9.18750
v 17.80732 20.16861 -9.18750
v 17.60256 20.25310 -9.18750
v 10.12801 21.04682 -9.18750
v 9.08752 21.23597 -9.18750
v 7.75661 21.63407 -9.18750
v 17.38294 20.28192 -9.18750
v 15.27034 20.28192 -9.18750
v 17.60256 20.25310 -9.18750
v 17.38294 20.28192 -9.18750
v 7.75661 21.63407 -9.18750
v 5.64908 21.63407 -9.18750
v 9.08752 21.23597 -9.18750
v 10.12801 21.04682 -9.18750
v 11.81420 20.62325 -9.18750
v 17.80732 20.16861 -9.18750
v 17.98335 20.03416 -9.18750
v 13.53386 20.36746 -9.18750
v 18.11874 19.85885 -9.18750
v 18.11874 19.02995 -9.18750
v 5.64908 19.02995 -9.18750
v 13.53386 20.36746 -9.18750
v 11.81420 20.62325 -9.18750
v 15.27034 20.28192 -9.18750
v 17.38294 20.28192 -9.18750
v 18.11874 19.02995 -9.18750
v 5.64908 19.02995 -9.18750
v 5.64908 21.63407 -9.18750
v 7.75661 21.63407 -9.18750
v 9.08752 21.23597 -9.18750
v 10.12801 21.04682 -9.18750
v 17.38294 20.28192 -9.18750
v 17.38294 20.28192 -6.43150
v 17.38294 20.28192 -9.18750
v 17.38294 20.28192 -6.43150
v 18.11874 19.02995 -9.18750
v 5.66699 19.02995 -8.68764
v 5.64908 19.02995 -9.18750
v 5.70837 19.02995 -8.18918
v 5.77315 19.02995 -7.69322
v 5.86117 19.02995 -7.20085
v 5.97225 19.02995 -6.71316
v 6.10613 19.02995 -6.23123
v 6.26252 19.02995 -5.75613
v 6.44107 19.02995 -5.28891
v 6.64139 19.02995 -4.83060
v 6.86304 19.02995 -4.38221
v 7.10552 19.02995 -3.94474
v 8.22791 19.02995 -3.51916
v 9.08752 19.02995 -3.51916
v 10.12801 19.02995 -4.04161
v 11.81420 19.02995 -4.78861
v 13.53386 19.02995 -5.42579
v 15.27034 19.02995 -5.94659
v 17.38294 19.02995 -6.43150
v 18.11874 19.02995 -6.56250
v 18.11874 19.02995 -6.56250
v 18.11874 19.02995 -9.18750
v 17.38294 19.02995 -6.43150
v 15.27034 19.02995 -5.94659
v 13.53386 19.02995 -5.42579
v 11.81420 19.02995 -4.78861
v 10.12801 19.02995 -4.04161
v 9.08752 19.02995 -3.51916
v 8.22791 19.02995 -3.51916
v 7.10552 19.02995 -3.94474
v 6.86304 19.02995 -4.38221
v 6.64139 19.02995 -4.83060
v 6.44107 19.02995 -5.28891
v 6.26252 19.02995 -5.75613
v 6.10613 19.02995 -6.23123
v 5.97225 19.02995 -6.71316
v 5.86117 19.02995 -7.20085
v 5.77315 19.02995 -7.69322
v 5.70837 19.02995 -8.18918
v 5.66699 19.02995 -8.68764
v 5.64908 19.02995 -9.18750
v 5.70837 19.02995 -8.18918
v 5.66699 19.02995 -8.68764
v 15.27034 19.02995 -5.94659
v 13.53386 19.02995 -5.42579
v 11.81420 19.02995 -4.78861
v 10.12801 19.02995 -4.04161
v 9.08752 19.02995 -3.51916
v 8.22791 19.02995 -3.51916
v 7.10552 19.02995 -3.94474
v 6.86304 19.02995 -4.38221
v 6.64139 19.02995 -4.83060
v 6.44107 19.02995 -5.28891
v 6.26252 19.02995 -5.75613
v 6.10613 19.02995 -6.23123
v 5.97225 19.02995 -6.71316
v 5.86117 19.02995 -7.20085
v 5.77315 19.02995 -7.69322
v 18.11874 19.02995 -9.18750
v 18.11874 19.02995 -6.56250
v 18.11874 19.02995 -9.18750
v 18.11874 19.02995 -6.56250
v 15.27034 19.02995 -5.94659
v 15.27034 20.28192 -5.94659
v 15.27034 20.28192 -5.94659
v 15.27034 19.02995 -5.94659
v 15.27034 20.28192 -5.94659
v 13.53386 20.36746 -5.42579
v 11.81420 20.62325 -9.18750
v 11.81420 20.62325 -4.78861
v 13.53386 20.36746 -9.18750
v 13.53386 20.36746 -9.18750
v 13.53386 20.36746 -5.42579
v 11.81420 20.62325 -9.18750
v 11.81420 20.62325 -4.78861
v 11.81420 20.62325 -4.78861
v 13.53386 20.36746 -5.42579
v 15.27034 20.28192 -9.18750
v 15.27034 20.28192 -5.94659
v 15.27034 20.28192 -5.94659
v 15.27034 20.28192 -9.18750
v 5.66699 21.63407 -8.68764
v 5.64908 19.02995 -9.18750
v 5.66699 19.02995 -8.68764
v 5.64908 21.63407 -9.18750
v 5.64908 21.63407 -9.18750
v 5.66699 21.63407 -8.68764
v 5.64908 19.02995 -9.18750
v 5.66699 19.02995 -8.68764
v 5.66699 21.63407 -8.68764
v 5.66699 21.63407 -8.68764
v 7.75661 21.63407 -9.18750
v 5.64908 21.63407 -9.18750
v 5.70837 21.63407 -8.18918
v 5.77315 21.63407 -7.69322
v 5.86117 21.63407 -7.20085
v 5.97225 21.63407 -6.71316
v 6.10613 21.63407 -6.23123
v 6.26252 21.63407 -5.75613
v 6.44107 21.63407 -5.28891
v 6.64139 21.63407 -4.83060
v 6.86304 21.63407 -4.38221
v 7.10552 21.63407 -3.94474
v 7.75661 21.63407 -3.51916
v 7.75661 21.63407 -3.51916
v 7.10552 21.63407 -3.94474
v 7.75661 21.63407 -9.18750
v 6.86304 21.63407 -4.38221
v 6.64139 21.63407 -4.83060
v 6.44107 21.63407 -5.28891
v 6.26252 21.63407 -5.75613
v 6.10613 21.63407 -6.23123
v 5.97225 21.63407 -6.71316
v 5.86117 21.63407 -7.20085
v 5.77315 21.63407 -7.69322
v 5.70837 21.63407 -8.18918
v 5.66699 21.63407 -8.68764
v 5.64908 21.63407 -9.18750
v 6.26252 21.63407 -5.75613
v 6.10613 21.63407 -6.23123
v 6.44107 21.63407 -5.28891
v 6.64139 21.63407 -4.83060
v 6.86304 21.63407 -4.38221
v 7.10552 21.63407 -3.94474
v 7.75661 21.63407 -3.51916
v 5.70837 21.63407 -8.18918
v 5.77315 21.63407 -7.69322
v 5.86117 21.63407 -7.20085
v 5.97225 21.63407 -6.71316
v 9.08752 21.23597 -3.51916
v 9.08752 21.23597 -9.18750
v 9.08752 21.23597 -9.18750
v 9.08752 21.23597 -3.51916
v 9.08752 21.23597 -3.51916
v 10.12801 21.04682 -4.04161
v 10.12801 21.04682 -9.18750
v 10.12801 21.04682 -9.18750
v 10.12801 21.04682 -4.04161
v 10.12801 21.04682 -4.04161
v 5.70837 19.02995 -8.18918
v 5.70837 21.63407 -8.18918
v 5.70837 19.02995 -8.18918
v 5.70837 21.63407 -8.18918
v 13.53386 19.02995 -5.42579
v 13.53386 20.36746 -5.42579
v 13.53386 20.36746 -5.42579
v 13.53386 19.02995 -5.42579
v 11.81420 19.02995 -4.78861
v 11.81420 20.62325 -4.78861
v 11.81420 20.62325 -4.78861
v 11.81420 19.02995 -4.78861
v 10.12801 19.02995 -4.04161
v 10.12801 21.04682 -4.04161
v 10.12801 21.04682 -4.04161
v 10.12801 19.02995 -4.04161
v 9.08752 19.02995 -3.51916
v 9.08752 21.23597 -3.51916
v 9.08752 21.23597 -3.51916
v 9.08752 19.02995 -3.51916
v 8.22791 19.02995 -3.51916
v 7.75661 21.63407 -3.51916
v 7.75661 21.63407 -3.51916
v 8.22791 19.02995 -3.51916
v 7.10552 19.02995 -3.94474
v 7.10552 19.02995 -3.94474
v 6.86304 21.63407 -4.38221
v 7.10552 21.63407 -3.94474
v 6.86304 19.02995 -4.38221
v 6.86304 19.02995 -4.38221
v 6.86304 21.63407 -4.38221
v 7.10552 21.63407 -3.94474
v 6.64139 21.63407 -4.83060
v 6.64139 19.02995 -4.83060
v 6.64139 19.02995 -4.83060
v 6.64139 21.63407 -4.83060
v 6.44107 21.63407 -5.28891
v 6.44107 19.02995 -5.28891
v 6.44107 19.02995 -5.28891
v 6.44107 21.63407 -5.28891
v 6.26252 21.63407 -5.75613
v 6.26252 19.02995 -5.75613
v 6.26252 19.02995 -5.75613
v 6.26252 21.63407 -5.75613
v 6.10613 21.63407 -6.23123
v 6.10613 19.02995 -6.23123
v 6.10613 19.02995 -6.23123
v 6.10613 21.63407 -6.23123
v 5.97225 21.63407 -6.71316
v 5.97225 19.02995 -6.71316
v 5.97225 19.02995 -6.71316
v 5.97225 21.63407 -6.71316
v 5.86117 21.63407 -7.20085
v 5.86117 19.02995 -7.20085
v 5.86117 19.02995 -7.20085
v 5.86117 21.63407 -7.20085
v 5.77315 21.63407 -7.69322
v 5.77315 19.02995 -7.69322
v 5.77315 19.02995 -7.69322
v 5.77315 21.63407 -7.69322
usemtl ID27
f 1 2 3
f 2 1 4
f 5 6 7
f 8 7 6
f 3 13 14
f 13 3 2
f 7 8 15
f 16 15 8
f 19 20 21
f 20 19 22
f 22 19 23
f 22 23 24
f 22 24 25
f 26 27 28
f 27 29 28
f 29 30 28
f 28 30 31
f 32 31 30
f 37 4 1
f 4 37 38
f 39 40 5
f 6 5 40
f 42 43 44
f 43 42 45
f 43 45 46
f 43 46 47
f 47 46 48
f 48 46 49
f 48 49 50
f 50 49 51
f 45 42 52
f 52 42 53
f 53 42 54
f 55 51 49
f 56 57 58
f 59 60 61
f 61 60 62
f 62 60 63
f 57 56 64
f 64 56 65
f 56 66 65
f 65 66 67
f 67 66 68
f 66 63 68
f 63 60 68
f 69 68 60
f 14 80 81
f 80 14 13
f 15 16 82
f 83 82 16
f 84 85 86
f 85 84 87
f 87 84 88
f 88 84 89
f 89 84 90
f 90 84 91
f 91 84 92
f 92 84 93
f 93 84 94
f 94 84 95
f 95 84 96
f 96 84 97
f 97 84 98
f 98 84 99
f 99 84 100
f 100 84 101
f 101 84 102
f 102 84 103
f 103 84 104
f 105 106 107
f 107 106 108
f 108 106 109
f 109 106 110
f 110 106 111
f 111 106 112
f 112 106 113
f 113 106 114
f 114 106 115
f 115 106 116
f 116 106 117
f 117 106 118
f 118 106 119
f 119 106 120
f 120 106 121
f 121 106 122
f 122 106 123
f 123 106 124
f 125 124 106
f 143 37 144
f 37 143 38
f 39 145 40
f 146 40 145
f 22 147 20
f 147 22 148
f 149 28 150
f 31 150 28
f 152 153 154
f 153 152 155
f 156 157 158
f 159 158 157
f 152 162 155
f 162 152 163
f 164 157 165
f 156 165 157
f 163 80 162
f 80 163 81
f 83 164 82
f 165 82 164
f 166 167 168
f 167 166 169
f 170 171 172
f 173 172 171
f 175 176 177
f 176 175 178
f 176 178 179
f 176 179 180
f 176 180 181
f 176 181 182
f 176 182 183
f 176 183 184
f 176 184 185
f 176 185 186
f 176 186 187
f 176 187 188
f 189 190 191
f 190 192 191
f 192 193 191
f 193 194 191
f 194 195 191
f 195 196 191
f 196 197 191
f 197 198 191
f 198 199 191
f 199 200 191
f 200 201 191
f 202 191 201
f 214 176 188
f 176 214 215
f 216 217 191
f 189 191 217
f 219 215 214
f 215 219 220
f 221 222 216
f 217 216 222
f 219 153 220
f 153 219 154
f 159 222 158
f 221 158 222
f 166 224 225
f 224 166 168
f 173 171 226
f 227 226 171
f 148 228 147
f 228 148 229
f 230 149 231
f 150 231 149
f 229 232 228
f 232 229 233
f 234 230 235
f 231 235 230
f 233 236 232
f 236 233 237
f 238 234 239
f 235 239 234
f 237 240 236
f 240 237 241
f 242 238 243
f 239 243 238
f 241 244 240
f 244 241 245
f 246 242 247
f 243 247 242
f 245 248 244
f 247 249 246
f 250 248 251
f 248 250 252
f 253 254 249
f 255 249 254
f 256 252 250
f 252 256 257
f 258 259 253
f 254 253 259
f 260 257 256
f 257 260 261
f 262 263 258
f 259 258 263
f 264 261 260
f 261 264 265
f 266 267 262
f 263 262 267
f 268 265 264
f 265 268 269
f 270 271 266
f 267 266 271
f 272 269 268
f 269 272 273
f 274 275 270
f 271 270 275
f 276 273 272
f 273 276 277
f 278 279 274
f 275 274 279
f 280 277 276
f 277 280 281
f 282 283 278
f 279 278 283
f 280 224 281
f 224 280 225
f 227 283 226
f 282 226 283
f 251 248 245
f 246 249 255
o Seat_Seat__2_1
v 17.98335 20.03416 -9.18750
v 17.98335 20.03416 -11.83661
v 17.80732 20.16861 -9.18750
v 17.80732 20.16861 -11.86795
v 17.98335 20.03416 -11.83661
v 17.80732 20.16861 -9.18750
v 17.80732 20.16861 -11.86795
v 17.98335 20.03416 -9.18750
v 17.80732 20.16861 -9.18750
v 17.80732 20.16861 -11.86795
v 17.98335 20.03416 -11.83661
v 17.98335 20.03416 -9.18750
v 17.60256 20.25310 -9.18750
v 17.60256 20.25310 -11.90440
v 17.60256 20.25310 -9.18750
v 17.60256 20.25310 -11.90440
v 17.60256 20.25310 -9.18750
v 17.60256 20.25310 -11.90440
v 17.60256 20.25310 -11.90440
v 17.80732 20.16861 -11.86795
v 17.38294 20.28192 -11.94350
v 17.98335 20.03416 -11.83661
v 18.11874 19.85885 -11.81250
v 17.38294 19.02995 -11.94350
v 18.11874 19.02995 -11.81250
v 18.11874 19.85885 -11.81250
v 17.38294 19.02995 -11.94350
v 18.11874 19.02995 -11.81250
v 17.38294 20.28192 -11.94350
v 17.98335 20.03416 -11.83661
v 17.80732 20.16861 -11.86795
v 17.60256 20.25310 -11.90440
v 18.11874 19.02995 -11.81250
v 17.38294 19.02995 -11.94350
v 18.11874 19.85885 -11.81250
v 17.38294 20.28192 -11.94350
v 18.11874 19.85885 -9.18750
v 18.11874 19.85885 -11.81250
v 18.11874 19.85885 -11.81250
v 18.11874 19.85885 -9.18750
v 18.11874 19.85885 -9.18750
v 15.27034 20.28192 -9.18750
v 17.60256 20.25310 -9.18750
v 17.38294 20.28192 -9.18750
v 7.75661 21.63407 -9.18750
v 5.64908 21.63407 -9.18750
v 9.08752 21.23597 -9.18750
v 10.12801 21.04682 -9.18750
v 11.81420 20.62325 -9.18750
v 17.80732 20.16861 -9.18750
v 17.98335 20.03416 -9.18750
v 13.53386 20.36746 -9.18750
v 18.11874 19.85885 -9.18750
v 18.11874 19.02995 -9.18750
v 5.64908 19.02995 -9.18750
v 5.64908 21.63407 -9.18750
v 18.11874 19.02995 -9.18750
v 5.64908 19.02995 -9.18750
v 11.81420 20.62325 -9.18750
v 13.53386 20.36746 -9.18750
v 18.11874 19.85885 -9.18750
v 17.98335 20.03416 -9.18750
v 15.27034 20.28192 -9.18750
v 17.80732 20.16861 -9.18750
v 17.60256 20.25310 -9.18750
v 10.12801 21.04682 -9.18750
v 9.08752 21.23597 -9.18750
v 7.75661 21.63407 -9.18750
v 17.38294 20.28192 -9.18750
v 13.53386 20.36746 -9.18750
v 11.81420 20.62325 -9.18750
v 15.27034 20.28192 -9.18750
v 17.38294 20.28192 -9.18750
v 18.11874 19.02995 -9.18750
v 5.64908 19.02995 -9.18750
v 5.64908 21.63407 -9.18750
v 7.75661 21.63407 -9.18750
v 9.08752 21.23597 -9.18750
v 10.12801 21.04682 -9.18750
v 17.38294 20.28192 -9.18750
v 17.38294 20.28192 -11.94350
v 17.38294 20.28192 -9.18750
v 17.38294 20.28192 -11.94350
v 18.11874 19.02995 -11.81250
v 18.11874 19.02995 -9.18750
v 17.38294 19.02995 -11.94350
v 15.27034 19.02995 -12.42841
v 13.53386 19.02995 -12.94921
v 11.81420 19.02995 -13.58639
v 10.12801 19.02995 -14.33339
v 9.08752 19.02995 -14.85584
v 8.22791 19.02995 -14.85584
v 7.10552 19.02995 -14.43026
v 6.86304 19.02995 -13.99279
v 6.64139 19.02995 -13.54440
v 6.44107 19.02995 -13.08609
v 6.26252 19.02995 -12.61887
v 6.10613 19.02995 -12.14377
v 5.97225 19.02995 -11.66184
v 5.86117 19.02995 -11.17416
v 5.77315 19.02995 -10.68178
v 5.70837 19.02995 -10.18582
v 5.66699 19.02995 -9.68736
v 5.64908 19.02995 -9.18750
v 18.11874 19.02995 -9.18750
v 5.66699 19.02995 -9.68736
v 5.64908 19.02995 -9.18750
v 5.70837 19.02995 -10.18582
v 5.77315 19.02995 -10.68178
v 5.86117 19.02995 -11.17416
v 5.97225 19.02995 -11.66184
v 6.10613 19.02995 -12.14377
v 6.26252 19.02995 -12.61887
v 6.44107 19.02995 -13.08609
v 6.64139 19.02995 -13.54440
v 6.86304 19.02995 -13.99279
v 7.10552 19.02995 -14.43026
v 8.22791 19.02995 -14.85584
v 9.08752 19.02995 -14.85584
v 10.12801 19.02995 -14.33339
v 11.81420 19.02995 -13.58639
v 13.53386 19.02995 -12.94921
v 15.27034 19.02995 -12.42841
v 17.38294 19.02995 -11.94350
v 18.11874 19.02995 -11.81250
v 5.70837 19.02995 -10.18582
v 5.66699 19.02995 -9.68736
v 15.27034 19.02995 -12.42841
v 13.53386 19.02995 -12.94921
v 11.81420 19.02995 -13.58639
v 10.12801 19.02995 -14.33339
v 9.08752 19.02995 -14.85584
v 8.22791 19.02995 -14.85584
v 7.10552 19.02995 -14.43026
v 6.86304 19.02995 -13.99279
v 6.64139 19.02995 -13.54440
v 6.44107 19.02995 -13.08609
v 6.26252 19.02995 -12.61887
v 6.10613 19.02995 -12.14377
v 5.97225 19.02995 -11.66184
v 5.86117 19.02995 -11.17416
v 5.77315 19.02995 -10.68178
v 18.11874 19.02995 -9.18750
v 18.11874 19.02995 -11.81250
v 18.11874 19.02995 -9.18750
v 18.11874 19.02995 -11.81250
v 15.27034 20.28192 -12.42841
v 15.27034 19.02995 -12.42841
v 15.27034 19.02995 -12.42841
v 15.27034 20.28192 -12.42841
v 15.27034 20.28192 -12.42841
v 13.53386 20.36746 -9.18750
v 13.53386 20.36746 -12.94921
v 11.81420 20.62325 -9.18750
v 11.81420 20.62325 -13.58639
v 13.53386 20.36746 -12.94921
v 11.81420 20.62325 -9.18750
v 11.81420 20.62325 -13.58639
v 13.53386 20.36746 -9.18750
v 11.81420 20.62325 -13.58639
v 13.53386 20.36746 -12.94921
v 15.27034 20.28192 -12.42841
v 15.27034 20.28192 -9.18750
v 15.27034 20.28192 -9.18750
v 15.27034 20.28192 -12.42841
v 5.64908 21.63407 -9.18750
v 5.66699 21.63407 -9.68736
v 5.64908 19.02995 -9.18750
v 5.66699 19.02995 -9.68736
v 5.66699 21.63407 -9.68736
v 5.64908 19.02995 -9.18750
v 5.66699 19.02995 -9.68736
v 5.64908 21.63407 -9.18750
v 5.66699 21.63407 -9.68736
v 7.75661 21.63407 -14.85584
v 7.10552 21.63407 -14.43026
v 7.75661 21.63407 -9.18750
v 6.86304 21.63407 -13.99279
v 6.64139 21.63407 -13.54440
v 6.44107 21.63407 -13.08609
v 6.26252 21.63407 -12.61887
v 6.10613 21.63407 -12.14377
v 5.97225 21.63407 -11.66184
v 5.86117 21.63407 -11.17416
v 5.77315 21.63407 -10.68178
v 5.70837 21.63407 -10.18582
v 5.66699 21.63407 -9.68736
v 5.64908 21.63407 -9.18750
v 5.66699 21.63407 -9.68736
v 7.75661 21.63407 -9.18750
v 5.64908 21.63407 -9.18750
v 5.70837 21.63407 -10.18582
v 5.77315 21.63407 -10.68178
v 5.86117 21.63407 -11.17416
v 5.97225 21.63407 -11.66184
v 6.10613 21.63407 -12.14377
v 6.26252 21.63407 -12.61887
v 6.44107 21.63407 -13.08609
v 6.64139 21.63407 -13.54440
v 6.86304 21.63407 -13.99279
v 7.10552 21.63407 -14.43026
v 7.75661 21.63407 -14.85584
v 6.26252 21.63407 -12.61887
v 6.10613 21.63407 -12.14377
v 6.44107 21.63407 -13.08609
v 6.64139 21.63407 -13.54440
v 6.86304 21.63407 -13.99279
v 7.10552 21.63407 -14.43026
v 7.75661 21.63407 -14.85584
v 5.70837 21.63407 -10.18582
v 5.77315 21.63407 -10.68178
v 5.86117 21.63407 -11.17416
v 5.97225 21.63407 -11.66184
v 9.08752 21.23597 -9.18750
v 9.08752 21.23597 -14.85584
v 9.08752 21.23597 -14.85584
v 9.08752 21.23597 -9.18750
v 9.08752 21.23597 -14.85584
v 10.12801 21.04682 -9.18750
v 10.12801 21.04682 -14.33339
v 10.12801 21.04682 -14.33339
v 10.12801 21.04682 -9.18750
v 10.12801 21.04682 -14.33339
v 5.70837 19.02995 -10.18582
v 5.70837 21.63407 -10.18582
v 5.70837 19.02995 -10.18582
v 5.70837 21.63407 -10.18582
v 13.53386 20.36746 -12.94921
v 13.53386 19.02995 -12.94921
v 13.53386 19.02995 -12.94921
v 13.53386 20.36746 -12.94921
v 11.81420 20.62325 -13.58639
v 11.81420 19.02995 -13.58639
v 11.81420 19.02995 -13.58639
v 11.81420 20.62325 -13.58639
v 10.12801 21.04682 -14.33339
v 10.12801 19.02995 -14.33339
v 10.12801 19.02995 -14.33339
v 10.12801 21.04682 -14.33339
v 9.08752 21.23597 -14.85584
v 9.08752 19.02995 -14.85584
v 9.08752 19.02995 -14.85584
v 9.08752 21.23597 -14.85584
v 7.75661 21.63407 -14.85584
v 8.22791 19.02995 -14.85584
v 8.22791 19.02995 -14.85584
v 7.75661 21.63407 -14.85584
v 7.10552 19.02995 -14.43026
v 7.10552 19.02995 -14.43026
v 6.86304 19.02995 -13.99279
v 6.86304 21.63407 -13.99279
v 7.10552 21.63407 -14.43026
v 6.86304 21.63407 -13.99279
v 7.10552 21.63407 -14.43026
v 6.86304 19.02995 -13.99279
v 6.64139 19.02995 -13.54440
v 6.64139 21.63407 -13.54440
v 6.64139 21.63407 -13.54440
v 6.64139 19.02995 -13.54440
v 6.44107 19.02995 -13.08609
v 6.44107 21.63407 -13.08609
v 6.44107 21.63407 -13.08609
v 6.44107 19.02995 -13.08609
v 6.26252 19.02995 -12.61887
v 6.26252 21.63407 -12.61887
v 6.26252 21.63407 -12.61887
v 6.26252 19.02995 -12.61887
v 6.10613 19.02995 -12.14377
v 6.10613 21.63407 -12.14377
v 6.10613 21.63407 -12.14377
v 6.10613 19.02995 -12.14377
v 5.97225 19.02995 -11.66184
v 5.97225 21.63407 -11.66184
v 5.97225 21.63407 -11.66184
v 5.97225 19.02995 -11.66184
v 5.86117 19.02995 -11.17416
v 5.86117 21.63407 -11.17416
v 5.86117 21.63407 -11.17416
v 5.86117 19.02995 -11.17416
v 5.77315 19.02995 -10.68178
v 5.77315 21.63407 -10.68178
v 5.77315 21.63407 -10.68178
v 5.77315 19.02995 -10.68178
usemtl ID27
f 284 285 286
f 287 286 285
f 288 289 290
f 289 288 291
f 286 287 296
f 297 296 287
f 290 298 299
f 298 290 289
f 302 303 304
f 303 305 304
f 305 306 304
f 304 306 307
f 308 307 306
f 309 310 311
f 310 309 312
f 312 309 313
f 312 313 314
f 312 314 315
f 320 321 284
f 285 284 321
f 322 291 288
f 291 322 323
f 325 326 327
f 328 329 330
f 330 329 331
f 331 329 332
f 326 325 333
f 333 325 334
f 325 335 334
f 334 335 336
f 336 335 337
f 335 332 337
f 332 329 337
f 338 337 329
f 339 340 341
f 340 339 342
f 340 342 343
f 340 343 344
f 344 343 345
f 345 343 346
f 345 346 347
f 347 346 348
f 342 339 349
f 349 339 350
f 350 339 351
f 352 348 346
f 296 297 363
f 364 363 297
f 299 365 366
f 365 299 298
f 367 368 369
f 369 368 370
f 370 368 371
f 371 368 372
f 372 368 373
f 373 368 374
f 374 368 375
f 375 368 376
f 376 368 377
f 377 368 378
f 378 368 379
f 379 368 380
f 380 368 381
f 381 368 382
f 382 368 383
f 383 368 384
f 384 368 385
f 385 368 386
f 387 386 368
f 388 389 390
f 389 388 391
f 391 388 392
f 392 388 393
f 393 388 394
f 394 388 395
f 395 388 396
f 396 388 397
f 397 388 398
f 398 388 399
f 399 388 400
f 400 388 401
f 401 388 402
f 402 388 403
f 403 388 404
f 404 388 405
f 405 388 406
f 406 388 407
f 407 388 408
f 320 426 321
f 427 321 426
f 428 322 429
f 322 428 323
f 430 304 431
f 307 431 304
f 312 432 310
f 432 312 433
f 435 436 437
f 438 437 436
f 439 440 441
f 440 439 442
f 445 436 446
f 435 446 436
f 439 447 442
f 447 439 448
f 364 445 363
f 446 363 445
f 448 365 447
f 365 448 366
f 449 450 451
f 452 451 450
f 453 454 455
f 454 453 456
f 458 459 460
f 459 461 460
f 461 462 460
f 462 463 460
f 463 464 460
f 464 465 460
f 465 466 460
f 466 467 460
f 467 468 460
f 468 469 460
f 469 470 460
f 471 460 470
f 472 473 474
f 473 472 475
f 473 475 476
f 473 476 477
f 473 477 478
f 473 478 479
f 473 479 480
f 473 480 481
f 473 481 482
f 473 482 483
f 473 483 484
f 473 484 485
f 497 498 460
f 458 460 498
f 499 473 485
f 473 499 500
f 502 503 497
f 498 497 503
f 504 500 499
f 500 504 505
f 438 503 437
f 502 437 503
f 504 440 505
f 440 504 441
f 452 450 507
f 508 507 450
f 453 509 510
f 509 453 455
f 511 430 512
f 431 512 430
f 433 513 432
f 513 433 514
f 515 511 516
f 512 516 511
f 514 517 513
f 517 514 518
f 519 515 520
f 516 520 515
f 518 521 517
f 521 518 522
f 523 519 524
f 520 524 519
f 522 525 521
f 525 522 526
f 527 523 528
f 524 528 523
f 526 529 525
f 529 526 530
f 528 531 527
f 530 532 529
f 533 534 531
f 535 531 534
f 536 532 537
f 532 536 538
f 539 540 533
f 534 533 540
f 541 538 536
f 538 541 542
f 543 544 539
f 540 539 544
f 545 542 541
f 542 545 546
f 547 548 543
f 544 543 548
f 549 546 545
f 546 549 550
f 551 552 547
f 548 547 552
f 553 550 549
f 550 553 554
f 555 556 551
f 552 551 556
f 557 554 553
f 554 557 558
f 559 560 555
f 556 555 560
f 561 558 557
f 558 561 562
f 563 564 559
f 560 559 564
f 565 562 561
f 562 565 566
f 508 564 507
f 563 507 564
f 565 509 566
f 509 565 510
f 527 531 535
f 537 532 530
o Seat_Seat_Block
v 15.25131 14.52995 -11.81250
v 12.25131 14.52995 -6.56250
v 12.25131 14.52995 -11.81250
v 15.25131 14.52995 -6.56250
v 15.25131 14.52995 -6.56250
v 15.25131 14.52995 -11.81250
v 12.25131 14.52995 -6.56250
v 12.25131 14.52995 -11.81250
v 12.25131 14.52995 -6.56250
v 15.25131 14.52995 -6.56250
v 12.25131 14.52995 -11.81250
v 15.25131 14.52995 -11.81250
v 15.25131 15.52995 -6.56250
v 12.25131 14.52995 -6.56250
v 15.25131 14.52995 -6.56250
v 12.25131 15.52995 -6.56250
v 12.25131 15.52995 -6.56250
v 15.25131 15.52995 -6.56250
v 12.25131 14.52995 -6.56250
v 15.25131 14.52995 -6.56250
v 12.25131 15.52995 -6.56250
v 15.25131 15.52995 -6.56250
v 12.25131 15.52995 -11.81250
v 12.25131 14.52995 -6.56250
v 12.25131 15.52995 -6.56250
v 12.25131 14.52995 -11.81250
v 12.25131 14.52995 -11.81250
v 12.25131 15.52995 -11.81250
v 12.25131 14.52995 -6.56250
v 12.25131 15.52995 -6.56250
v 12.25131 15.52995 -11.81250
v 12.25131 14.52995 -11.81250
v 15.25131 15.52995 -11.81250
v 15.25131 14.52995 -11.81250
v 12.25131 15.52995 -11.81250
v 12.25131 15.52995 -11.81250
v 12.25131 14.52995 -11.81250
v 15.25131 15.52995 -11.81250
v 15.25131 14.52995 -11.81250
v 15.25131 15.52995 -11.81250
v 15.25131 14.52995 -11.81250
v 15.25131 15.52995 -6.56250
v 15.25131 14.52995 -6.56250
v 15.25131 15.52995 -11.81250
v 15.25131 15.52995 -11.81250
v 15.25131 14.52995 -11.81250
v 15.25131 15.52995 -6.56250
v 15.25131 14.52995 -6.56250
v 15.25131 15.52995 -6.56250
v 12.25131 15.52995 -11.81250
v 12.25131 15.52995 -6.56250
v 15.25131 15.52995 -11.81250
v 15.25131 15.52995 -11.81250
v 15.25131 15.52995 -6.56250
v 12.25131 15.52995 -11.81250
v 12.25131 15.52995 -6.56250
usemtl ID27
f 567 568 569
f 568 567 570
f 571 572 573
f 574 573 572
f 579 580 581
f 580 579 582
f 583 584 585
f 586 585 584
f 589 590 591
f 590 589 592
f 593 594 595
f 596 595 594
f 598 599 600
f 599 598 601
f 602 603 604
f 605 604 603
f 607 608 609
f 608 607 610
f 611 612 613
f 614 613 612
f 615 616 617
f 616 615 618
f 619 620 621
f 622 621 620
o Seat_Seat_Handle
v 13.69858 19.02995 -9.36861
v 13.74381 14.52908 -9.34988
v 13.69858 14.52908 -9.36861
v 13.74381 19.02995 -9.34988
v 13.74381 19.02995 -9.34988
v 13.69858 19.02995 -9.36861
v 13.74381 14.52908 -9.34988
v 13.69858 14.52908 -9.36861
v 13.74381 19.02995 -9.34988
v 13.74381 14.52908 -9.34988
v 13.69858 14.52908 -9.36861
v 13.69858 19.02995 -9.36861
v 13.78264 14.52908 -9.32008
v 13.78264 19.02995 -9.32008
v 13.78264 19.02995 -9.32008
v 13.78264 14.52908 -9.32008
v 13.78264 19.02995 -9.32008
v 13.78264 14.52908 -9.32008
v 13.46894 14.52908 -9.13897
v 13.46894 14.52908 -9.23603
v 13.46256 14.52908 -9.18750
v 13.48768 14.52908 -9.28125
v 13.48768 14.52908 -9.09375
v 13.51747 14.52908 -9.05492
v 13.51747 14.52908 -9.32008
v 13.55631 14.52908 -9.34988
v 13.55631 14.52908 -9.02512
v 13.60153 14.52908 -9.00639
v 13.60153 14.52908 -9.36861
v 13.65006 14.52908 -9.00000
v 13.65006 14.52908 -9.37500
v 13.69858 14.52908 -9.36861
v 13.69858 14.52908 -9.00639
v 13.74381 14.52908 -9.34988
v 13.74381 14.52908 -9.02512
v 13.78264 14.52908 -9.05492
v 13.78264 14.52908 -9.32008
v 13.81244 14.52908 -9.09375
v 13.81244 14.52908 -9.28125
v 13.83117 14.52908 -9.13897
v 13.83117 14.52908 -9.23603
v 13.83756 14.52908 -9.18750
v 13.83756 14.52908 -9.18750
v 13.83117 14.52908 -9.13897
v 13.83117 14.52908 -9.23603
v 13.81244 14.52908 -9.28125
v 13.81244 14.52908 -9.09375
v 13.78264 14.52908 -9.32008
v 13.78264 14.52908 -9.05492
v 13.74381 14.52908 -9.34988
v 13.74381 14.52908 -9.02512
v 13.69858 14.52908 -9.00639
v 13.69858 14.52908 -9.36861
v 13.65006 14.52908 -9.00000
v 13.65006 14.52908 -9.37500
v 13.60153 14.52908 -9.36861
v 13.60153 14.52908 -9.00639
v 13.55631 14.52908 -9.34988
v 13.55631 14.52908 -9.02512
v 13.51747 14.52908 -9.05492
v 13.51747 14.52908 -9.32008
v 13.48768 14.52908 -9.28125
v 13.48768 14.52908 -9.09375
v 13.46894 14.52908 -9.13897
v 13.46894 14.52908 -9.23603
v 13.46256 14.52908 -9.18750
v 13.83117 14.52908 -9.13897
v 13.83756 14.52908 -9.18750
v 13.83117 14.52908 -9.23603
v 13.81244 14.52908 -9.28125
v 13.65006 14.52908 -9.37500
v 13.60153 14.52908 -9.36861
v 13.55631 14.52908 -9.34988
v 13.51747 14.52908 -9.32008
v 13.48768 14.52908 -9.28125
v 13.46894 14.52908 -9.23603
v 13.46256 14.52908 -9.18750
v 13.46894 14.52908 -9.13897
v 13.48768 14.52908 -9.09375
v 13.51747 14.52908 -9.05492
v 13.55631 14.52908 -9.02512
v 13.60153 14.52908 -9.00639
v 13.65006 14.52908 -9.00000
v 13.69858 14.52908 -9.00639
v 13.74381 14.52908 -9.02512
v 13.78264 14.52908 -9.05492
v 13.81244 14.52908 -9.09375
v 13.65006 19.02995 -9.37500
v 13.65006 14.52908 -9.37500
v 13.65006 19.02995 -9.37500
v 13.65006 14.52908 -9.37500
v 13.65006 19.02995 -9.37500
v 13.46894 19.02995 -9.23603
v 13.46894 19.02995 -9.13897
v 13.46256 19.02995 -9.18750
v 13.48768 19.02995 -9.28125
v 13.48768 19.02995 -9.09375
v 13.51747 19.02995 -9.32008
v 13.51747 19.02995 -9.05492
v 13.55631 19.02995 -9.34988
v 13.55631 19.02995 -9.02512
v 13.60153 19.02995 -9.36861
v 13.60153 19.02995 -9.00639
v 13.65006 19.02995 -9.37500
v 13.65006 19.02995 -9.00000
v 13.69858 19.02995 -9.36861
v 13.69858 19.02995 -9.00639
v 13.74381 19.02995 -9.34988
v 13.74381 19.02995 -9.02512
v 13.78264 19.02995 -9.32008
v 13.78264 19.02995 -9.05492
v 13.81244 19.02995 -9.28125
v 13.81244 19.02995 -9.09375
v 13.83117 19.02995 -9.23603
v 13.83117 19.02995 -9.13897
v 13.83756 19.02995 -9.18750
v 13.83756 19.02995 -9.18750
v 13.83117 19.02995 -9.23603
v 13.83117 19.02995 -9.13897
v 13.81244 19.02995 -9.09375
v 13.81244 19.02995 -9.28125
v 13.78264 19.02995 -9.05492
v 13.78264 19.02995 -9.32008
v 13.74381 19.02995 -9.02512
v 13.74381 19.02995 -9.34988
v 13.69858 19.02995 -9.00639
v 13.69858 19.02995 -9.36861
v 13.65006 19.02995 -9.00000
v 13.65006 19.02995 -9.37500
v 13.60153 19.02995 -9.00639
v 13.60153 19.02995 -9.36861
v 13.55631 19.02995 -9.02512
v 13.55631 19.02995 -9.34988
v 13.51747 19.02995 -9.05492
v 13.51747 19.02995 -9.32008
v 13.48768 19.02995 -9.09375
v 13.48768 19.02995 -9.28125
v 13.46894 19.02995 -9.13897
v 13.46894 19.02995 -9.23603
v 13.46256 19.02995 -9.18750
v 13.46256 19.02995 -9.18750
v 13.46894 19.02995 -9.13897
v 13.46894 19.02995 -9.23603
v 13.48768 19.02995 -9.28125
v 13.51747 19.02995 -9.32008
v 13.55631 19.02995 -9.34988
v 13.60153 19.02995 -9.36861
v 13.81244 19.02995 -9.28125
v 13.83117 19.02995 -9.23603
v 13.83756 19.02995 -9.18750
v 13.83117 19.02995 -9.13897
v 13.81244 19.02995 -9.09375
v 13.78264 19.02995 -9.05492
v 13.74381 19.02995 -9.02512
v 13.69858 19.02995 -9.00639
v 13.65006 19.02995 -9.00000
v 13.60153 19.02995 -9.00639
v 13.55631 19.02995 -9.02512
v 13.51747 19.02995 -9.05492
v 13.48768 19.02995 -9.09375
v 13.81244 14.52908 -9.28125
v 13.81244 19.02995 -9.28125
v 13.81244 14.52908 -9.28125
v 13.81244 19.02995 -9.28125
v 13.83117 14.52908 -9.13897
v 13.83756 19.02995 -9.18750
v 13.83117 19.02995 -9.13897
v 13.83756 14.52908 -9.18750
v 13.83756 14.52908 -9.18750
v 13.83117 14.52908 -9.13897
v 13.83756 19.02995 -9.18750
v 13.83117 19.02995 -9.13897
v 13.83117 19.02995 -9.23603
v 13.83117 14.52908 -9.23603
v 13.83117 14.52908 -9.23603
v 13.83117 19.02995 -9.23603
v 13.60153 19.02995 -9.36861
v 13.60153 14.52908 -9.36861
v 13.60153 19.02995 -9.36861
v 13.60153 14.52908 -9.36861
v 13.55631 19.02995 -9.34988
v 13.55631 14.52908 -9.34988
v 13.55631 19.02995 -9.34988
v 13.55631 14.52908 -9.34988
v 13.51747 14.52908 -9.32008
v 13.51747 19.02995 -9.32008
v 13.51747 19.02995 -9.32008
v 13.51747 14.52908 -9.32008
v 13.48768 14.52908 -9.28125
v 13.48768 19.02995 -9.28125
v 13.48768 14.52908 -9.28125
v 13.48768 19.02995 -9.28125
v 13.46894 14.52908 -9.23603
v 13.46894 19.02995 -9.23603
v 13.46894 14.52908 -9.23603
v 13.46894 19.02995 -9.23603
v 13.46256 14.52908 -9.18750
v 13.46256 19.02995 -9.18750
v 13.46256 14.52908 -9.18750
v 13.46256 19.02995 -9.18750
v 13.46894 14.52908 -9.13897
v 13.46894 19.02995 -9.13897
v 13.46894 14.52908 -9.13897
v 13.46894 19.02995 -9.13897
v 13.48768 14.52908 -9.09375
v 13.48768 19.02995 -9.09375
v 13.48768 14.52908 -9.09375
v 13.48768 19.02995 -9.09375
v 13.51747 14.52908 -9.05492
v 13.51747 19.02995 -9.05492
v 13.51747 14.52908 -9.05492
v 13.51747 19.02995 -9.05492
v 13.55631 19.02995 -9.02512
v 13.55631 14.52908 -9.02512
v 13.55631 19.02995 -9.02512
v 13.55631 14.52908 -9.02512
v 13.60153 19.02995 -9.00639
v 13.60153 14.52908 -9.00639
v 13.60153 19.02995 -9.00639
v 13.60153 14.52908 -9.00639
v 13.65006 19.02995 -9.00000
v 13.65006 14.52908 -9.00000
v 13.65006 19.02995 -9.00000
v 13.65006 14.52908 -9.00000
v 13.69858 19.02995 -9.00639
v 13.69858 14.52908 -9.00639
v 13.69858 19.02995 -9.00639
v 13.69858 14.52908 -9.00639
v 13.74381 14.52908 -9.02512
v 13.74381 19.02995 -9.02512
v 13.74381 19.02995 -9.02512
v 13.74381 14.52908 -9.02512
v 13.78264 19.02995 -9.05492
v 13.78264 14.52908 -9.05492
v 13.78264 19.02995 -9.05492
v 13.78264 14.52908 -9.05492
v 13.81244 14.52908 -9.09375
v 13.81244 19.02995 -9.09375
v 13.81244 19.02995 -9.09375
v 13.81244 14.52908 -9.09375
usemtl ID61
f 623 624 625
f 624 623 626
f 627 628 629
f 630 629 628
f 626 635 624
f 635 626 636
f 637 627 638
f 629 638 627
f 641 642 643
f 642 641 644
f 644 641 645
f 644 645 646
f 644 646 647
f 647 646 648
f 648 646 649
f 648 649 650
f 648 650 651
f 651 650 652
f 651 652 653
f 653 652 654
f 654 652 655
f 654 655 656
f 656 655 657
f 656 657 658
f 656 658 659
f 659 658 660
f 659 660 661
f 661 660 662
f 661 662 663
f 663 662 664
f 665 666 667
f 667 666 668
f 666 669 668
f 668 669 670
f 669 671 670
f 670 671 672
f 671 673 672
f 673 674 672
f 672 674 675
f 674 676 675
f 675 676 677
f 677 676 678
f 676 679 678
f 678 679 680
f 679 681 680
f 681 682 680
f 680 682 683
f 683 682 684
f 682 685 684
f 685 686 684
f 684 686 687
f 688 687 686
f 710 625 711
f 625 710 623
f 628 712 630
f 713 630 712
f 715 716 717
f 716 715 718
f 716 718 719
f 719 718 720
f 719 720 721
f 721 720 722
f 721 722 723
f 723 722 724
f 723 724 725
f 725 724 726
f 725 726 727
f 727 726 728
f 727 728 729
f 729 728 730
f 729 730 731
f 731 730 732
f 731 732 733
f 733 732 734
f 733 734 735
f 735 734 736
f 735 736 737
f 737 736 738
f 739 740 741
f 741 740 742
f 740 743 742
f 742 743 744
f 743 745 744
f 744 745 746
f 745 747 746
f 746 747 748
f 747 749 748
f 748 749 750
f 749 751 750
f 750 751 752
f 751 753 752
f 752 753 754
f 753 755 754
f 754 755 756
f 755 757 756
f 756 757 758
f 757 759 758
f 758 759 760
f 759 761 760
f 762 760 761
f 783 636 784
f 636 783 635
f 638 785 637
f 786 637 785
f 787 788 789
f 788 787 790
f 791 792 793
f 794 793 792
f 790 795 788
f 795 790 796
f 797 791 798
f 793 798 791
f 796 784 795
f 784 796 783
f 785 797 786
f 798 786 797
f 799 711 800
f 711 799 710
f 712 801 713
f 802 713 801
f 803 800 804
f 800 803 799
f 801 805 802
f 806 802 805
f 807 803 804
f 803 807 808
f 809 810 805
f 806 805 810
f 808 811 812
f 811 808 807
f 810 809 813
f 814 813 809
f 812 815 816
f 815 812 811
f 813 814 817
f 818 817 814
f 816 819 820
f 819 816 815
f 817 818 821
f 822 821 818
f 820 823 824
f 823 820 819
f 821 822 825
f 826 825 822
f 824 827 828
f 827 824 823
f 825 826 829
f 830 829 826
f 828 831 832
f 831 828 827
f 829 830 833
f 834 833 830
f 835 831 836
f 831 835 832
f 834 837 833
f 838 833 837
f 839 836 840
f 836 839 835
f 837 841 838
f 842 838 841
f 843 840 844
f 840 843 839
f 841 845 842
f 846 842 845
f 847 844 848
f 844 847 843
f 845 849 846
f 850 846 849
f 851 847 848
f 847 851 852
f 853 854 849
f 850 849 854
f 855 851 856
f 851 855 852
f 853 857 854
f 858 854 857
f 859 855 856
f 855 859 860
f 861 862 857
f 858 857 862
f 787 860 859
f 860 787 789
f 794 792 861
f 862 861 792
o Rachet_Dove
v 33.78315 20.02901 -8.25000
v 33.94488 20.45905 -10.12500
v 33.94488 20.45905 -8.25000
v 33.78315 20.02901 -10.12500
v 33.78315 20.02901 -10.12500
v 33.78315 20.02901 -8.25000
v 33.94488 20.45905 -10.12500
v 33.94488 20.45905 -8.25000
v 33.78315 20.02901 -8.25000
v 33.94488 20.45905 -8.25000
v 33.78315 20.02901 -10.12500
v 33.94488 20.45905 -10.12500
v 35.25583 21.69232 -8.25000
v 31.53675 21.59951 -8.25000
v 34.86270 21.46511 -8.25000
v 32.44728 21.65481 -8.25000
v 33.16847 21.84271 -8.25000
v 34.86270 21.91929 -8.25000
v 33.81685 22.09452 -8.25000
v 34.67889 22.05512 -8.25000
v 34.29006 22.17189 -8.25000
v 32.76578 18.35266 -8.25000
v 31.90494 18.35266 -8.25000
v 32.33536 18.25081 -8.25000
v 33.10491 18.63661 -8.25000
v 31.56581 18.63661 -8.25000
v 33.32294 18.95919 -8.25000
v 31.06225 19.38915 -8.25000
v 33.50970 19.30082 -8.25000
v 33.66356 19.65848 -8.25000
v 30.53148 19.93479 -8.25000
v 33.78315 20.02901 -8.25000
v 29.61408 20.67097 -8.25000
v 33.94488 20.45905 -8.25000
v 34.18489 20.85082 -8.25000
v 28.61332 21.28908 -8.25000
v 34.49454 21.19025 -8.25000
v 27.54429 21.77977 -8.25000
v 30.69288 21.67995 -8.25000
v 29.78680 21.90956 -8.25000
v 27.42412 21.87485 -8.25000
v 27.37876 22.02122 -8.25000
v 29.36886 22.06287 -8.25000
v 27.42412 22.16759 -8.25000
v 28.93764 22.17350 -8.25000
v 27.50482 22.23144 -8.25000
v 28.49751 22.24032 -8.25000
v 27.79859 22.26267 -8.25000
v 28.05289 22.26267 -8.25000
v 28.05289 22.26267 -8.25000
v 28.49751 22.24032 -8.25000
v 27.79859 22.26267 -8.25000
v 27.50482 22.23144 -8.25000
v 28.93764 22.17350 -8.25000
v 27.42412 22.16759 -8.25000
v 29.36886 22.06287 -8.25000
v 27.37876 22.02122 -8.25000
v 29.78680 21.90956 -8.25000
v 27.42412 21.87485 -8.25000
v 27.54429 21.77977 -8.25000
v 30.69288 21.67995 -8.25000
v 31.53675 21.59951 -8.25000
v 28.61332 21.28908 -8.25000
v 34.86270 21.46511 -8.25000
v 34.49454 21.19025 -8.25000
v 34.18489 20.85082 -8.25000
v 29.61408 20.67097 -8.25000
v 33.94488 20.45905 -8.25000
v 33.78315 20.02901 -8.25000
v 30.53148 19.93479 -8.25000
v 33.66356 19.65848 -8.25000
v 31.06225 19.38915 -8.25000
v 33.50970 19.30082 -8.25000
v 33.32294 18.95919 -8.25000
v 31.56581 18.63661 -8.25000
v 33.10491 18.63661 -8.25000
v 31.90494 18.35266 -8.25000
v 32.76578 18.35266 -8.25000
v 32.33536 18.25081 -8.25000
v 34.29006 22.17189 -8.25000
v 34.67889 22.05512 -8.25000
v 33.81685 22.09452 -8.25000
v 34.86270 21.91929 -8.25000
v 33.16847 21.84271 -8.25000
v 35.25583 21.69232 -8.25000
v 32.44728 21.65481 -8.25000
v 34.18489 20.85082 -8.25000
v 34.49454 21.19025 -8.25000
v 34.86270 21.46511 -8.25000
v 35.25583 21.69232 -8.25000
v 34.86270 21.91929 -8.25000
v 34.67889 22.05512 -8.25000
v 34.29006 22.17189 -8.25000
v 33.81685 22.09452 -8.25000
v 33.16847 21.84271 -8.25000
v 32.44728 21.65481 -8.25000
v 31.53675 21.59951 -8.25000
v 30.69288 21.67995 -8.25000
v 29.78680 21.90956 -8.25000
v 29.36886 22.06287 -8.25000
v 28.93764 22.17350 -8.25000
v 28.49751 22.24032 -8.25000
v 28.05289 22.26267 -8.25000
v 27.79859 22.26267 -8.25000
v 27.50482 22.23144 -8.25000
v 27.42412 22.16759 -8.25000
v 27.37876 22.02122 -8.25000
v 27.42412 21.87485 -8.25000
v 27.54429 21.77977 -8.25000
v 28.61332 21.28908 -8.25000
v 29.61408 20.67097 -8.25000
v 30.53148 19.93479 -8.25000
v 31.06225 19.38915 -8.25000
v 31.56581 18.63661 -8.25000
v 31.90494 18.35266 -8.25000
v 32.33536 18.25081 -8.25000
v 32.76578 18.35266 -8.25000
v 33.10491 18.63661 -8.25000
v 33.32294 18.95919 -8.25000
v 33.50970 19.30082 -8.25000
v 33.66356 19.65848 -8.25000
v 33.66356 19.65848 -8.25000
v 33.66356 19.65848 -10.12500
v 33.66356 19.65848 -10.12500
v 33.66356 19.65848 -8.25000
v 33.66356 19.65848 -10.12500
v 31.90494 18.35266 -10.12500
v 32.76578 18.35266 -10.12500
v 32.33536 18.25081 -10.12500
v 31.56581 18.63661 -10.12500
v 33.10491 18.63661 -10.12500
v 31.06225 19.38915 -10.12500
v 33.32294 18.95919 -10.12500
v 33.50970 19.30082 -10.12500
v 33.66356 19.65848 -10.12500
v 30.53148 19.93479 -10.12500
v 33.78315 20.02901 -10.12500
v 29.61408 20.67097 -10.12500
v 33.94488 20.45905 -10.12500
v 34.18489 20.85082 -10.12500
v 28.61332 21.28908 -10.12500
v 34.49454 21.19025 -10.12500
v 34.86270 21.46511 -10.12500
v 31.53675 21.59951 -10.12500
v 27.54429 21.77977 -10.12500
v 30.69288 21.67995 -10.12500
v 29.78680 21.90956 -10.12500
v 27.42412 21.87485 -10.12500
v 27.37876 22.02122 -10.12500
v 29.36886 22.06287 -10.12500
v 27.42412 22.16759 -10.12500
v 28.93764 22.17350 -10.12500
v 27.50482 22.23144 -10.12500
v 28.49751 22.24032 -10.12500
v 27.79859 22.26267 -10.12500
v 28.05289 22.26267 -10.12500
v 35.25583 21.69232 -10.12500
v 32.44728 21.65481 -10.12500
v 33.16847 21.84271 -10.12500
v 34.86270 21.91929 -10.12500
v 33.81685 22.09452 -10.12500
v 34.67889 22.05512 -10.12500
v 34.29006 22.17189 -10.12500
v 34.29006 22.17189 -10.12500
v 33.81685 22.09452 -10.12500
v 34.67889 22.05512 -10.12500
v 34.86270 21.91929 -10.12500
v 33.16847 21.84271 -10.12500
v 35.25583 21.69232 -10.12500
v 32.44728 21.65481 -10.12500
v 31.53675 21.59951 -10.12500
v 34.86270 21.46511 -10.12500
v 28.05289 22.26267 -10.12500
v 27.79859 22.26267 -10.12500
v 28.49751 22.24032 -10.12500
v 27.50482 22.23144 -10.12500
v 28.93764 22.17350 -10.12500
v 27.42412 22.16759 -10.12500
v 29.36886 22.06287 -10.12500
v 27.37876 22.02122 -10.12500
v 29.78680 21.90956 -10.12500
v 27.42412 21.87485 -10.12500
v 27.54429 21.77977 -10.12500
v 30.69288 21.67995 -10.12500
v 28.61332 21.28908 -10.12500
v 34.49454 21.19025 -10.12500
v 34.18489 20.85082 -10.12500
v 29.61408 20.67097 -10.12500
v 33.94488 20.45905 -10.12500
v 33.78315 20.02901 -10.12500
v 30.53148 19.93479 -10.12500
v 33.66356 19.65848 -10.12500
v 31.06225 19.38915 -10.12500
v 33.50970 19.30082 -10.12500
v 33.32294 18.95919 -10.12500
v 33.10491 18.63661 -10.12500
v 31.56581 18.63661 -10.12500
v 32.76578 18.35266 -10.12500
v 31.90494 18.35266 -10.12500
v 32.33536 18.25081 -10.12500
v 34.86270 21.46511 -10.12500
v 35.25583 21.69232 -10.12500
v 34.49454 21.19025 -10.12500
v 34.18489 20.85082 -10.12500
v 33.50970 19.30082 -10.12500
v 33.32294 18.95919 -10.12500
v 33.10491 18.63661 -10.12500
v 32.76578 18.35266 -10.12500
v 32.33536 18.25081 -10.12500
v 31.90494 18.35266 -10.12500
v 31.56581 18.63661 -10.12500
v 31.06225 19.38915 -10.12500
v 30.53148 19.93479 -10.12500
v 29.61408 20.67097 -10.12500
v 28.61332 21.28908 -10.12500
v 27.54429 21.77977 -10.12500
v 27.42412 21.87485 -10.12500
v 27.37876 22.02122 -10.12500
v 27.42412 22.16759 -10.12500
v 27.50482 22.23144 -10.12500
v 27.79859 22.26267 -10.12500
v 28.05289 22.26267 -10.12500
v 28.49751 22.24032 -10.12500
v 28.93764 22.17350 -10.12500
v 29.36886 22.06287 -10.12500
v 29.78680 21.90956 -10.12500
v 30.69288 21.67995 -10.12500
v 31.53675 21.59951 -10.12500
v 32.44728 21.65481 -10.12500
v 33.16847 21.84271 -10.12500
v 33.81685 22.09452 -10.12500
v 34.29006 22.17189 -10.12500
v 34.67889 22.05512 -10.12500
v 34.86270 21.91929 -10.12500
v 34.18489 20.85082 -10.12500
v 34.18489 20.85082 -8.25000
v 34.18489 20.85082 -10.12500
v 34.18489 20.85082 -8.25000
v 34.49454 21.19025 -8.25000
v 34.49454 21.19025 -10.12500
v 34.49454 21.19025 -10.12500
v 34.49454 21.19025 -8.25000
v 34.86270 21.46511 -8.25000
v 34.86270 21.46511 -10.12500
v 34.86270 21.46511 -10.12500
v 34.86270 21.46511 -8.25000
v 35.25583 21.69232 -8.25000
v 35.25583 21.69232 -10.12500
v 35.25583 21.69232 -10.12500
v 35.25583 21.69232 -8.25000
v 35.25583 21.69232 -8.25000
v 34.86270 21.91929 -10.12500
v 34.86270 21.91929 -8.25000
v 35.25583 21.69232 -10.12500
v 35.25583 21.69232 -10.12500
v 35.25583 21.69232 -8.25000
v 34.86270 21.91929 -10.12500
v 34.86270 21.91929 -8.25000
v 34.67889 22.05512 -10.12500
v 34.67889 22.05512 -8.25000
v 34.67889 22.05512 -10.12500
v 34.67889 22.05512 -8.25000
v 34.29006 22.17189 -8.25000
v 34.29006 22.17189 -10.12500
v 34.29006 22.17189 -8.25000
v 34.29006 22.17189 -10.12500
v 33.81685 22.09452 -8.25000
v 33.81685 22.09452 -10.12500
v 33.81685 22.09452 -8.25000
v 33.81685 22.09452 -10.12500
v 33.16847 21.84271 -8.25000
v 33.16847 21.84271 -10.12500
v 33.16847 21.84271 -8.25000
v 33.16847 21.84271 -10.12500
v 32.44728 21.65481 -10.12500
v 32.44728 21.65481 -8.25000
v 32.44728 21.65481 -10.12500
v 32.44728 21.65481 -8.25000
v 31.53675 21.59951 -8.25000
v 31.53675 21.59951 -10.12500
v 31.53675 21.59951 -8.25000
v 31.53675 21.59951 -10.12500
v 30.69288 21.67995 -10.12500
v 30.69288 21.67995 -8.25000
v 30.69288 21.67995 -10.12500
v 30.69288 21.67995 -8.25000
v 29.78680 21.90956 -10.12500
v 29.78680 21.90956 -8.25000
v 29.78680 21.90956 -10.12500
v 29.78680 21.90956 -8.25000
v 29.36886 22.06287 -10.12500
v 29.36886 22.06287 -8.25000
v 29.36886 22.06287 -10.12500
v 29.36886 22.06287 -8.25000
v 28.93764 22.17350 -10.12500
v 28.93764 22.17350 -8.25000
v 28.93764 22.17350 -10.12500
v 28.93764 22.17350 -8.25000
v 28.49751 22.24032 -10.12500
v 28.49751 22.24032 -8.25000
v 28.49751 22.24032 -10.12500
v 28.49751 22.24032 -8.25000
v 28.05289 22.26267 -10.12500
v 28.05289 22.26267 -8.25000
v 28.05289 22.26267 -10.12500
v 28.05289 22.26267 -8.25000
v 27.79859 22.26267 -10.12500
v 27.79859 22.26267 -8.25000
v 27.79859 22.26267 -10.12500
v 27.79859 22.26267 -8.25000
v 27.50482 22.23144 -10.12500
v 27.50482 22.23144 -8.25000
v 27.50482 22.23144 -10.12500
v 27.50482 22.23144 -8.25000
v 27.42412 22.16759 -10.12500
v 27.42412 22.16759 -8.25000
v 27.42412 22.16759 -10.12500
v 27.42412 22.16759 -8.25000
v 27.37876 22.02122 -8.25000
v 27.37876 22.02122 -10.12500
v 27.37876 22.02122 -10.12500
v 27.37876 22.02122 -8.25000
v 27.42412 21.87485 -8.25000
v 27.42412 21.87485 -10.12500
v 27.42412 21.87485 -10.12500
v 27.42412 21.87485 -8.25000
v 27.54429 21.77977 -8.25000
v 27.54429 21.77977 -10.12500
v 27.54429 21.77977 -10.12500
v 27.54429 21.77977 -8.25000
v 28.61332 21.28908 -8.25000
v 28.61332 21.28908 -10.12500
v 28.61332 21.28908 -10.12500
v 28.61332 21.28908 -8.25000
v 29.61408 20.67097 -8.25000
v 29.61408 20.67097 -10.12500
v 29.61408 20.67097 -10.12500
v 29.61408 20.67097 -8.25000
v 30.53148 19.93479 -8.25000
v 30.53148 19.93479 -10.12500
v 30.53148 19.93479 -10.12500
v 30.53148 19.93479 -8.25000
v 31.06225 19.38915 -10.12500
v 31.06225 19.38915 -8.25000
v 31.06225 19.38915 -10.12500
v 31.06225 19.38915 -8.25000
v 31.56581 18.63661 -8.25000
v 31.56581 18.63661 -10.12500
v 31.56581 18.63661 -10.12500
v 31.56581 18.63661 -8.25000
v 31.90494 18.35266 -8.25000
v 31.90494 18.35266 -10.12500
v 31.90494 18.35266 -10.12500
v 31.90494 18.35266 -8.25000
v 32.33536 18.25081 -8.25000
v 32.33536 18.25081 -10.12500
v 32.33536 18.25081 -10.12500
v 32.33536 18.25081 -8.25000
v 32.76578 18.35266 -8.25000
v 32.76578 18.35266 -10.12500
v 32.76578 18.35266 -10.12500
v 32.76578 18.35266 -8.25000
v 33.10491 18.63661 -8.25000
v 33.10491 18.63661 -10.12500
v 33.10491 18.63661 -10.12500
v 33.10491 18.63661 -8.25000
v 33.32294 18.95919 -8.25000
v 33.32294 18.95919 -10.12500
v 33.32294 18.95919 -10.12500
v 33.32294 18.95919 -8.25000
v 33.50970 19.30082 -8.25000
v 33.50970 19.30082 -10.12500
v 33.50970 19.30082 -10.12500
v 33.50970 19.30082 -8.25000
usemtl ID83
f 863 864 865
f 864 863 866
f 867 868 869
f 870 869 868
f 875 876 877
f 876 875 878
f 878 875 879
f 879 875 880
f 879 880 881
f 881 880 882
f 881 882 883
f 884 885 886
f 885 884 887
f 885 887 888
f 888 887 889
f 888 889 890
f 890 889 891
f 890 891 892
f 890 892 893
f 893 892 894
f 893 894 895
f 895 894 896
f 895 896 897
f 895 897 898
f 898 897 899
f 898 899 877
f 898 877 876
f 898 876 900
f 900 876 901
f 900 901 902
f 900 902 903
f 903 902 904
f 904 902 905
f 904 905 906
f 906 905 907
f 906 907 908
f 908 907 909
f 908 909 910
f 910 909 911
f 912 913 914
f 914 913 915
f 913 916 915
f 915 916 917
f 916 918 917
f 917 918 919
f 918 920 919
f 919 920 921
f 921 920 922
f 920 923 922
f 923 924 922
f 922 924 925
f 924 926 925
f 926 927 925
f 927 928 925
f 925 928 929
f 928 930 929
f 930 931 929
f 929 931 932
f 931 933 932
f 932 933 934
f 933 935 934
f 935 936 934
f 934 936 937
f 936 938 937
f 937 938 939
f 938 940 939
f 941 939 940
f 942 943 944
f 943 945 944
f 944 945 946
f 945 947 946
f 946 947 948
f 948 947 924
f 926 924 947
f 984 866 863
f 866 984 985
f 986 987 867
f 868 867 987
f 989 990 991
f 990 989 992
f 990 992 993
f 993 992 994
f 993 994 995
f 995 994 996
f 996 994 997
f 997 994 998
f 997 998 999
f 999 998 1000
f 999 1000 1001
f 1001 1000 1002
f 1002 1000 1003
f 1002 1003 1004
f 1004 1003 1005
f 1005 1003 1006
f 1006 1003 1007
f 1006 1007 1008
f 1008 1007 1009
f 1009 1007 1010
f 1009 1010 1011
f 1009 1011 1012
f 1012 1011 1013
f 1012 1013 1014
f 1014 1013 1015
f 1014 1015 1016
f 1016 1015 1017
f 1016 1017 1018
f 1006 1019 1005
f 1019 1006 1020
f 1019 1020 1021
f 1019 1021 1022
f 1022 1021 1023
f 1022 1023 1024
f 1024 1023 1025
f 1026 1027 1028
f 1028 1027 1029
f 1027 1030 1029
f 1029 1030 1031
f 1030 1032 1031
f 1032 1033 1031
f 1034 1031 1033
f 1035 1036 1037
f 1036 1038 1037
f 1037 1038 1039
f 1038 1040 1039
f 1039 1040 1041
f 1040 1042 1041
f 1041 1042 1043
f 1042 1044 1043
f 1044 1045 1043
f 1043 1045 1046
f 1046 1045 1033
f 1045 1047 1033
f 1033 1047 1034
f 1034 1047 1048
f 1048 1047 1049
f 1047 1050 1049
f 1049 1050 1051
f 1051 1050 1052
f 1050 1053 1052
f 1052 1053 1054
f 1053 1055 1054
f 1054 1055 1056
f 1056 1055 1057
f 1057 1055 1058
f 1055 1059 1058
f 1058 1059 1060
f 1059 1061 1060
f 1062 1060 1061
f 865 1097 1098
f 1097 865 864
f 869 870 1099
f 1100 1099 870
f 1097 1101 1098
f 1101 1097 1102
f 1103 1099 1104
f 1100 1104 1099
f 1102 1105 1101
f 1105 1102 1106
f 1107 1103 1108
f 1104 1108 1103
f 1106 1109 1105
f 1109 1106 1110
f 1111 1107 1112
f 1108 1112 1107
f 1113 1114 1115
f 1114 1113 1116
f 1117 1118 1119
f 1120 1119 1118
f 1115 1121 1122
f 1121 1115 1114
f 1119 1120 1123
f 1124 1123 1120
f 1125 1121 1126
f 1121 1125 1122
f 1124 1127 1123
f 1128 1123 1127
f 1129 1126 1130
f 1126 1129 1125
f 1127 1131 1128
f 1132 1128 1131
f 1133 1130 1134
f 1130 1133 1129
f 1131 1135 1132
f 1136 1132 1135
f 1133 1137 1138
f 1137 1133 1134
f 1136 1135 1139
f 1140 1139 1135
f 1141 1137 1142
f 1137 1141 1138
f 1140 1143 1139
f 1144 1139 1143
f 1141 1145 1146
f 1145 1141 1142
f 1144 1143 1147
f 1148 1147 1143
f 1146 1149 1150
f 1149 1146 1145
f 1147 1148 1151
f 1152 1151 1148
f 1150 1153 1154
f 1153 1150 1149
f 1151 1152 1155
f 1156 1155 1152
f 1154 1157 1158
f 1157 1154 1153
f 1155 1156 1159
f 1160 1159 1156
f 1158 1161 1162
f 1161 1158 1157
f 1159 1160 1163
f 1164 1163 1160
f 1162 1165 1166
f 1165 1162 1161
f 1163 1164 1167
f 1168 1167 1164
f 1166 1169 1170
f 1169 1166 1165
f 1167 1168 1171
f 1172 1171 1168
f 1170 1173 1174
f 1173 1170 1169
f 1171 1172 1175
f 1176 1175 1172
f 1174 1177 1178
f 1177 1174 1173
f 1175 1176 1179
f 1180 1179 1176
f 1177 1181 1178
f 1181 1177 1182
f 1183 1179 1184
f 1180 1184 1179
f 1182 1185 1181
f 1185 1182 1186
f 1187 1183 1188
f 1184 1188 1183
f 1186 1189 1185
f 1189 1186 1190
f 1191 1187 1192
f 1188 1192 1187
f 1190 1193 1189
f 1193 1190 1194
f 1195 1191 1196
f 1192 1196 1191
f 1194 1197 1193
f 1197 1194 1198
f 1199 1195 1200
f 1196 1200 1195
f 1198 1201 1197
f 1201 1198 1202
f 1203 1199 1204
f 1200 1204 1199
f 1201 1205 1206
f 1205 1201 1202
f 1203 1204 1207
f 1208 1207 1204
f 1205 1209 1206
f 1209 1205 1210
f 1211 1207 1212
f 1208 1212 1207
f 1210 1213 1209
f 1213 1210 1214
f 1215 1211 1216
f 1212 1216 1211
f 1214 1217 1213
f 1217 1214 1218
f 1219 1215 1220
f 1216 1220 1215
f 1218 1221 1217
f 1221 1218 1222
f 1223 1219 1224
f 1220 1224 1219
f 1222 1225 1221
f 1225 1222 1226
f 1227 1223 1228
f 1224 1228 1223
f 1226 1229 1225
f 1229 1226 1230
f 1231 1227 1232
f 1228 1232 1227
f 1230 1233 1229
f 1233 1230 1234
f 1235 1231 1236
f 1232 1236 1231
f 1234 984 1233
f 984 1234 985
f 986 1235 987
f 1236 987 1235
o Jaw_Lower_Assy_Jaw_Lower
v 32.63357 29.78190 -8.44136
v 32.07539 28.12331 -6.56250
v 32.63357 29.78190 -6.56250
v 32.47409 29.30802 -9.19697
v 32.07539 28.12331 -11.81250
v 32.63357 29.78190 -9.94136
v 32.63357 29.78190 -11.81250
v 32.63357 29.78190 -11.81250
v 32.63357 29.78190 -9.94136
v 32.07539 28.12331 -11.81250
v 32.47409 29.30802 -9.19697
v 32.07539 28.12331 -6.56250
v 32.63357 29.78190 -8.44136
v 32.63357 29.78190 -6.56250
v 32.63357 29.78190 -9.94136
v 32.47409 29.30802 -9.19697
v 32.63357 29.78190 -11.81250
v 32.07539 28.12331 -11.81250
v 32.07539 28.12331 -6.56250
v 32.63357 29.78190 -6.56250
v 32.63357 29.78190 -8.44136
v 40.81197 26.50201 -9.19697
v 32.63357 29.78190 -9.94136
v 32.47409 29.30802 -9.19697
v 40.97145 26.97590 -9.94136
v 40.97145 26.97590 -9.94136
v 40.81197 26.50201 -9.19697
v 32.63357 29.78190 -9.94136
v 32.47409 29.30802 -9.19697
v 40.81197 26.50201 -9.19697
v 40.97145 26.97590 -9.94136
v 40.97145 26.97590 -9.94136
v 32.63357 29.78190 -11.81250
v 32.63357 29.78190 -9.94136
v 40.97145 26.97590 -11.81250
v 40.97145 26.97590 -11.81250
v 40.97145 26.97590 -9.94136
v 32.63357 29.78190 -11.81250
v 32.63357 29.78190 -9.94136
v 40.97145 26.97590 -11.81250
v 32.07539 28.12331 -11.81250
v 40.78091 26.40973 -11.81250
v 37.16718 26.40973 -11.81250
v 40.97145 26.97590 -11.81250
v 32.63357 29.78190 -11.81250
v 32.63357 29.78190 -11.81250
v 32.07539 28.12331 -11.81250
v 40.97145 26.97590 -11.81250
v 40.78091 26.40973 -11.81250
v 37.16718 26.40973 -11.81250
v 40.78091 26.40973 -11.81250
v 37.16718 26.40973 -11.81250
v 37.16718 26.40973 -11.81250
v 32.07539 28.12331 -6.56250
v 32.07539 28.12331 -11.81250
v 37.16718 26.40973 -6.56250
v 37.16718 26.40973 -6.56250
v 37.16718 26.40973 -11.81250
v 32.07539 28.12331 -6.56250
v 32.07539 28.12331 -11.81250
v 37.16718 26.40973 -6.56250
v 40.97145 26.97590 -6.56250
v 37.16718 26.40973 -6.56250
v 40.78091 26.40973 -6.56250
v 32.07539 28.12331 -6.56250
v 32.63357 29.78190 -6.56250
v 32.63357 29.78190 -6.56250
v 40.97145 26.97590 -6.56250
v 32.07539 28.12331 -6.56250
v 37.16718 26.40973 -6.56250
v 40.78091 26.40973 -6.56250
v 40.78091 26.40973 -6.56250
v 40.97145 26.97590 -6.56250
v 40.97145 26.97590 -6.56250
v 32.63357 29.78190 -8.44136
v 32.63357 29.78190 -6.56250
v 40.97145 26.97590 -8.44136
v 40.97145 26.97590 -8.44136
v 40.97145 26.97590 -6.56250
v 32.63357 29.78190 -8.44136
v 32.63357 29.78190 -6.56250
v 40.97145 26.97590 -8.44136
v 32.63357 29.78190 -8.44136
v 40.81197 26.50201 -9.19697
v 32.47409 29.30802 -9.19697
v 40.97145 26.97590 -8.44136
v 40.97145 26.97590 -8.44136
v 32.63357 29.78190 -8.44136
v 40.81197 26.50201 -9.19697
v 32.47409 29.30802 -9.19697
v 40.78091 26.40973 -6.56250
v 40.81197 26.50201 -9.19697
v 40.97145 26.97590 -6.56250
v 40.78091 26.40973 -11.81250
v 40.97145 26.97590 -8.44136
v 40.97145 26.97590 -9.94136
v 40.97145 26.97590 -11.81250
v 40.97145 26.97590 -11.81250
v 40.78091 26.40973 -11.81250
v 40.97145 26.97590 -9.94136
v 40.81197 26.50201 -9.19697
v 40.97145 26.97590 -8.44136
v 40.97145 26.97590 -6.56250
v 40.78091 26.40973 -6.56250
v 40.78091 26.40973 -11.81250
v 37.16718 26.40973 -6.56250
v 37.16718 26.40973 -11.81250
v 40.78091 26.40973 -6.56250
v 40.78091 26.40973 -6.56250
v 40.78091 26.40973 -11.81250
v 37.16718 26.40973 -6.56250
v 37.16718 26.40973 -11.81250
usemtl ID27
f 1237 1238 1239
f 1238 1237 1240
f 1238 1240 1241
f 1241 1240 1242
f 1241 1242 1243
f 1244 1245 1246
f 1245 1247 1246
f 1246 1247 1248
f 1247 1249 1248
f 1250 1248 1249
f 1258 1259 1260
f 1259 1258 1261
f 1262 1263 1264
f 1265 1264 1263
f 1268 1269 1270
f 1269 1268 1271
f 1272 1273 1274
f 1275 1274 1273
f 1277 1278 1279
f 1278 1277 1280
f 1280 1277 1281
f 1282 1283 1284
f 1284 1283 1285
f 1286 1285 1283
f 1289 1290 1291
f 1290 1289 1292
f 1293 1294 1295
f 1296 1295 1294
f 1298 1299 1300
f 1299 1298 1301
f 1301 1298 1302
f 1303 1304 1305
f 1305 1304 1306
f 1307 1306 1304
f 1310 1311 1312
f 1311 1310 1313
f 1314 1315 1316
f 1317 1316 1315
f 1319 1320 1321
f 1320 1319 1322
f 1323 1324 1325
f 1326 1325 1324
f 1327 1328 1329
f 1328 1327 1330
f 1329 1328 1331
f 1328 1330 1332
f 1332 1330 1333
f 1334 1335 1336
f 1336 1335 1337
f 1338 1337 1339
f 1335 1340 1337
f 1339 1337 1340
f 1341 1342 1343
f 1342 1341 1344
f 1345 1346 1347
f 1348 1347 1346
o Jaw_Lower_Assy_Jaw_Support
v 34.75583 15.28175 -10.12500
v 38.25583 15.28175 -8.25000
v 34.75583 15.28175 -8.25000
v 38.25583 15.28175 -10.12500
v 38.25583 15.28175 -10.12500
v 34.75583 15.28175 -10.12500
v 38.25583 15.28175 -8.25000
v 34.75583 15.28175 -8.25000
v 38.25583 15.28175 -10.12500
v 34.75583 15.28175 -10.12500
v 38.25583 15.28175 -8.25000
v 34.75583 15.28175 -8.25000
v 34.77730 20.56923 -10.12500
v 35.50573 20.56923 -10.12500
v 34.75583 20.30232 -10.12500
v 34.75583 25.53334 -10.12500
v 35.50573 25.06923 -10.12500
v 34.77730 25.06923 -10.12500
v 34.75583 27.22124 -10.12500
v 36.98247 26.47189 -10.12500
v 38.25583 15.28175 -10.12500
v 34.75583 15.28175 -10.12500
v 38.25583 26.47189 -10.12500
v 36.98247 26.47189 -10.12500
v 34.75583 25.53334 -10.12500
v 38.25583 26.47189 -10.12500
v 35.50573 25.06923 -10.12500
v 35.50573 20.56923 -10.12500
v 38.25583 15.28175 -10.12500
v 34.75583 20.30232 -10.12500
v 34.75583 15.28175 -10.12500
v 34.75583 27.22124 -10.12500
v 34.77730 25.06923 -10.12500
v 34.77730 20.56923 -10.12500
v 35.50573 20.56923 -10.12500
v 35.50573 25.06923 -10.12500
v 34.77730 25.06923 -10.12500
v 34.75583 25.53334 -10.12500
v 34.75583 27.22124 -10.12500
v 36.98247 26.47189 -10.12500
v 38.25583 26.47189 -10.12500
v 34.75583 20.30232 -10.12500
v 34.77730 20.56923 -10.12500
v 38.25583 15.28175 -10.12500
v 38.25583 26.47189 -8.25000
v 38.25583 15.28175 -8.25000
v 38.25583 26.47189 -10.12500
v 38.25583 26.47189 -10.12500
v 38.25583 15.28175 -10.12500
v 38.25583 26.47189 -8.25000
v 38.25583 15.28175 -8.25000
v 38.25583 26.47189 -8.25000
v 34.75583 25.53334 -8.25000
v 34.77730 25.06923 -8.25000
v 35.50573 25.06923 -8.25000
v 38.25583 26.47189 -8.25000
v 34.75583 15.28175 -8.25000
v 38.25583 15.28175 -8.25000
v 35.50573 20.56923 -8.25000
v 34.75583 20.30232 -8.25000
v 36.98247 26.47189 -8.25000
v 34.75583 27.22124 -8.25000
v 34.77730 20.56923 -8.25000
v 35.50573 20.56923 -8.25000
v 34.75583 20.30232 -8.25000
v 34.77730 20.56923 -8.25000
v 36.98247 26.47189 -8.25000
v 34.75583 25.53334 -8.25000
v 34.75583 27.22124 -8.25000
v 38.25583 26.47189 -8.25000
v 35.50573 25.06923 -8.25000
v 34.75583 15.28175 -8.25000
v 38.25583 15.28175 -8.25000
v 34.77730 25.06923 -8.25000
v 35.50573 20.56923 -8.25000
v 35.50573 25.06923 -8.25000
v 34.77730 20.56923 -8.25000
v 34.75583 20.30232 -8.25000
v 36.98247 26.47189 -8.25000
v 34.75583 27.22124 -8.25000
v 34.75583 25.53334 -8.25000
v 34.77730 25.06923 -8.25000
v 34.75583 20.30232 -8.25000
v 34.75583 15.28175 -10.12500
v 34.75583 15.28175 -8.25000
v 34.75583 20.30232 -10.12500
v 34.75583 20.30232 -10.12500
v 34.75583 20.30232 -8.25000
v 34.75583 15.28175 -10.12500
v 34.75583 15.28175 -8.25000
v 34.75583 25.53334 -10.12500
v 34.77730 25.06923 -8.25000
v 34.75583 25.53334 -8.25000
v 34.77730 25.06923 -10.12500
v 34.77730 25.06923 -10.12500
v 34.75583 25.53334 -10.12500
v 34.77730 25.06923 -8.25000
v 34.75583 25.53334 -8.25000
v 34.75583 27.22124 -8.25000
v 34.75583 27.22124 -10.12500
v 34.75583 27.22124 -10.12500
v 34.75583 27.22124 -8.25000
v 36.98247 26.47189 -8.25000
v 34.75583 27.22124 -10.12500
v 34.75583 27.22124 -8.25000
v 36.98247 26.47189 -10.12500
v 36.98247 26.47189 -10.12500
v 36.98247 26.47189 -8.25000
v 34.75583 27.22124 -10.12500
v 34.75583 27.22124 -8.25000
v 38.25583 26.47189 -10.12500
v 38.25583 26.47189 -8.25000
v 38.25583 26.47189 -8.25000
v 38.25583 26.47189 -10.12500
v 34.77730 20.56923 -10.12500
v 34.77730 20.56923 -8.25000
v 34.77730 20.56923 -10.12500
v 34.77730 20.56923 -8.25000
usemtl ID27
f 1349 1350 1351
f 1350 1349 1352
f 1353 1354 1355
f 1356 1355 1354
f 1361 1362 1363
f 1364 1365 1366
f 1367 1368 1364
f 1363 1369 1370
f 1369 1363 1362
f 1369 1362 1371
f 1371 1362 1365
f 1371 1365 1364
f 1371 1364 1368
f 1372 1373 1374
f 1373 1375 1374
f 1375 1376 1374
f 1374 1376 1377
f 1376 1378 1377
f 1379 1377 1378
f 1373 1372 1380
f 1381 1375 1373
f 1378 1376 1382
f 1392 1393 1394
f 1393 1392 1395
f 1396 1397 1398
f 1399 1398 1397
f 1401 1402 1403
f 1404 1405 1406
f 1405 1404 1407
f 1405 1407 1408
f 1407 1404 1403
f 1403 1404 1401
f 1401 1404 1409
f 1410 1401 1409
f 1411 1408 1407
f 1412 1413 1414
f 1415 1416 1417
f 1415 1418 1416
f 1416 1418 1419
f 1419 1418 1412
f 1413 1412 1420
f 1412 1418 1420
f 1421 1420 1418
f 1419 1422 1416
f 1431 1432 1433
f 1432 1431 1434
f 1435 1436 1437
f 1438 1437 1436
f 1439 1440 1441
f 1440 1439 1442
f 1443 1444 1445
f 1446 1445 1444
f 1447 1439 1441
f 1439 1447 1448
f 1449 1450 1444
f 1446 1444 1450
f 1451 1452 1453
f 1452 1451 1454
f 1455 1456 1457
f 1458 1457 1456
f 1451 1459 1454
f 1459 1451 1460
f 1461 1456 1462
f 1455 1462 1456
f 1463 1431 1464
f 1431 1463 1434
f 1435 1465 1436
f 1466 1436 1465
o Jaw_Lower_Assy_Jaw_Support_Keys_Key
v 34.78312 20.61343 -10.12500
v 35.50573 20.56923 -10.12500
v 34.77730 20.56923 -10.12500
v 35.25583 20.94434 -10.12500
v 35.50573 21.31923 -10.12500
v 34.80018 20.65463 -10.12500
v 34.82732 20.69000 -10.12500
v 34.86270 20.71714 -10.12500
v 34.86270 21.17132 -10.12500
v 34.82732 21.19846 -10.12500
v 34.80018 21.23383 -10.12500
v 34.78312 21.27502 -10.12500
v 34.77730 21.31923 -10.12500
v 34.77730 21.31923 -10.12500
v 34.78312 21.27502 -10.12500
v 35.50573 21.31923 -10.12500
v 34.80018 21.23383 -10.12500
v 34.82732 21.19846 -10.12500
v 34.86270 21.17132 -10.12500
v 35.25583 20.94434 -10.12500
v 34.86270 20.71714 -10.12500
v 34.82732 20.69000 -10.12500
v 34.80018 20.65463 -10.12500
v 34.78312 20.61343 -10.12500
v 35.50573 20.56923 -10.12500
v 34.77730 20.56923 -10.12500
v 35.25583 20.94434 -10.12500
v 34.86270 20.71714 -10.12500
v 34.86270 21.17132 -10.12500
v 34.82732 21.19846 -10.12500
v 34.80018 21.23383 -10.12500
v 34.78312 21.27502 -10.12500
v 34.77730 21.31923 -10.12500
v 35.50573 21.31923 -10.12500
v 35.50573 20.56923 -10.12500
v 34.77730 20.56923 -10.12500
v 34.78312 20.61343 -10.12500
v 34.80018 20.65463 -10.12500
v 34.82732 20.69000 -10.12500
v 35.25583 20.94434 -8.25000
v 34.86270 20.71714 -10.12500
v 34.86270 20.71714 -8.25000
v 35.25583 20.94434 -10.12500
v 35.25583 20.94434 -10.12500
v 35.25583 20.94434 -8.25000
v 34.86270 20.71714 -10.12500
v 34.86270 20.71714 -8.25000
v 34.86270 20.71714 -8.25000
v 35.25583 20.94434 -8.25000
v 34.86270 21.17132 -10.12500
v 35.25583 20.94434 -8.25000
v 34.86270 21.17132 -8.25000
v 35.25583 20.94434 -10.12500
v 35.25583 20.94434 -10.12500
v 34.86270 21.17132 -10.12500
v 35.25583 20.94434 -8.25000
v 34.86270 21.17132 -8.25000
v 34.86270 21.17132 -8.25000
v 34.82732 21.19846 -10.12500
v 34.82732 21.19846 -8.25000
v 34.82732 21.19846 -10.12500
v 34.82732 21.19846 -8.25000
v 34.82732 21.19846 -8.25000
v 34.80018 21.23383 -10.12500
v 34.80018 21.23383 -8.25000
v 34.80018 21.23383 -10.12500
v 34.80018 21.23383 -8.25000
v 34.80018 21.23383 -8.25000
v 34.78312 21.27502 -10.12500
v 34.78312 21.27502 -8.25000
v 34.78312 21.27502 -10.12500
v 34.78312 21.27502 -8.25000
v 34.78312 21.27502 -8.25000
v 34.77730 21.31923 -10.12500
v 34.77730 21.31923 -8.25000
v 34.77730 21.31923 -10.12500
v 34.77730 21.31923 -8.25000
v 34.77730 21.31923 -8.25000
v 34.78312 20.61343 -10.12500
v 34.77730 20.56923 -8.25000
v 34.78312 20.61343 -8.25000
v 34.77730 20.56923 -10.12500
v 34.77730 20.56923 -10.12500
v 34.78312 20.61343 -10.12500
v 34.77730 20.56923 -8.25000
v 34.78312 20.61343 -8.25000
v 34.78312 20.61343 -8.25000
v 34.77730 20.56923 -8.25000
v 34.80018 20.65463 -10.12500
v 34.80018 20.65463 -8.25000
v 34.80018 20.65463 -10.12500
v 34.80018 20.65463 -8.25000
v 34.80018 20.65463 -8.25000
v 34.82732 20.69000 -10.12500
v 34.82732 20.69000 -8.25000
v 34.82732 20.69000 -10.12500
v 34.82732 20.69000 -8.25000
v 34.82732 20.69000 -8.25000
v 35.50573 20.56923 -8.25000
v 34.78312 20.61343 -8.25000
v 34.77730 20.56923 -8.25000
v 35.25583 20.94434 -8.25000
v 35.50573 21.31923 -8.25000
v 34.80018 20.65463 -8.25000
v 34.82732 20.69000 -8.25000
v 34.86270 20.71714 -8.25000
v 34.86270 21.17132 -8.25000
v 34.82732 21.19846 -8.25000
v 34.80018 21.23383 -8.25000
v 34.78312 21.27502 -8.25000
v 34.77730 21.31923 -8.25000
v 34.77730 21.31923 -8.25000
v 35.50573 21.31923 -8.25000
v 34.78312 21.27502 -8.25000
v 34.80018 21.23383 -8.25000
v 34.82732 21.19846 -8.25000
v 34.86270 21.17132 -8.25000
v 35.25583 20.94434 -8.25000
v 34.86270 20.71714 -8.25000
v 34.82732 20.69000 -8.25000
v 34.80018 20.65463 -8.25000
v 34.78312 20.61343 -8.25000
v 35.50573 20.56923 -8.25000
v 34.77730 20.56923 -8.25000
v 35.50573 20.56923 -8.25000
v 35.50573 21.31923 -8.25000
usemtl ID27
f 1467 1468 1469
f 1468 1467 1470
f 1468 1470 1471
f 1470 1467 1472
f 1470 1472 1473
f 1470 1473 1474
f 1471 1470 1475
f 1471 1475 1476
f 1471 1476 1477
f 1471 1477 1478
f 1471 1478 1479
f 1480 1481 1482
f 1481 1483 1482
f 1483 1484 1482
f 1484 1485 1482
f 1485 1486 1482
f 1487 1488 1486
f 1488 1489 1486
f 1489 1490 1486
f 1482 1486 1491
f 1486 1490 1491
f 1492 1491 1490
f 1506 1507 1508
f 1507 1506 1509
f 1510 1511 1512
f 1513 1512 1511
f 1516 1517 1518
f 1517 1516 1519
f 1520 1521 1522
f 1523 1522 1521
f 1525 1518 1526
f 1518 1525 1516
f 1521 1527 1523
f 1528 1523 1527
f 1530 1526 1531
f 1526 1530 1525
f 1527 1532 1528
f 1533 1528 1532
f 1535 1531 1536
f 1531 1535 1530
f 1532 1537 1533
f 1538 1533 1537
f 1540 1536 1541
f 1536 1540 1535
f 1537 1542 1538
f 1543 1538 1542
f 1545 1546 1547
f 1546 1545 1548
f 1549 1550 1551
f 1552 1551 1550
f 1555 1547 1556
f 1547 1555 1545
f 1550 1557 1552
f 1558 1552 1557
f 1560 1556 1561
f 1556 1560 1555
f 1557 1562 1558
f 1563 1558 1562
f 1508 1560 1561
f 1560 1508 1507
f 1512 1513 1562
f 1563 1562 1513
f 1565 1566 1567
f 1566 1565 1568
f 1568 1565 1569
f 1566 1568 1570
f 1570 1568 1571
f 1571 1568 1572
f 1568 1569 1573
f 1573 1569 1574
f 1574 1569 1575
f 1575 1569 1576
f 1576 1569 1577
f 1578 1579 1580
f 1580 1579 1581
f 1581 1579 1582
f 1582 1579 1583
f 1583 1579 1584
f 1585 1584 1586
f 1586 1584 1587
f 1587 1584 1588
f 1579 1589 1584
f 1584 1589 1588
f 1590 1588 1589
o Jaw_Lower_Assy_Jaw_Support_Keys_Key_1
v 34.77730 22.06923 -10.12500
v 34.78312 22.11343 -10.12500
v 35.50573 22.06923 -10.12500
v 34.80018 22.15463 -10.12500
v 34.82732 22.19000 -10.12500
v 34.86270 22.21714 -10.12500
v 35.25583 22.44411 -10.12500
v 34.86270 22.67132 -10.12500
v 34.82732 22.69846 -10.12500
v 34.80018 22.73383 -10.12500
v 34.78312 22.77502 -10.12500
v 35.50573 22.81923 -10.12500
v 34.77730 22.81923 -10.12500
v 34.78312 22.77502 -10.12500
v 35.50573 22.81923 -10.12500
v 34.77730 22.81923 -10.12500
v 35.25583 22.44411 -10.12500
v 35.50573 22.06923 -10.12500
v 34.80018 22.73383 -10.12500
v 34.82732 22.69846 -10.12500
v 34.86270 22.67132 -10.12500
v 34.86270 22.21714 -10.12500
v 34.82732 22.19000 -10.12500
v 34.80018 22.15463 -10.12500
v 34.78312 22.11343 -10.12500
v 34.77730 22.06923 -10.12500
v 35.25583 22.44411 -10.12500
v 34.86270 22.67132 -10.12500
v 34.86270 22.21714 -10.12500
v 34.82732 22.19000 -10.12500
v 34.80018 22.15463 -10.12500
v 34.78312 22.11343 -10.12500
v 34.77730 22.06923 -10.12500
v 35.50573 22.06923 -10.12500
v 35.50573 22.81923 -10.12500
v 34.77730 22.81923 -10.12500
v 34.78312 22.77502 -10.12500
v 34.80018 22.73383 -10.12500
v 34.82732 22.69846 -10.12500
v 35.25583 22.44411 -10.12500
v 35.25583 22.44411 -8.25000
v 34.86270 22.67132 -10.12500
v 34.86270 22.67132 -8.25000
v 35.25583 22.44411 -8.25000
v 34.86270 22.67132 -10.12500
v 34.86270 22.67132 -8.25000
v 35.25583 22.44411 -10.12500
v 34.86270 22.67132 -8.25000
v 35.25583 22.44411 -8.25000
v 35.25583 22.44411 -10.12500
v 34.86270 22.21714 -10.12500
v 35.25583 22.44411 -8.25000
v 34.86270 22.21714 -8.25000
v 34.86270 22.21714 -10.12500
v 35.25583 22.44411 -8.25000
v 34.86270 22.21714 -8.25000
v 35.25583 22.44411 -10.12500
v 34.86270 22.21714 -8.25000
v 34.82732 22.19000 -10.12500
v 34.82732 22.19000 -8.25000
v 34.82732 22.19000 -10.12500
v 34.82732 22.19000 -8.25000
v 34.82732 22.19000 -8.25000
v 34.80018 22.15463 -10.12500
v 34.80018 22.15463 -8.25000
v 34.80018 22.15463 -10.12500
v 34.80018 22.15463 -8.25000
v 34.80018 22.15463 -8.25000
v 34.78312 22.11343 -10.12500
v 34.78312 22.11343 -8.25000
v 34.78312 22.11343 -10.12500
v 34.78312 22.11343 -8.25000
v 34.78312 22.11343 -8.25000
v 34.77730 22.06923 -10.12500
v 34.77730 22.06923 -8.25000
v 34.77730 22.06923 -10.12500
v 34.77730 22.06923 -8.25000
v 34.77730 22.06923 -8.25000
v 34.77730 22.81923 -10.12500
v 34.78312 22.77502 -10.12500
v 34.77730 22.81923 -8.25000
v 34.78312 22.77502 -8.25000
v 34.78312 22.77502 -10.12500
v 34.77730 22.81923 -8.25000
v 34.78312 22.77502 -8.25000
v 34.77730 22.81923 -10.12500
v 34.78312 22.77502 -8.25000
v 34.77730 22.81923 -8.25000
v 34.80018 22.73383 -10.12500
v 34.80018 22.73383 -8.25000
v 34.80018 22.73383 -10.12500
v 34.80018 22.73383 -8.25000
v 34.80018 22.73383 -8.25000
v 34.82732 22.69846 -10.12500
v 34.82732 22.69846 -8.25000
v 34.82732 22.69846 -10.12500
v 34.82732 22.69846 -8.25000
v 34.82732 22.69846 -8.25000
v 34.77730 22.06923 -8.25000
v 35.50573 22.06923 -8.25000
v 34.78312 22.11343 -8.25000
v 34.80018 22.15463 -8.25000
v 34.82732 22.19000 -8.25000
v 34.86270 22.21714 -8.25000
v 35.25583 22.44411 -8.25000
v 34.86270 22.67132 -8.25000
v 34.82732 22.69846 -8.25000
v 34.80018 22.73383 -8.25000
v 34.78312 22.77502 -8.25000
v 35.50573 22.81923 -8.25000
v 34.77730 22.81923 -8.25000
v 35.50573 22.81923 -8.25000
v 34.78312 22.77502 -8.25000
v 34.77730 22.81923 -8.25000
v 35.25583 22.44411 -8.25000
v 35.50573 22.06923 -8.25000
v 34.80018 22.73383 -8.25000
v 34.82732 22.69846 -8.25000
v 34.86270 22.67132 -8.25000
v 34.86270 22.21714 -8.25000
v 34.82732 22.19000 -8.25000
v 34.80018 22.15463 -8.25000
v 34.78312 22.11343 -8.25000
v 34.77730 22.06923 -8.25000
v 35.50573 22.81923 -8.25000
v 35.50573 22.06923 -8.25000
usemtl ID27
f 1593 1594 1595
f 1594 1596 1595
f 1596 1597 1595
f 1597 1598 1595
f 1598 1599 1595
f 1600 1601 1599
f 1601 1602 1599
f 1602 1603 1599
f 1595 1599 1604
f 1599 1603 1604
f 1605 1604 1603
f 1606 1607 1608
f 1607 1606 1609
f 1607 1609 1610
f 1609 1606 1611
f 1609 1611 1612
f 1609 1612 1613
f 1610 1609 1614
f 1610 1614 1615
f 1610 1615 1616
f 1610 1616 1617
f 1610 1617 1618
f 1632 1633 1634
f 1635 1634 1633
f 1636 1637 1638
f 1637 1636 1639
f 1642 1643 1644
f 1645 1644 1643
f 1646 1647 1648
f 1647 1646 1649
f 1643 1651 1645
f 1652 1645 1651
f 1653 1648 1654
f 1648 1653 1646
f 1651 1656 1652
f 1657 1652 1656
f 1658 1654 1659
f 1654 1658 1653
f 1656 1661 1657
f 1662 1657 1661
f 1663 1659 1664
f 1659 1663 1658
f 1661 1666 1662
f 1667 1662 1666
f 1668 1664 1669
f 1664 1668 1663
f 1671 1672 1673
f 1674 1673 1672
f 1675 1676 1677
f 1676 1675 1678
f 1672 1681 1674
f 1682 1674 1681
f 1683 1677 1684
f 1677 1683 1675
f 1681 1686 1682
f 1687 1682 1686
f 1688 1684 1689
f 1684 1688 1683
f 1634 1635 1686
f 1687 1686 1635
f 1638 1688 1689
f 1688 1638 1637
f 1691 1692 1693
f 1693 1692 1694
f 1694 1692 1695
f 1695 1692 1696
f 1696 1692 1697
f 1698 1697 1699
f 1699 1697 1700
f 1700 1697 1701
f 1692 1702 1697
f 1697 1702 1701
f 1703 1701 1702
f 1704 1705 1706
f 1705 1704 1707
f 1707 1704 1708
f 1705 1707 1709
f 1709 1707 1710
f 1710 1707 1711
f 1707 1708 1712
f 1712 1708 1713
f 1713 1708 1714
f 1714 1708 1715
f 1715 1708 1716
o Jaw_Lower_Assy_Jaw_Support_Keys_Key_2
v 34.77730 24.31923 -10.12500
v 34.78312 24.36343 -10.12500
v 35.50573 24.31923 -10.12500
v 34.80018 24.40463 -10.12500
v 34.82732 24.44000 -10.12500
v 34.86270 24.46714 -10.12500
v 35.25583 24.69411 -10.12500
v 34.86270 24.92132 -10.12500
v 34.82732 24.94846 -10.12500
v 34.80018 24.98383 -10.12500
v 34.78312 25.02502 -10.12500
v 35.50573 25.06923 -10.12500
v 34.77730 25.06923 -10.12500
v 34.78312 25.02502 -10.12500
v 35.50573 25.06923 -10.12500
v 34.77730 25.06923 -10.12500
v 35.25583 24.69411 -10.12500
v 35.50573 24.31923 -10.12500
v 34.80018 24.98383 -10.12500
v 34.82732 24.94846 -10.12500
v 34.86270 24.92132 -10.12500
v 34.86270 24.46714 -10.12500
v 34.82732 24.44000 -10.12500
v 34.80018 24.40463 -10.12500
v 34.78312 24.36343 -10.12500
v 34.77730 24.31923 -10.12500
v 35.25583 24.69411 -10.12500
v 34.86270 24.92132 -10.12500
v 34.86270 24.46714 -10.12500
v 34.82732 24.44000 -10.12500
v 34.80018 24.40463 -10.12500
v 34.78312 24.36343 -10.12500
v 34.77730 24.31923 -10.12500
v 35.50573 24.31923 -10.12500
v 35.50573 25.06923 -10.12500
v 34.77730 25.06923 -10.12500
v 34.78312 25.02502 -10.12500
v 34.80018 24.98383 -10.12500
v 34.82732 24.94846 -10.12500
v 35.25583 24.69411 -10.12500
v 35.25583 24.69411 -8.25000
v 34.86270 24.92132 -10.12500
v 34.86270 24.92132 -8.25000
v 35.25583 24.69411 -8.25000
v 34.86270 24.92132 -10.12500
v 34.86270 24.92132 -8.25000
v 35.25583 24.69411 -10.12500
v 34.86270 24.92132 -8.25000
v 35.25583 24.69411 -8.25000
v 35.25583 24.69411 -10.12500
v 34.86270 24.46714 -10.12500
v 35.25583 24.69411 -8.25000
v 34.86270 24.46714 -8.25000
v 34.86270 24.46714 -10.12500
v 35.25583 24.69411 -8.25000
v 34.86270 24.46714 -8.25000
v 35.25583 24.69411 -10.12500
v 34.86270 24.46714 -8.25000
v 34.82732 24.44000 -10.12500
v 34.82732 24.44000 -8.25000
v 34.82732 24.44000 -10.12500
v 34.82732 24.44000 -8.25000
v 34.82732 24.44000 -8.25000
v 34.80018 24.40463 -10.12500
v 34.80018 24.40463 -8.25000
v 34.80018 24.40463 -10.12500
v 34.80018 24.40463 -8.25000
v 34.80018 24.40463 -8.25000
v 34.78312 24.36343 -10.12500
v 34.78312 24.36343 -8.25000
v 34.78312 24.36343 -10.12500
v 34.78312 24.36343 -8.25000
v 34.78312 24.36343 -8.25000
v 34.77730 24.31923 -10.12500
v 34.77730 24.31923 -8.25000
v 34.77730 24.31923 -10.12500
v 34.77730 24.31923 -8.25000
v 34.77730 24.31923 -8.25000
v 34.77730 25.06923 -10.12500
v 34.78312 25.02502 -10.12500
v 34.77730 25.06923 -8.25000
v 34.78312 25.02502 -8.25000
v 34.78312 25.02502 -10.12500
v 34.77730 25.06923 -8.25000
v 34.78312 25.02502 -8.25000
v 34.77730 25.06923 -10.12500
v 34.78312 25.02502 -8.25000
v 34.77730 25.06923 -8.25000
v 34.80018 24.98383 -10.12500
v 34.80018 24.98383 -8.25000
v 34.80018 24.98383 -10.12500
v 34.80018 24.98383 -8.25000
v 34.80018 24.98383 -8.25000
v 34.82732 24.94846 -10.12500
v 34.82732 24.94846 -8.25000
v 34.82732 24.94846 -10.12500
v 34.82732 24.94846 -8.25000
v 34.82732 24.94846 -8.25000
v 34.77730 24.31923 -8.25000
v 35.50573 24.31923 -8.25000
v 34.78312 24.36343 -8.25000
v 34.80018 24.40463 -8.25000
v 34.82732 24.44000 -8.25000
v 34.86270 24.46714 -8.25000
v 35.25583 24.69411 -8.25000
v 34.86270 24.92132 -8.25000
v 34.82732 24.94846 -8.25000
v 34.80018 24.98383 -8.25000
v 34.78312 25.02502 -8.25000
v 35.50573 25.06923 -8.25000
v 34.77730 25.06923 -8.25000
v 35.50573 25.06923 -8.25000
v 34.78312 25.02502 -8.25000
v 34.77730 25.06923 -8.25000
v 35.25583 24.69411 -8.25000
v 35.50573 24.31923 -8.25000
v 34.80018 24.98383 -8.25000
v 34.82732 24.94846 -8.25000
v 34.86270 24.92132 -8.25000
v 34.86270 24.46714 -8.25000
v 34.82732 24.44000 -8.25000
v 34.80018 24.40463 -8.25000
v 34.78312 24.36343 -8.25000
v 34.77730 24.31923 -8.25000
v 35.50573 25.06923 -8.25000
v 35.50573 24.31923 -8.25000
usemtl ID27
f 1719 1720 1721
f 1720 1722 1721
f 1722 1723 1721
f 1723 1724 1721
f 1724 1725 1721
f 1726 1727 1725
f 1727 1728 1725
f 1728 1729 1725
f 1721 1725 1730
f 1725 1729 1730
f 1731 1730 1729
f 1732 1733 1734
f 1733 1732 1735
f 1733 1735 1736
f 1735 1732 1737
f 1735 1737 1738
f 1735 1738 1739
f 1736 1735 1740
f 1736 1740 1741
f 1736 1741 1742
f 1736 1742 1743
f 1736 1743 1744
f 1758 1759 1760
f 1761 1760 1759
f 1762 1763 1764
f 1763 1762 1765
f 1768 1769 1770
f 1771 1770 1769
f 1772 1773 1774
f 1773 1772 1775
f 1769 1777 1771
f 1778 1771 1777
f 1779 1774 1780
f 1774 1779 1772
f 1777 1782 1778
f 1783 1778 1782
f 1784 1780 1785
f 1780 1784 1779
f 1782 1787 1783
f 1788 1783 1787
f 1789 1785 1790
f 1785 1789 1784
f 1787 1792 1788
f 1793 1788 1792
f 1794 1790 1795
f 1790 1794 1789
f 1797 1798 1799
f 1800 1799 1798
f 1801 1802 1803
f 1802 1801 1804
f 1798 1807 1800
f 1808 1800 1807
f 1809 1803 1810
f 1803 1809 1801
f 1807 1812 1808
f 1813 1808 1812
f 1814 1810 1815
f 1810 1814 1809
f 1760 1761 1812
f 1813 1812 1761
f 1764 1814 1815
f 1814 1764 1763
f 1817 1818 1819
f 1819 1818 1820
f 1820 1818 1821
f 1821 1818 1822
f 1822 1818 1823
f 1824 1823 1825
f 1825 1823 1826
f 1826 1823 1827
f 1818 1828 1823
f 1823 1828 1827
f 1829 1827 1828
f 1830 1831 1832
f 1831 1830 1833
f 1833 1830 1834
f 1831 1833 1835
f 1835 1833 1836
f 1836 1833 1837
f 1833 1834 1838
f 1838 1834 1839
f 1839 1834 1840
f 1840 1834 1841
f 1841 1834 1842
o Jaw_Lower_Assy_Jaw_Support_Keys_Key_3
v 34.77730 21.31923 -10.12500
v 34.78312 21.36343 -10.12500
v 35.50573 21.31923 -10.12500
v 34.80018 21.40463 -10.12500
v 34.82732 21.44000 -10.12500
v 34.86270 21.46714 -10.12500
v 35.25583 21.69411 -10.12500
v 34.86270 21.92132 -10.12500
v 34.82732 21.94846 -10.12500
v 34.80018 21.98383 -10.12500
v 34.78312 22.02502 -10.12500
v 35.50573 22.06923 -10.12500
v 34.77730 22.06923 -10.12500
v 34.78312 22.02502 -10.12500
v 35.50573 22.06923 -10.12500
v 34.77730 22.06923 -10.12500
v 35.25583 21.69411 -10.12500
v 35.50573 21.31923 -10.12500
v 34.80018 21.98383 -10.12500
v 34.82732 21.94846 -10.12500
v 34.86270 21.92132 -10.12500
v 34.86270 21.46714 -10.12500
v 34.82732 21.44000 -10.12500
v 34.80018 21.40463 -10.12500
v 34.78312 21.36343 -10.12500
v 34.77730 21.31923 -10.12500
v 35.25583 21.69411 -10.12500
v 34.86270 21.92132 -10.12500
v 34.86270 21.46714 -10.12500
v 34.82732 21.44000 -10.12500
v 34.80018 21.40463 -10.12500
v 34.78312 21.36343 -10.12500
v 34.77730 21.31923 -10.12500
v 35.50573 21.31923 -10.12500
v 35.50573 22.06923 -10.12500
v 34.77730 22.06923 -10.12500
v 34.78312 22.02502 -10.12500
v 34.80018 21.98383 -10.12500
v 34.82732 21.94846 -10.12500
v 35.25583 21.69411 -10.12500
v 35.25583 21.69411 -8.25000
v 34.86270 21.92132 -10.12500
v 34.86270 21.92132 -8.25000
v 35.25583 21.69411 -8.25000
v 34.86270 21.92132 -10.12500
v 34.86270 21.92132 -8.25000
v 35.25583 21.69411 -10.12500
v 34.86270 21.92132 -8.25000
v 35.25583 21.69411 -8.25000
v 35.25583 21.69411 -10.12500
v 34.86270 21.46714 -10.12500
v 35.25583 21.69411 -8.25000
v 34.86270 21.46714 -8.25000
v 34.86270 21.46714 -10.12500
v 35.25583 21.69411 -8.25000
v 34.86270 21.46714 -8.25000
v 35.25583 21.69411 -10.12500
v 34.86270 21.46714 -8.25000
v 34.82732 21.44000 -10.12500
v 34.82732 21.44000 -8.25000
v 34.82732 21.44000 -10.12500
v 34.82732 21.44000 -8.25000
v 34.82732 21.44000 -8.25000
v 34.80018 21.40463 -10.12500
v 34.80018 21.40463 -8.25000
v 34.80018 21.40463 -10.12500
v 34.80018 21.40463 -8.25000
v 34.80018 21.40463 -8.25000
v 34.78312 21.36343 -10.12500
v 34.78312 21.36343 -8.25000
v 34.78312 21.36343 -10.12500
v 34.78312 21.36343 -8.25000
v 34.78312 21.36343 -8.25000
v 34.77730 21.31923 -10.12500
v 34.77730 21.31923 -8.25000
v 34.77730 21.31923 -10.12500
v 34.77730 21.31923 -8.25000
v 34.77730 21.31923 -8.25000
v 34.77730 22.06923 -10.12500
v 34.78312 22.02502 -10.12500
v 34.77730 22.06923 -8.25000
v 34.78312 22.02502 -8.25000
v 34.78312 22.02502 -10.12500
v 34.77730 22.06923 -8.25000
v 34.78312 22.02502 -8.25000
v 34.77730 22.06923 -10.12500
v 34.78312 22.02502 -8.25000
v 34.77730 22.06923 -8.25000
v 34.80018 21.98383 -10.12500
v 34.80018 21.98383 -8.25000
v 34.80018 21.98383 -10.12500
v 34.80018 21.98383 -8.25000
v 34.80018 21.98383 -8.25000
v 34.82732 21.94846 -10.12500
v 34.82732 21.94846 -8.25000
v 34.82732 21.94846 -10.12500
v 34.82732 21.94846 -8.25000
v 34.82732 21.94846 -8.25000
v 34.77730 21.31923 -8.25000
v 35.50573 21.31923 -8.25000
v 34.78312 21.36343 -8.25000
v 34.80018 21.40463 -8.25000
v 34.82732 21.44000 -8.25000
v 34.86270 21.46714 -8.25000
v 35.25583 21.69411 -8.25000
v 34.86270 21.92132 -8.25000
v 34.82732 21.94846 -8.25000
v 34.80018 21.98383 -8.25000
v 34.78312 22.02502 -8.25000
v 35.50573 22.06923 -8.25000
v 34.77730 22.06923 -8.25000
v 35.50573 22.06923 -8.25000
v 34.78312 22.02502 -8.25000
v 34.77730 22.06923 -8.25000
v 35.25583 21.69411 -8.25000
v 35.50573 21.31923 -8.25000
v 34.80018 21.98383 -8.25000
v 34.82732 21.94846 -8.25000
v 34.86270 21.92132 -8.25000
v 34.86270 21.46714 -8.25000
v 34.82732 21.44000 -8.25000
v 34.80018 21.40463 -8.25000
v 34.78312 21.36343 -8.25000
v 34.77730 21.31923 -8.25000
v 35.50573 22.06923 -8.25000
v 35.50573 21.31923 -8.25000
usemtl ID27
f 1845 1846 1847
f 1846 1848 1847
f 1848 1849 1847
f 1849 1850 1847
f 1850 1851 1847
f 1852 1853 1851
f 1853 1854 1851
f 1854 1855 1851
f 1847 1851 1856
f 1851 1855 1856
f 1857 1856 1855
f 1858 1859 1860
f 1859 1858 1861
f 1859 1861 1862
f 1861 1858 1863
f 1861 1863 1864
f 1861 1864 1865
f 1862 1861 1866
f 1862 1866 1867
f 1862 1867 1868
f 1862 1868 1869
f 1862 1869 1870
f 1884 1885 1886
f 1887 1886 1885
f 1888 1889 1890
f 1889 1888 1891
f 1894 1895 1896
f 1897 1896 1895
f 1898 1899 1900
f 1899 1898 1901
f 1895 1903 1897
f 1904 1897 1903
f 1905 1900 1906
f 1900 1905 1898
f 1903 1908 1904
f 1909 1904 1908
f 1910 1906 1911
f 1906 1910 1905
f 1908 1913 1909
f 1914 1909 1913
f 1915 1911 1916
f 1911 1915 1910
f 1913 1918 1914
f 1919 1914 1918
f 1920 1916 1921
f 1916 1920 1915
f 1923 1924 1925
f 1926 1925 1924
f 1927 1928 1929
f 1928 1927 1930
f 1924 1933 1926
f 1934 1926 1933
f 1935 1929 1936
f 1929 1935 1927
f 1933 1938 1934
f 1939 1934 1938
f 1940 1936 1941
f 1936 1940 1935
f 1886 1887 1938
f 1939 1938 1887
f 1890 1940 1941
f 1940 1890 1889
f 1943 1944 1945
f 1945 1944 1946
f 1946 1944 1947
f 1947 1944 1948
f 1948 1944 1949
f 1950 1949 1951
f 1951 1949 1952
f 1952 1949 1953
f 1944 1954 1949
f 1949 1954 1953
f 1955 1953 1954
f 1956 1957 1958
f 1957 1956 1959
f 1959 1956 1960
f 1957 1959 1961
f 1961 1959 1962
f 1962 1959 1963
f 1959 1960 1964
f 1964 1960 1965
f 1965 1960 1966
f 1966 1960 1967
f 1967 1960 1968
o Jaw_Lower_Assy_Jaw_Support_Keys_Key_4
v 34.77730 22.81923 -10.12500
v 34.78312 22.86343 -10.12500
v 35.50573 22.81923 -10.12500
v 34.80018 22.90463 -10.12500
v 34.82732 22.94000 -10.12500
v 34.86270 22.96714 -10.12500
v 35.25583 23.19411 -10.12500
v 34.86270 23.42132 -10.12500
v 34.82732 23.44846 -10.12500
v 34.80018 23.48383 -10.12500
v 34.78312 23.52502 -10.12500
v 35.50573 23.56923 -10.12500
v 34.77730 23.56923 -10.12500
v 34.78312 23.52502 -10.12500
v 35.50573 23.56923 -10.12500
v 34.77730 23.56923 -10.12500
v 35.25583 23.19411 -10.12500
v 35.50573 22.81923 -10.12500
v 34.80018 23.48383 -10.12500
v 34.82732 23.44846 -10.12500
v 34.86270 23.42132 -10.12500
v 34.86270 22.96714 -10.12500
v 34.82732 22.94000 -10.12500
v 34.80018 22.90463 -10.12500
v 34.78312 22.86343 -10.12500
v 34.77730 22.81923 -10.12500
v 35.25583 23.19411 -10.12500
v 34.86270 23.42132 -10.12500
v 34.86270 22.96714 -10.12500
v 34.82732 22.94000 -10.12500
v 34.80018 22.90463 -10.12500
v 34.78312 22.86343 -10.12500
v 34.77730 22.81923 -10.12500
v 35.50573 22.81923 -10.12500
v 35.50573 23.56923 -10.12500
v 34.77730 23.56923 -10.12500
v 34.78312 23.52502 -10.12500
v 34.80018 23.48383 -10.12500
v 34.82732 23.44846 -10.12500
v 35.25583 23.19411 -10.12500
v 35.25583 23.19411 -8.25000
v 34.86270 23.42132 -10.12500
v 34.86270 23.42132 -8.25000
v 35.25583 23.19411 -8.25000
v 34.86270 23.42132 -10.12500
v 34.86270 23.42132 -8.25000
v 35.25583 23.19411 -10.12500
v 34.86270 23.42132 -8.25000
v 35.25583 23.19411 -8.25000
v 35.25583 23.19411 -10.12500
v 34.86270 22.96714 -10.12500
v 35.25583 23.19411 -8.25000
v 34.86270 22.96714 -8.25000
v 34.86270 22.96714 -10.12500
v 35.25583 23.19411 -8.25000
v 34.86270 22.96714 -8.25000
v 35.25583 23.19411 -10.12500
v 34.86270 22.96714 -8.25000
v 34.82732 22.94000 -10.12500
v 34.82732 22.94000 -8.25000
v 34.82732 22.94000 -10.12500
v 34.82732 22.94000 -8.25000
v 34.82732 22.94000 -8.25000
v 34.80018 22.90463 -10.12500
v 34.80018 22.90463 -8.25000
v 34.80018 22.90463 -10.12500
v 34.80018 22.90463 -8.25000
v 34.80018 22.90463 -8.25000
v 34.78312 22.86343 -10.12500
v 34.78312 22.86343 -8.25000
v 34.78312 22.86343 -10.12500
v 34.78312 22.86343 -8.25000
v 34.78312 22.86343 -8.25000
v 34.77730 22.81923 -10.12500
v 34.77730 22.81923 -8.25000
v 34.77730 22.81923 -10.12500
v 34.77730 22.81923 -8.25000
v 34.77730 22.81923 -8.25000
v 34.77730 23.56923 -10.12500
v 34.78312 23.52502 -10.12500
v 34.77730 23.56923 -8.25000
v 34.78312 23.52502 -8.25000
v 34.78312 23.52502 -10.12500
v 34.77730 23.56923 -8.25000
v 34.78312 23.52502 -8.25000
v 34.77730 23.56923 -10.12500
v 34.78312 23.52502 -8.25000
v 34.77730 23.56923 -8.25000
v 34.80018 23.48383 -10.12500
v 34.80018 23.48383 -8.25000
v 34.80018 23.48383 -10.12500
v 34.80018 23.48383 -8.25000
v 34.80018 23.48383 -8.25000
v 34.82732 23.44846 -10.12500
v 34.82732 23.44846 -8.25000
v 34.82732 23.44846 -10.12500
v 34.82732 23.44846 -8.25000
v 34.82732 23.44846 -8.25000
v 34.77730 22.81923 -8.25000
v 35.50573 22.81923 -8.25000
v 34.78312 22.86343 -8.25000
v 34.80018 22.90463 -8.25000
v 34.82732 22.94000 -8.25000
v 34.86270 22.96714 -8.25000
v 35.25583 23.19411 -8.25000
v 34.86270 23.42132 -8.25000
v 34.82732 23.44846 -8.25000
v 34.80018 23.48383 -8.25000
v 34.78312 23.52502 -8.25000
v 35.50573 23.56923 -8.25000
v 34.77730 23.56923 -8.25000
v 35.50573 23.56923 -8.25000
v 34.78312 23.52502 -8.25000
v 34.77730 23.56923 -8.25000
v 35.25583 23.19411 -8.25000
v 35.50573 22.81923 -8.25000
v 34.80018 23.48383 -8.25000
v 34.82732 23.44846 -8.25000
v 34.86270 23.42132 -8.25000
v 34.86270 22.96714 -8.25000
v 34.82732 22.94000 -8.25000
v 34.80018 22.90463 -8.25000
v 34.78312 22.86343 -8.25000
v 34.77730 22.81923 -8.25000
v 35.50573 23.56923 -8.25000
v 35.50573 22.81923 -8.25000
usemtl ID27
f 1971 1972 1973
f 1972 1974 1973
f 1974 1975 1973
f 1975 1976 1973
f 1976 1977 1973
f 1978 1979 1977
f 1979 1980 1977
f 1980 1981 1977
f 1973 1977 1982
f 1977 1981 1982
f 1983 1982 1981
f 1984 1985 1986
f 1985 1984 1987
f 1985 1987 1988
f 1987 1984 1989
f 1987 1989 1990
f 1987 1990 1991
f 1988 1987 1992
f 1988 1992 1993
f 1988 1993 1994
f 1988 1994 1995
f 1988 1995 1996
f 2010 2011 2012
f 2013 2012 2011
f 2014 2015 2016
f 2015 2014 2017
f 2020 2021 2022
f 2023 2022 2021
f 2024 2025 2026
f 2025 2024 2027
f 2021 2029 2023
f 2030 2023 2029
f 2031 2026 2032
f 2026 2031 2024
f 2029 2034 2030
f 2035 2030 2034
f 2036 2032 2037
f 2032 2036 2031
f 2034 2039 2035
f 2040 2035 2039
f 2041 2037 2042
f 2037 2041 2036
f 2039 2044 2040
f 2045 2040 2044
f 2046 2042 2047
f 2042 2046 2041
f 2049 2050 2051
f 2052 2051 2050
f 2053 2054 2055
f 2054 2053 2056
f 2050 2059 2052
f 2060 2052 2059
f 2061 2055 2062
f 2055 2061 2053
f 2059 2064 2060
f 2065 2060 2064
f 2066 2062 2067
f 2062 2066 2061
f 2012 2013 2064
f 2065 2064 2013
f 2016 2066 2067
f 2066 2016 2015
f 2069 2070 2071
f 2071 2070 2072
f 2072 2070 2073
f 2073 2070 2074
f 2074 2070 2075
f 2076 2075 2077
f 2077 2075 2078
f 2078 2075 2079
f 2070 2080 2075
f 2075 2080 2079
f 2081 2079 2080
f 2082 2083 2084
f 2083 2082 2085
f 2085 2082 2086
f 2083 2085 2087
f 2087 2085 2088
f 2088 2085 2089
f 2085 2086 2090
f 2090 2086 2091
f 2091 2086 2092
f 2092 2086 2093
f 2093 2086 2094
o Jaw_Lower_Assy_Jaw_Support_Keys_Key_5
v 34.77730 23.56923 -10.12500
v 34.78312 23.61343 -10.12500
v 35.50573 23.56923 -10.12500
v 34.80018 23.65463 -10.12500
v 34.82732 23.69000 -10.12500
v 34.86270 23.71714 -10.12500
v 35.25583 23.94411 -10.12500
v 34.86270 24.17132 -10.12500
v 34.82732 24.19846 -10.12500
v 34.80018 24.23383 -10.12500
v 34.78312 24.27502 -10.12500
v 35.50573 24.31923 -10.12500
v 34.77730 24.31923 -10.12500
v 34.78312 24.27502 -10.12500
v 35.50573 24.31923 -10.12500
v 34.77730 24.31923 -10.12500
v 35.25583 23.94411 -10.12500
v 35.50573 23.56923 -10.12500
v 34.80018 24.23383 -10.12500
v 34.82732 24.19846 -10.12500
v 34.86270 24.17132 -10.12500
v 34.86270 23.71714 -10.12500
v 34.82732 23.69000 -10.12500
v 34.80018 23.65463 -10.12500
v 34.78312 23.61343 -10.12500
v 34.77730 23.56923 -10.12500
v 35.25583 23.94411 -10.12500
v 34.86270 24.17132 -10.12500
v 34.86270 23.71714 -10.12500
v 34.82732 23.69000 -10.12500
v 34.80018 23.65463 -10.12500
v 34.78312 23.61343 -10.12500
v 34.77730 23.56923 -10.12500
v 35.50573 23.56923 -10.12500
v 35.50573 24.31923 -10.12500
v 34.77730 24.31923 -10.12500
v 34.78312 24.27502 -10.12500
v 34.80018 24.23383 -10.12500
v 34.82732 24.19846 -10.12500
v 35.25583 23.94411 -10.12500
v 35.25583 23.94411 -8.25000
v 34.86270 24.17132 -10.12500
v 34.86270 24.17132 -8.25000
v 35.25583 23.94411 -8.25000
v 34.86270 24.17132 -10.12500
v 34.86270 24.17132 -8.25000
v 35.25583 23.94411 -10.12500
v 34.86270 24.17132 -8.25000
v 35.25583 23.94411 -8.25000
v 35.25583 23.94411 -10.12500
v 34.86270 23.71714 -10.12500
v 35.25583 23.94411 -8.25000
v 34.86270 23.71714 -8.25000
v 34.86270 23.71714 -10.12500
v 35.25583 23.94411 -8.25000
v 34.86270 23.71714 -8.25000
v 35.25583 23.94411 -10.12500
v 34.86270 23.71714 -8.25000
v 34.82732 23.69000 -10.12500
v 34.82732 23.69000 -8.25000
v 34.82732 23.69000 -10.12500
v 34.82732 23.69000 -8.25000
v 34.82732 23.69000 -8.25000
v 34.80018 23.65463 -10.12500
v 34.80018 23.65463 -8.25000
v 34.80018 23.65463 -10.12500
v 34.80018 23.65463 -8.25000
v 34.80018 23.65463 -8.25000
v 34.78312 23.61343 -10.12500
v 34.78312 23.61343 -8.25000
v 34.78312 23.61343 -10.12500
v 34.78312 23.61343 -8.25000
v 34.78312 23.61343 -8.25000
v 34.77730 23.56923 -10.12500
v 34.77730 23.56923 -8.25000
v 34.77730 23.56923 -10.12500
v 34.77730 23.56923 -8.25000
v 34.77730 23.56923 -8.25000
v 34.77730 24.31923 -10.12500
v 34.78312 24.27502 -10.12500
v 34.77730 24.31923 -8.25000
v 34.78312 24.27502 -8.25000
v 34.78312 24.27502 -10.12500
v 34.77730 24.31923 -8.25000
v 34.78312 24.27502 -8.25000
v 34.77730 24.31923 -10.12500
v 34.78312 24.27502 -8.25000
v 34.77730 24.31923 -8.25000
v 34.80018 24.23383 -10.12500
v 34.80018 24.23383 -8.25000
v 34.80018 24.23383 -10.12500
v 34.80018 24.23383 -8.25000
v 34.80018 24.23383 -8.25000
v 34.82732 24.19846 -10.12500
v 34.82732 24.19846 -8.25000
v 34.82732 24.19846 -10.12500
v 34.82732 24.19846 -8.25000
v 34.82732 24.19846 -8.25000
v 34.77730 23.56923 -8.25000
v 35.50573 23.56923 -8.25000
v 34.78312 23.61343 -8.25000
v 34.80018 23.65463 -8.25000
v 34.82732 23.69000 -8.25000
v 34.86270 23.71714 -8.25000
v 35.25583 23.94411 -8.25000
v 34.86270 24.17132 -8.25000
v 34.82732 24.19846 -8.25000
v 34.80018 24.23383 -8.25000
v 34.78312 24.27502 -8.25000
v 35.50573 24.31923 -8.25000
v 34.77730 24.31923 -8.25000
v 35.50573 24.31923 -8.25000
v 34.78312 24.27502 -8.25000
v 34.77730 24.31923 -8.25000
v 35.25583 23.94411 -8.25000
v 35.50573 23.56923 -8.25000
v 34.80018 24.23383 -8.25000
v 34.82732 24.19846 -8.25000
v 34.86270 24.17132 -8.25000
v 34.86270 23.71714 -8.25000
v 34.82732 23.69000 -8.25000
v 34.80018 23.65463 -8.25000
v 34.78312 23.61343 -8.25000
v 34.77730 23.56923 -8.25000
v 35.50573 24.31923 -8.25000
v 35.50573 23.56923 -8.25000
usemtl ID27
f 2097 2098 2099
f 2098 2100 2099
f 2100 2101 2099
f 2101 2102 2099
f 2102 2103 2099
f 2104 2105 2103
f 2105 2106 2103
f 2106 2107 2103
f 2099 2103 2108
f 2103 2107 2108
f 2109 2108 2107
f 2110 2111 2112
f 2111 2110 2113
f 2111 2113 2114
f 2113 2110 2115
f 2113 2115 2116
f 2113 2116 2117
f 2114 2113 2118
f 2114 2118 2119
f 2114 2119 2120
f 2114 2120 2121
f 2114 2121 2122
f 2136 2137 2138
f 2139 2138 2137
f 2140 2141 2142
f 2141 2140 2143
f 2146 2147 2148
f 2149 2148 2147
f 2150 2151 2152
f 2151 2150 2153
f 2147 2155 2149
f 2156 2149 2155
f 2157 2152 2158
f 2152 2157 2150
f 2155 2160 2156
f 2161 2156 2160
f 2162 2158 2163
f 2158 2162 2157
f 2160 2165 2161
f 2166 2161 2165
f 2167 2163 2168
f 2163 2167 2162
f 2165 2170 2166
f 2171 2166 2170
f 2172 2168 2173
f 2168 2172 2167
f 2175 2176 2177
f 2178 2177 2176
f 2179 2180 2181
f 2180 2179 2182
f 2176 2185 2178
f 2186 2178 2185
f 2187 2181 2188
f 2181 2187 2179
f 2185 2190 2186
f 2191 2186 2190
f 2192 2188 2193
f 2188 2192 2187
f 2138 2139 2190
f 2191 2190 2139
f 2142 2192 2193
f 2192 2142 2141
f 2195 2196 2197
f 2197 2196 2198
f 2198 2196 2199
f 2199 2196 2200
f 2200 2196 2201
f 2202 2201 2203
f 2203 2201 2204
f 2204 2201 2205
f 2196 2206 2201
f 2201 2206 2205
f 2207 2205 2206
f 2208 2209 2210
f 2209 2208 2211
f 2211 2208 2212
f 2209 2211 2213
f 2213 2211 2214
f 2214 2211 2215
f 2211 2212 2216
f 2216 2212 2217
f 2217 2212 2218
f 2218 2212 2219
f 2219 2212 2220
o Jaw_Lower_Assy_Jaw_Lower_Cross_Piece
v 36.98248 26.47189 -6.56250
v 35.98248 26.80843 -11.81250
v 35.98248 26.80843 -6.56250
v 36.98248 26.47189 -11.81250
v 36.98248 26.47189 -11.81250
v 36.98248 26.47189 -6.56250
v 35.98248 26.80843 -11.81250
v 35.98248 26.80843 -6.56250
v 35.98248 26.80843 -11.81250
v 36.98248 26.47189 -11.81250
v 35.98248 26.80843 -6.56250
v 36.98248 26.47189 -6.56250
v 35.98248 26.80843 -11.81250
v 36.98248 24.42009 -11.81250
v 35.98248 24.42009 -11.81250
v 36.98248 26.47189 -11.81250
v 36.98248 26.47189 -11.81250
v 35.98248 26.80843 -11.81250
v 36.98248 24.42009 -11.81250
v 35.98248 24.42009 -11.81250
v 35.98248 24.42009 -11.81250
v 36.98248 24.42009 -11.81250
v 35.98248 26.80843 -11.81250
v 35.98248 24.42009 -6.56250
v 35.98248 26.80843 -6.56250
v 35.98248 24.42009 -11.81250
v 35.98248 24.42009 -11.81250
v 35.98248 26.80843 -11.81250
v 35.98248 24.42009 -6.56250
v 35.98248 26.80843 -6.56250
v 35.98248 24.42009 -6.56250
v 36.98248 26.47189 -6.56250
v 35.98248 24.42009 -6.56250
v 36.98248 24.42009 -6.56250
v 35.98248 26.80843 -6.56250
v 35.98248 26.80843 -6.56250
v 36.98248 26.47189 -6.56250
v 35.98248 24.42009 -6.56250
v 36.98248 24.42009 -6.56250
v 36.98248 24.42009 -6.56250
v 36.98248 24.42009 -11.81250
v 36.98248 26.47189 -6.56250
v 36.98248 24.42009 -6.56250
v 36.98248 26.47189 -11.81250
v 36.98248 26.47189 -11.81250
v 36.98248 24.42009 -11.81250
v 36.98248 26.47189 -6.56250
v 36.98248 24.42009 -6.56250
v 36.98248 24.42009 -11.81250
v 35.98248 24.42009 -6.56250
v 35.98248 24.42009 -11.81250
v 36.98248 24.42009 -6.56250
v 36.98248 24.42009 -6.56250
v 36.98248 24.42009 -11.81250
v 35.98248 24.42009 -6.56250
v 35.98248 24.42009 -11.81250
usemtl ID27
f 2223 2224 2225
f 2224 2223 2226
f 2227 2228 2229
f 2230 2229 2228
f 2235 2236 2237
f 2236 2235 2238
f 2239 2240 2241
f 2242 2241 2240
f 2245 2246 2247
f 2246 2245 2248
f 2249 2250 2251
f 2252 2251 2250
f 2254 2255 2256
f 2255 2254 2257
f 2258 2259 2260
f 2261 2260 2259
f 2263 2264 2265
f 2264 2263 2266
f 2267 2268 2269
f 2270 2269 2268
f 2271 2272 2273
f 2272 2271 2274
f 2275 2276 2277
f 2278 2277 2276
o Body_Bench
v 25.92517 19.02995 -11.81250
v 5.64908 19.02995 -11.37500
v 25.92517 19.02995 -10.18750
v 4.11442 19.02995 -11.37500
v 1.59774 19.02995 -10.18750
v 4.11442 19.02995 -11.68750
v 1.59774 19.02995 -11.68750
v 5.64908 19.02995 -11.81250
v 25.92517 19.02995 -11.81250
v 5.64908 19.02995 -11.37500
v 5.64908 19.02995 -11.81250
v 4.11442 19.02995 -11.68750
v 1.59774 19.02995 -10.18750
v 1.59774 19.02995 -11.68750
v 4.11442 19.02995 -11.37500
v 25.92517 19.02995 -10.18750
v 25.92517 19.02995 -11.81250
v 5.64908 19.02995 -11.81250
v 25.92517 19.02995 -10.18750
v 1.59774 19.02995 -10.18750
v 1.59774 19.02995 -11.68750
v 4.11442 19.02995 -11.68750
v 4.11442 19.02995 -11.37500
v 5.64908 19.02995 -11.37500
v 38.25347 21.29329 -11.81250
v 29.36667 20.39526 -11.81250
v 30.23997 21.29329 -11.81250
v 41.20016 23.43163 -11.81250
v 41.87674 22.81756 -11.81250
v 38.25347 23.43163 -11.81250
v 42.46501 22.31460 -11.81250
v 43.53152 21.78367 -11.81250
v 44.44913 21.45897 -11.81250
v 44.99728 21.36641 -11.81250
v 32.39083 19.98353 -11.81250
v 32.52024 19.96649 -11.81250
v 32.64083 19.91654 -11.81250
v 32.74439 19.83708 -11.81250
v 32.82385 19.73353 -11.81250
v 32.87380 19.61294 -11.81250
v 32.89083 19.48353 -11.81250
v 32.87380 19.35412 -11.81250
v 32.82385 19.23353 -11.81250
v 32.74439 19.12997 -11.81250
v 32.64083 19.05052 -11.81250
v 32.52024 19.00056 -11.81250
v 32.39083 18.98353 -11.81250
v 45.13595 18.22742 -11.81250
v 45.26536 18.21038 -11.81250
v 45.38595 18.16043 -11.81250
v 45.48951 18.08097 -11.81250
v 45.56897 17.97742 -11.81250
v 45.61892 17.85683 -11.81250
v 47.94202 15.52995 -11.81250
v 45.63595 17.72742 -11.81250
v 45.61892 17.59801 -11.81250
v 45.56897 17.47742 -11.81250
v 45.48951 17.37386 -11.81250
v 45.38595 17.29440 -11.81250
v 45.26536 17.24445 -11.81250
v 45.13595 17.22742 -11.81250
v 4.89235 15.52995 -11.81250
v 32.26142 19.96649 -11.81250
v 32.14083 19.91654 -11.81250
v 32.03728 19.83708 -11.81250
v 31.95782 19.73353 -11.81250
v 28.32477 19.69989 -11.81250
v 31.90787 19.61294 -11.81250
v 31.89083 19.48353 -11.81250
v 31.90787 19.35412 -11.81250
v 27.16041 19.23796 -11.81250
v 31.95782 19.23353 -11.81250
v 32.03728 19.12997 -11.81250
v 32.14083 19.05052 -11.81250
v 25.92517 19.02995 -11.81250
v 32.26142 19.00056 -11.81250
v 5.64908 19.02995 -11.81250
v 45.00654 18.21038 -11.81250
v 44.88595 18.16043 -11.81250
v 44.78240 18.08097 -11.81250
v 44.70294 17.97742 -11.81250
v 44.65299 17.85683 -11.81250
v 44.63595 17.72742 -11.81250
v 44.65299 17.59801 -11.81250
v 44.70294 17.47742 -11.81250
v 44.78240 17.37386 -11.81250
v 44.88595 17.29440 -11.81250
v 45.00654 17.24445 -11.81250
v 45.13595 17.22742 -11.81250
v 5.64908 19.02995 -11.81250
v 4.89235 15.52995 -11.81250
v 45.00654 17.24445 -11.81250
v 44.88595 17.29440 -11.81250
v 44.78240 17.37386 -11.81250
v 44.70294 17.47742 -11.81250
v 44.65299 17.59801 -11.81250
v 44.63595 17.72742 -11.81250
v 44.65299 17.85683 -11.81250
v 44.70294 17.97742 -11.81250
v 44.78240 18.08097 -11.81250
v 44.88595 18.16043 -11.81250
v 45.00654 18.21038 -11.81250
v 45.13595 18.22742 -11.81250
v 32.39083 18.98353 -11.81250
v 32.26142 19.00056 -11.81250
v 25.92517 19.02995 -11.81250
v 32.14083 19.05052 -11.81250
v 27.16041 19.23796 -11.81250
v 32.03728 19.12997 -11.81250
v 31.95782 19.23353 -11.81250
v 31.90787 19.35412 -11.81250
v 28.32477 19.69989 -11.81250
v 31.89083 19.48353 -11.81250
v 31.90787 19.61294 -11.81250
v 31.95782 19.73353 -11.81250
v 29.36667 20.39526 -11.81250
v 32.03728 19.83708 -11.81250
v 32.14083 19.91654 -11.81250
v 32.26142 19.96649 -11.81250
v 32.39083 19.98353 -11.81250
v 47.94202 15.52995 -11.81250
v 45.26536 17.24445 -11.81250
v 45.38595 17.29440 -11.81250
v 45.48951 17.37386 -11.81250
v 45.56897 17.47742 -11.81250
v 45.61892 17.59801 -11.81250
v 45.63595 17.72742 -11.81250
v 45.61892 17.85683 -11.81250
v 44.99728 21.36641 -11.81250
v 45.56897 17.97742 -11.81250
v 45.48951 18.08097 -11.81250
v 45.38595 18.16043 -11.81250
v 45.26536 18.21038 -11.81250
v 32.52024 19.00056 -11.81250
v 32.64083 19.05052 -11.81250
v 32.74439 19.12997 -11.81250
v 32.82385 19.23353 -11.81250
v 32.87380 19.35412 -11.81250
v 32.89083 19.48353 -11.81250
v 32.87380 19.61294 -11.81250
v 32.82385 19.73353 -11.81250
v 32.74439 19.83708 -11.81250
v 32.64083 19.91654 -11.81250
v 32.52024 19.96649 -11.81250
v 38.25347 21.29329 -11.81250
v 44.44913 21.45897 -11.81250
v 38.25347 23.43163 -11.81250
v 43.53152 21.78367 -11.81250
v 42.46501 22.31460 -11.81250
v 41.87674 22.81756 -11.81250
v 41.20016 23.43163 -11.81250
v 30.23997 21.29329 -11.81250
v 4.89235 15.52995 -11.81250
v 47.94202 15.52995 -11.81250
v 44.99728 21.36641 -11.81250
v 44.44913 21.45897 -11.81250
v 43.53152 21.78367 -11.81250
v 42.46501 22.31460 -11.81250
v 41.87674 22.81756 -11.81250
v 41.20016 23.43163 -11.81250
v 38.25347 23.43163 -11.81250
v 38.25347 21.29329 -11.81250
v 30.23997 21.29329 -11.81250
v 29.36667 20.39526 -11.81250
v 28.32477 19.69989 -11.81250
v 27.16041 19.23796 -11.81250
v 45.13595 18.22742 -11.81250
v 45.00654 18.21038 -11.81250
v 45.26536 18.21038 -11.81250
v 45.38595 18.16043 -11.81250
v 45.48951 18.08097 -11.81250
v 45.56897 17.97742 -11.81250
v 45.61892 17.85683 -11.81250
v 45.63595 17.72742 -11.81250
v 45.61892 17.59801 -11.81250
v 45.56897 17.47742 -11.81250
v 45.48951 17.37386 -11.81250
v 45.38595 17.29440 -11.81250
v 45.26536 17.24445 -11.81250
v 45.13595 17.22742 -11.81250
v 45.00654 17.24445 -11.81250
v 44.88595 17.29440 -11.81250
v 44.78240 17.37386 -11.81250
v 44.70294 17.47742 -11.81250
v 44.65299 17.59801 -11.81250
v 44.63595 17.72742 -11.81250
v 44.65299 17.85683 -11.81250
v 44.70294 17.97742 -11.81250
v 44.78240 18.08097 -11.81250
v 44.88595 18.16043 -11.81250
v 32.39083 19.98353 -11.81250
v 32.52024 19.96649 -11.81250
v 32.64083 19.91654 -11.81250
v 32.74439 19.83708 -11.81250
v 32.82385 19.73353 -11.81250
v 32.87380 19.61294 -11.81250
v 32.89083 19.48353 -11.81250
v 32.87380 19.35412 -11.81250
v 32.82385 19.23353 -11.81250
v 32.74439 19.12997 -11.81250
v 32.64083 19.05052 -11.81250
v 32.52024 19.00056 -11.81250
v 32.39083 18.98353 -11.81250
v 32.26142 19.00056 -11.81250
v 32.14083 19.05052 -11.81250
v 32.03728 19.12997 -11.81250
v 31.95782 19.23353 -11.81250
v 31.90787 19.35412 -11.81250
v 31.89083 19.48353 -11.81250
v 31.90787 19.61294 -11.81250
v 31.95782 19.73353 -11.81250
v 32.03728 19.83708 -11.81250
v 32.14083 19.91654 -11.81250
v 32.26142 19.96649 -11.81250
v 27.16041 19.23796 -10.18750
v 27.16041 19.23796 -11.81250
v 27.16041 19.23796 -11.81250
v 27.16041 19.23796 -10.18750
v 27.16041 19.23796 -10.18750
v 41.20016 23.43163 -10.18750
v 38.25347 23.43163 -10.18750
v 41.87674 22.81756 -10.18750
v 42.46501 22.31460 -10.18750
v 43.53152 21.78367 -10.18750
v 44.44913 21.45897 -10.18750
v 38.25347 21.29329 -10.18750
v 44.99728 21.36641 -10.18750
v 30.23997 21.29329 -10.18750
v 29.36667 20.39526 -10.18750
v 28.32477 19.69989 -10.18750
v 27.16041 19.23796 -10.18750
v 25.92517 19.02995 -10.18750
v 47.94202 15.52995 -10.18750
v 1.59774 19.02995 -10.18750
v 1.59774 15.52995 -10.18750
v 1.59774 19.02995 -10.18750
v 47.94202 15.52995 -10.18750
v 1.59774 15.52995 -10.18750
v 25.92517 19.02995 -10.18750
v 44.99728 21.36641 -10.18750
v 27.16041 19.23796 -10.18750
v 28.32477 19.69989 -10.18750
v 29.36667 20.39526 -10.18750
v 38.25347 21.29329 -10.18750
v 30.23997 21.29329 -10.18750
v 44.44913 21.45897 -10.18750
v 38.25347 23.43163 -10.18750
v 43.53152 21.78367 -10.18750
v 42.46501 22.31460 -10.18750
v 41.87674 22.81756 -10.18750
v 41.20016 23.43163 -10.18750
v 47.94202 15.52995 -10.18750
v 44.99728 21.36641 -10.18750
v 1.59774 15.52995 -10.18750
v 28.32477 19.69989 -10.18750
v 29.36667 20.39526 -10.18750
v 30.23997 21.29329 -10.18750
v 38.25347 21.29329 -10.18750
v 38.25347 23.43163 -10.18750
v 41.20016 23.43163 -10.18750
v 41.87674 22.81756 -10.18750
v 42.46501 22.31460 -10.18750
v 43.53152 21.78367 -10.18750
v 44.44913 21.45897 -10.18750
v 1.59774 15.52995 -10.18750
v 1.59774 19.02995 -10.18750
v 1.59774 15.52995 -11.68750
v 1.59774 19.02995 -11.68750
v 1.59774 19.02995 -10.18750
v 1.59774 15.52995 -11.68750
v 1.59774 19.02995 -11.68750
v 1.59774 15.52995 -10.18750
v 1.59774 15.52995 -11.68750
v 4.11442 19.02995 -11.68750
v 3.35769 15.52995 -11.68750
v 1.59774 19.02995 -11.68750
v 1.59774 15.52995 -11.68750
v 3.35769 15.52995 -11.68750
v 1.59774 19.02995 -11.68750
v 1.59774 15.52995 -11.68750
v 4.11442 19.02995 -11.68750
v 3.35769 15.52995 -11.68750
v 3.35769 15.52995 -11.37500
v 3.35769 15.52995 -11.68750
v 4.11442 19.02995 -11.37500
v 4.11442 19.02995 -11.68750
v 3.35769 15.52995 -11.68750
v 4.11442 19.02995 -11.37500
v 4.11442 19.02995 -11.68750
v 3.35769 15.52995 -11.37500
v 3.35769 15.52995 -11.37500
v 4.11442 19.02995 -11.37500
v 5.64908 19.02995 -11.37500
v 3.35769 15.52995 -11.37500
v 4.89235 15.52995 -11.37500
v 5.64908 19.02995 -11.37500
v 3.35769 15.52995 -11.37500
v 4.89235 15.52995 -11.37500
v 4.11442 19.02995 -11.37500
v 4.89235 15.52995 -11.37500
v 4.89235 15.52995 -11.37500
v 5.64908 19.02995 -11.37500
v 4.89235 15.52995 -11.81250
v 5.64908 19.02995 -11.81250
v 5.64908 19.02995 -11.37500
v 4.89235 15.52995 -11.81250
v 5.64908 19.02995 -11.81250
v 4.89235 15.52995 -11.37500
v 3.35769 15.52995 -11.37500
v 1.59774 15.52995 -11.68750
v 3.35769 15.52995 -11.68750
v 47.94202 15.52995 -10.18750
v 4.89235 15.52995 -11.37500
v 47.94202 15.52995 -11.81250
v 4.89235 15.52995 -11.81250
v 1.59774 15.52995 -10.18750
v 1.59774 15.52995 -10.18750
v 3.35769 15.52995 -11.37500
v 1.59774 15.52995 -11.68750
v 47.94202 15.52995 -10.18750
v 4.89235 15.52995 -11.37500
v 47.94202 15.52995 -11.81250
v 4.89235 15.52995 -11.81250
v 3.35769 15.52995 -11.68750
v 44.99728 21.36641 -10.18750
v 47.94202 15.52995 -10.18750
v 44.99728 21.36641 -11.81250
v 47.94202 15.52995 -11.81250
v 47.94202 15.52995 -10.18750
v 44.99728 21.36641 -11.81250
v 47.94202 15.52995 -11.81250
v 44.99728 21.36641 -10.18750
v 44.99728 21.36641 -10.18750
v 44.99728 21.36641 -11.81250
v 44.44913 21.45897 -10.18750
v 44.44913 21.45897 -11.81250
v 44.99728 21.36641 -11.81250
v 44.44913 21.45897 -10.18750
v 44.44913 21.45897 -11.81250
v 44.99728 21.36641 -10.18750
v 43.53152 21.78367 -10.18750
v 43.53152 21.78367 -11.81250
v 43.53152 21.78367 -10.18750
v 43.53152 21.78367 -11.81250
v 42.46501 22.31460 -10.18750
v 42.46501 22.31460 -11.81250
v 42.46501 22.31460 -10.18750
v 42.46501 22.31460 -11.81250
v 41.87674 22.81756 -10.18750
v 41.87674 22.81756 -11.81250
v 41.87674 22.81756 -10.18750
v 41.87674 22.81756 -11.81250
v 41.20016 23.43163 -10.18750
v 41.20016 23.43163 -11.81250
v 41.20016 23.43163 -10.18750
v 41.20016 23.43163 -11.81250
v 41.20016 23.43163 -10.18750
v 41.20016 23.43163 -11.81250
v 38.25347 23.43163 -10.18750
v 38.25347 23.43163 -11.81250
v 41.20016 23.43163 -11.81250
v 38.25347 23.43163 -10.18750
v 38.25347 23.43163 -11.81250
v 41.20016 23.43163 -10.18750
v 38.25347 21.29329 -10.18750
v 38.25347 23.43163 -10.18750
v 38.25347 21.29329 -11.81250
v 38.25347 23.43163 -11.81250
v 38.25347 23.43163 -10.18750
v 38.25347 21.29329 -11.81250
v 38.25347 23.43163 -11.81250
v 38.25347 21.29329 -10.18750
v 38.25347 21.29329 -10.18750
v 38.25347 21.29329 -11.81250
v 30.23997 21.29329 -10.18750
v 30.23997 21.29329 -11.81250
v 38.25347 21.29329 -11.81250
v 30.23997 21.29329 -10.18750
v 30.23997 21.29329 -11.81250
v 38.25347 21.29329 -10.18750
v 29.36667 20.39526 -10.18750
v 30.23997 21.29329 -10.18750
v 29.36667 20.39526 -11.81250
v 30.23997 21.29329 -11.81250
v 30.23997 21.29329 -10.18750
v 29.36667 20.39526 -11.81250
v 30.23997 21.29329 -11.81250
v 29.36667 20.39526 -10.18750
v 28.32477 19.69989 -10.18750
v 28.32477 19.69989 -11.81250
v 28.32477 19.69989 -10.18750
v 28.32477 19.69989 -11.81250
usemtl ID27
f 2279 2280 2281
f 2280 2282 2281
f 2281 2282 2283
f 2282 2284 2283
f 2285 2283 2284
f 2286 2280 2279
f 2287 2288 2289
f 2290 2291 2292
f 2291 2290 2293
f 2291 2293 2294
f 2294 2293 2288
f 2294 2288 2287
f 2303 2304 2305
f 2306 2307 2308
f 2307 2309 2308
f 2309 2310 2308
f 2310 2311 2308
f 2308 2311 2303
f 2311 2312 2303
f 2303 2312 2304
f 2304 2312 2313
f 2313 2312 2314
f 2314 2312 2315
f 2315 2312 2316
f 2316 2312 2317
f 2317 2312 2318
f 2318 2312 2319
f 2319 2312 2320
f 2320 2312 2321
f 2321 2312 2322
f 2322 2312 2323
f 2323 2312 2324
f 2325 2324 2326
f 2324 2312 2326
f 2326 2312 2327
f 2327 2312 2328
f 2328 2312 2329
f 2329 2312 2330
f 2330 2312 2331
f 2312 2332 2331
f 2331 2332 2333
f 2333 2332 2334
f 2334 2332 2335
f 2335 2332 2336
f 2336 2332 2337
f 2337 2332 2338
f 2338 2332 2339
f 2340 2339 2332
f 2313 2341 2304
f 2341 2342 2304
f 2342 2343 2304
f 2343 2344 2304
f 2304 2344 2345
f 2344 2346 2345
f 2346 2347 2345
f 2347 2348 2345
f 2345 2348 2349
f 2348 2350 2349
f 2350 2351 2349
f 2351 2352 2349
f 2349 2352 2353
f 2352 2354 2353
f 2353 2354 2355
f 2354 2325 2355
f 2325 2326 2355
f 2326 2356 2355
f 2356 2357 2355
f 2357 2358 2355
f 2358 2359 2355
f 2359 2360 2355
f 2360 2361 2355
f 2361 2362 2355
f 2362 2363 2355
f 2363 2364 2355
f 2364 2365 2355
f 2365 2366 2355
f 2366 2339 2355
f 2340 2355 2339
f 2367 2368 2369
f 2368 2367 2370
f 2368 2370 2371
f 2368 2371 2372
f 2368 2372 2373
f 2368 2373 2374
f 2368 2374 2375
f 2368 2375 2376
f 2368 2376 2377
f 2368 2377 2378
f 2368 2378 2379
f 2368 2379 2380
f 2368 2380 2381
f 2368 2381 2382
f 2368 2382 2383
f 2368 2383 2384
f 2384 2383 2385
f 2384 2385 2386
f 2386 2385 2387
f 2386 2387 2388
f 2386 2388 2389
f 2386 2389 2390
f 2390 2389 2391
f 2390 2391 2392
f 2390 2392 2393
f 2390 2393 2394
f 2394 2393 2395
f 2394 2395 2396
f 2394 2396 2397
f 2394 2397 2398
f 2399 2367 2369
f 2367 2399 2400
f 2400 2399 2401
f 2401 2399 2402
f 2402 2399 2403
f 2403 2399 2404
f 2404 2399 2405
f 2405 2399 2406
f 2406 2399 2407
f 2406 2407 2408
f 2408 2407 2409
f 2409 2407 2410
f 2410 2407 2411
f 2411 2407 2381
f 2381 2407 2412
f 2381 2412 2382
f 2412 2407 2413
f 2413 2407 2414
f 2414 2407 2415
f 2415 2407 2416
f 2416 2407 2417
f 2417 2407 2418
f 2418 2407 2419
f 2419 2407 2420
f 2420 2407 2421
f 2421 2407 2422
f 2422 2407 2398
f 2398 2407 2394
f 2394 2407 2423
f 2423 2407 2424
f 2423 2424 2425
f 2425 2424 2426
f 2425 2426 2427
f 2425 2427 2428
f 2425 2428 2429
f 2430 2394 2423
f 2493 2494 2281
f 2279 2281 2494
f 2495 2294 2287
f 2294 2495 2496
f 2498 2499 2500
f 2500 2499 2501
f 2501 2499 2502
f 2502 2499 2503
f 2499 2504 2503
f 2503 2504 2505
f 2506 2507 2504
f 2504 2507 2505
f 2507 2508 2505
f 2508 2509 2505
f 2509 2510 2505
f 2505 2510 2511
f 2510 2512 2511
f 2513 2511 2512
f 2514 2515 2516
f 2515 2514 2517
f 2515 2517 2518
f 2518 2517 2519
f 2518 2519 2520
f 2518 2520 2521
f 2518 2521 2522
f 2522 2521 2523
f 2518 2522 2524
f 2524 2522 2525
f 2524 2525 2526
f 2526 2525 2527
f 2527 2525 2528
f 2528 2525 2529
f 2543 2544 2545
f 2546 2545 2544
f 2547 2548 2549
f 2548 2547 2550
f 2552 2553 2554
f 2555 2554 2553
f 2556 2557 2558
f 2557 2556 2559
f 2561 2562 2563
f 2564 2563 2562
f 2565 2566 2567
f 2566 2565 2568
f 2570 2571 2572
f 2573 2572 2571
f 2574 2575 2576
f 2575 2574 2577
f 2579 2580 2581
f 2582 2581 2580
f 2583 2584 2585
f 2584 2583 2586
f 2587 2588 2589
f 2590 2591 2592
f 2593 2592 2591
f 2591 2590 2587
f 2590 2594 2587
f 2588 2587 2594
f 2595 2596 2597
f 2596 2595 2598
f 2596 2598 2599
f 2599 2600 2601
f 2600 2599 2598
f 2602 2597 2596
f 2603 2604 2605
f 2606 2605 2604
f 2607 2608 2609
f 2608 2607 2610
f 2611 2612 2613
f 2614 2613 2612
f 2615 2616 2617
f 2616 2615 2618
f 2613 2614 2619
f 2620 2619 2614
f 2617 2621 2622
f 2621 2617 2616
f 2619 2620 2623
f 2624 2623 2620
f 2622 2625 2626
f 2625 2622 2621
f 2623 2624 2627
f 2628 2627 2624
f 2626 2629 2630
f 2629 2626 2625
f 2627 2628 2631
f 2632 2631 2628
f 2630 2633 2634
f 2633 2630 2629
f 2635 2636 2637
f 2638 2637 2636
f 2639 2640 2641
f 2640 2639 2642
f 2643 2644 2645
f 2646 2645 2644
f 2647 2648 2649
f 2648 2647 2650
f 2651 2652 2653
f 2654 2653 2652
f 2655 2656 2657
f 2656 2655 2658
f 2659 2660 2661
f 2662 2661 2660
f 2663 2664 2665
f 2664 2663 2666
f 2659 2661 2667
f 2668 2667 2661
f 2664 2669 2670
f 2669 2664 2666
f 2667 2668 2493
f 2494 2493 2668
f 2670 2496 2495
f 2496 2670 2669
o Body_Filler_Front
v 38.31833 23.43163 -10.18750
v 38.31833 15.52995 -8.18750
v 38.31833 23.43163 -8.18750
v 38.31833 15.52995 -10.18750
v 38.31833 15.52995 -10.18750
v 38.31833 23.43163 -10.18750
v 38.31833 15.52995 -8.18750
v 38.31833 23.43163 -8.18750
v 38.31833 15.52995 -10.18750
v 38.31833 23.43163 -10.18750
v 38.31833 15.52995 -8.18750
v 38.31833 23.43163 -8.18750
v 38.31833 23.43163 -10.18750
v 41.20016 15.52995 -10.18750
v 38.31833 15.52995 -10.18750
v 41.20016 23.43163 -10.18750
v 41.20016 23.43163 -10.18750
v 38.31833 23.43163 -10.18750
v 41.20016 15.52995 -10.18750
v 38.31833 15.52995 -10.18750
v 41.20016 15.52995 -10.18750
v 41.20016 23.43163 -10.18750
v 41.20016 15.52995 -10.18750
v 38.31833 15.52995 -8.18750
v 38.31833 15.52995 -10.18750
v 41.20016 15.52995 -8.18750
v 41.20016 15.52995 -8.18750
v 41.20016 15.52995 -10.18750
v 38.31833 15.52995 -8.18750
v 38.31833 15.52995 -10.18750
v 41.20016 15.52995 -8.18750
v 41.20016 23.43163 -8.18750
v 38.31833 15.52995 -8.18750
v 41.20016 15.52995 -8.18750
v 38.31833 23.43163 -8.18750
v 38.31833 23.43163 -8.18750
v 41.20016 23.43163 -8.18750
v 38.31833 15.52995 -8.18750
v 41.20016 15.52995 -8.18750
v 41.20016 23.43163 -8.18750
v 38.31833 23.43163 -8.18750
v 41.20016 23.43163 -10.18750
v 38.31833 23.43163 -10.18750
v 41.20016 23.43163 -8.18750
v 41.20016 23.43163 -8.18750
v 38.31833 23.43163 -8.18750
v 41.20016 23.43163 -10.18750
v 38.31833 23.43163 -10.18750
v 41.20016 15.52995 -10.18750
v 41.20016 23.43163 -8.18750
v 41.20016 15.52995 -8.18750
v 41.20016 23.43163 -10.18750
v 41.20016 23.43163 -10.18750
v 41.20016 15.52995 -10.18750
v 41.20016 23.43163 -8.18750
v 41.20016 15.52995 -8.18750
usemtl ID27
f 2671 2672 2673
f 2672 2671 2674
f 2675 2676 2677
f 2678 2677 2676
f 2683 2684 2685
f 2684 2683 2686
f 2687 2688 2689
f 2690 2689 2688
f 2693 2694 2695
f 2694 2693 2696
f 2697 2698 2699
f 2700 2699 2698
f 2702 2703 2704
f 2703 2702 2705
f 2706 2707 2708
f 2709 2708 2707
f 2711 2712 2713
f 2712 2711 2714
f 2715 2716 2717
f 2718 2717 2716
f 2719 2720 2721
f 2720 2719 2722
f 2723 2724 2725
f 2726 2725 2724
o Body_Bench_1
v 25.92516 19.02995 -6.56250
v 5.64908 19.02995 -7.00000
v 5.64908 19.02995 -6.56250
v 4.11442 19.02995 -6.68750
v 1.59773 19.02995 -8.18750
v 1.59773 19.02995 -6.68750
v 4.11442 19.02995 -7.00000
v 25.92516 19.02995 -8.18750
v 25.92516 19.02995 -6.56250
v 5.64908 19.02995 -7.00000
v 25.92516 19.02995 -8.18750
v 4.11442 19.02995 -7.00000
v 1.59773 19.02995 -8.18750
v 4.11442 19.02995 -6.68750
v 1.59773 19.02995 -6.68750
v 5.64908 19.02995 -6.56250
v 25.92516 19.02995 -6.56250
v 5.64908 19.02995 -6.56250
v 25.92516 19.02995 -8.18750
v 1.59773 19.02995 -8.18750
v 1.59773 19.02995 -6.68750
v 4.11442 19.02995 -6.68750
v 4.11442 19.02995 -7.00000
v 5.64908 19.02995 -7.00000
v 45.13594 17.22742 -6.56250
v 5.64908 19.02995 -6.56250
v 4.89235 15.52995 -6.56250
v 45.00653 17.24445 -6.56250
v 44.88594 17.29440 -6.56250
v 44.78240 17.37386 -6.56250
v 44.70294 17.47742 -6.56250
v 44.65299 17.59801 -6.56250
v 44.63594 17.72742 -6.56250
v 44.65299 17.85683 -6.56250
v 44.70294 17.97742 -6.56250
v 44.78240 18.08097 -6.56250
v 44.88594 18.16043 -6.56250
v 45.00653 18.21038 -6.56250
v 45.13594 18.22742 -6.56250
v 32.39082 18.98353 -6.56250
v 32.26141 19.00056 -6.56250
v 25.92516 19.02995 -6.56250
v 32.14082 19.05052 -6.56250
v 27.16041 19.23796 -6.56250
v 32.03728 19.12997 -6.56250
v 31.95782 19.23353 -6.56250
v 31.90787 19.35412 -6.56250
v 28.32476 19.69989 -6.56250
v 31.89082 19.48353 -6.56250
v 31.90787 19.61294 -6.56250
v 31.95782 19.73353 -6.56250
v 29.36667 20.39526 -6.56250
v 32.03728 19.83708 -6.56250
v 32.14082 19.91654 -6.56250
v 32.26141 19.96649 -6.56250
v 32.39082 19.98353 -6.56250
v 47.94201 15.52995 -6.56250
v 45.26535 17.24445 -6.56250
v 45.38594 17.29440 -6.56250
v 45.48951 17.37386 -6.56250
v 45.56896 17.47742 -6.56250
v 45.61892 17.59801 -6.56250
v 45.63594 17.72742 -6.56250
v 45.61892 17.85683 -6.56250
v 44.99728 21.36641 -6.56250
v 45.56896 17.97742 -6.56250
v 45.48951 18.08097 -6.56250
v 45.38594 18.16043 -6.56250
v 45.26535 18.21038 -6.56250
v 32.52023 19.00056 -6.56250
v 32.64082 19.05052 -6.56250
v 32.74439 19.12997 -6.56250
v 32.82384 19.23353 -6.56250
v 32.87380 19.35412 -6.56250
v 32.89082 19.48353 -6.56250
v 32.87380 19.61294 -6.56250
v 32.82384 19.73353 -6.56250
v 32.74439 19.83708 -6.56250
v 32.64082 19.91654 -6.56250
v 32.52023 19.96649 -6.56250
v 38.25346 21.29329 -6.56250
v 44.44913 21.45897 -6.56250
v 38.25346 23.43163 -6.56250
v 43.53151 21.78367 -6.56250
v 42.46500 22.31460 -6.56250
v 41.87674 22.81756 -6.56250
v 41.20016 23.43163 -6.56250
v 30.23997 21.29329 -6.56250
v 38.25346 21.29329 -6.56250
v 29.36667 20.39526 -6.56250
v 30.23997 21.29329 -6.56250
v 41.20016 23.43163 -6.56250
v 41.87674 22.81756 -6.56250
v 38.25346 23.43163 -6.56250
v 42.46500 22.31460 -6.56250
v 43.53151 21.78367 -6.56250
v 44.44913 21.45897 -6.56250
v 44.99728 21.36641 -6.56250
v 32.39082 19.98353 -6.56250
v 32.52023 19.96649 -6.56250
v 32.64082 19.91654 -6.56250
v 32.74439 19.83708 -6.56250
v 32.82384 19.73353 -6.56250
v 32.87380 19.61294 -6.56250
v 32.89082 19.48353 -6.56250
v 32.87380 19.35412 -6.56250
v 32.82384 19.23353 -6.56250
v 32.74439 19.12997 -6.56250
v 32.64082 19.05052 -6.56250
v 32.52023 19.00056 -6.56250
v 32.39082 18.98353 -6.56250
v 45.13594 18.22742 -6.56250
v 45.26535 18.21038 -6.56250
v 45.38594 18.16043 -6.56250
v 45.48951 18.08097 -6.56250
v 45.56896 17.97742 -6.56250
v 45.61892 17.85683 -6.56250
v 47.94201 15.52995 -6.56250
v 45.63594 17.72742 -6.56250
v 45.61892 17.59801 -6.56250
v 45.56896 17.47742 -6.56250
v 45.48951 17.37386 -6.56250
v 45.38594 17.29440 -6.56250
v 45.26535 17.24445 -6.56250
v 45.13594 17.22742 -6.56250
v 4.89235 15.52995 -6.56250
v 32.26141 19.96649 -6.56250
v 32.14082 19.91654 -6.56250
v 32.03728 19.83708 -6.56250
v 31.95782 19.73353 -6.56250
v 28.32476 19.69989 -6.56250
v 31.90787 19.61294 -6.56250
v 31.89082 19.48353 -6.56250
v 31.90787 19.35412 -6.56250
v 27.16041 19.23796 -6.56250
v 31.95782 19.23353 -6.56250
v 32.03728 19.12997 -6.56250
v 32.14082 19.05052 -6.56250
v 25.92516 19.02995 -6.56250
v 32.26141 19.00056 -6.56250
v 5.64908 19.02995 -6.56250
v 45.00653 18.21038 -6.56250
v 44.88594 18.16043 -6.56250
v 44.78240 18.08097 -6.56250
v 44.70294 17.97742 -6.56250
v 44.65299 17.85683 -6.56250
v 44.63594 17.72742 -6.56250
v 44.65299 17.59801 -6.56250
v 44.70294 17.47742 -6.56250
v 44.78240 17.37386 -6.56250
v 44.88594 17.29440 -6.56250
v 45.00653 17.24445 -6.56250
v 4.89235 15.52995 -6.56250
v 47.94201 15.52995 -6.56250
v 44.99728 21.36641 -6.56250
v 44.44913 21.45897 -6.56250
v 43.53151 21.78367 -6.56250
v 42.46500 22.31460 -6.56250
v 41.87674 22.81756 -6.56250
v 41.20016 23.43163 -6.56250
v 38.25346 23.43163 -6.56250
v 38.25346 21.29329 -6.56250
v 30.23997 21.29329 -6.56250
v 29.36667 20.39526 -6.56250
v 28.32476 19.69989 -6.56250
v 27.16041 19.23796 -6.56250
v 45.13594 18.22742 -6.56250
v 45.00653 18.21038 -6.56250
v 45.26535 18.21038 -6.56250
v 45.38594 18.16043 -6.56250
v 45.48951 18.08097 -6.56250
v 45.56896 17.97742 -6.56250
v 45.61892 17.85683 -6.56250
v 45.63594 17.72742 -6.56250
v 45.61892 17.59801 -6.56250
v 45.56896 17.47742 -6.56250
v 45.48951 17.37386 -6.56250
v 45.38594 17.29440 -6.56250
v 45.26535 17.24445 -6.56250
v 45.13594 17.22742 -6.56250
v 45.00653 17.24445 -6.56250
v 44.88594 17.29440 -6.56250
v 44.78240 17.37386 -6.56250
v 44.70294 17.47742 -6.56250
v 44.65299 17.59801 -6.56250
v 44.63594 17.72742 -6.56250
v 44.65299 17.85683 -6.56250
v 44.70294 17.97742 -6.56250
v 44.78240 18.08097 -6.56250
v 44.88594 18.16043 -6.56250
v 32.39082 19.98353 -6.56250
v 32.52023 19.96649 -6.56250
v 32.64082 19.91654 -6.56250
v 32.74439 19.83708 -6.56250
v 32.82384 19.73353 -6.56250
v 32.87380 19.61294 -6.56250
v 32.89082 19.48353 -6.56250
v 32.87380 19.35412 -6.56250
v 32.82384 19.23353 -6.56250
v 32.74439 19.12997 -6.56250
v 32.64082 19.05052 -6.56250
v 32.52023 19.00056 -6.56250
v 32.39082 18.98353 -6.56250
v 32.26141 19.00056 -6.56250
v 32.14082 19.05052 -6.56250
v 32.03728 19.12997 -6.56250
v 31.95782 19.23353 -6.56250
v 31.90787 19.35412 -6.56250
v 31.89082 19.48353 -6.56250
v 31.90787 19.61294 -6.56250
v 31.95782 19.73353 -6.56250
v 32.03728 19.83708 -6.56250
v 32.14082 19.91654 -6.56250
v 32.26141 19.96649 -6.56250
v 27.16041 19.23796 -6.56250
v 27.16041 19.23796 -8.18750
v 27.16041 19.23796 -8.18750
v 27.16041 19.23796 -6.56250
v 27.16041 19.23796 -8.18750
v 1.59773 19.02995 -8.18750
v 47.94201 15.52995 -8.18750
v 1.59773 15.52995 -8.18750
v 25.92516 19.02995 -8.18750
v 44.99728 21.36641 -8.18750
v 27.16041 19.23796 -8.18750
v 28.32476 19.69989 -8.18750
v 29.36667 20.39526 -8.18750
v 38.25346 21.29329 -8.18750
v 30.23997 21.29329 -8.18750
v 44.44913 21.45897 -8.18750
v 38.25346 23.43163 -8.18750
v 43.53151 21.78367 -8.18750
v 42.46500 22.31460 -8.18750
v 41.87674 22.81756 -8.18750
v 41.20016 23.43163 -8.18750
v 41.20016 23.43163 -8.18750
v 38.25346 23.43163 -8.18750
v 41.87674 22.81756 -8.18750
v 42.46500 22.31460 -8.18750
v 43.53151 21.78367 -8.18750
v 44.44913 21.45897 -8.18750
v 38.25346 21.29329 -8.18750
v 44.99728 21.36641 -8.18750
v 30.23997 21.29329 -8.18750
v 29.36667 20.39526 -8.18750
v 28.32476 19.69989 -8.18750
v 27.16041 19.23796 -8.18750
v 25.92516 19.02995 -8.18750
v 47.94201 15.52995 -8.18750
v 1.59773 19.02995 -8.18750
v 1.59773 15.52995 -8.18750
v 47.94201 15.52995 -8.18750
v 44.99728 21.36641 -8.18750
v 1.59773 15.52995 -8.18750
v 28.32476 19.69989 -8.18750
v 29.36667 20.39526 -8.18750
v 30.23997 21.29329 -8.18750
v 38.25346 21.29329 -8.18750
v 38.25346 23.43163 -8.18750
v 41.20016 23.43163 -8.18750
v 41.87674 22.81756 -8.18750
v 42.46500 22.31460 -8.18750
v 43.53151 21.78367 -8.18750
v 44.44913 21.45897 -8.18750
v 1.59773 19.02995 -8.18750
v 1.59773 15.52995 -6.68750
v 1.59773 19.02995 -6.68750
v 1.59773 15.52995 -8.18750
v 1.59773 15.52995 -8.18750
v 1.59773 19.02995 -8.18750
v 1.59773 15.52995 -6.68750
v 1.59773 19.02995 -6.68750
v 1.59773 15.52995 -6.68750
v 3.35769 15.52995 -6.68750
v 1.59773 19.02995 -6.68750
v 1.59773 15.52995 -6.68750
v 4.11442 19.02995 -6.68750
v 4.11442 19.02995 -6.68750
v 3.35769 15.52995 -6.68750
v 1.59773 19.02995 -6.68750
v 1.59773 15.52995 -6.68750
v 3.35769 15.52995 -6.68750
v 3.35769 15.52995 -6.68750
v 4.11442 19.02995 -7.00000
v 4.11442 19.02995 -6.68750
v 3.35769 15.52995 -7.00000
v 3.35769 15.52995 -7.00000
v 3.35769 15.52995 -6.68750
v 4.11442 19.02995 -7.00000
v 4.11442 19.02995 -6.68750
v 3.35769 15.52995 -7.00000
v 5.64908 19.02995 -7.00000
v 3.35769 15.52995 -7.00000
v 4.89235 15.52995 -7.00000
v 4.11442 19.02995 -7.00000
v 4.11442 19.02995 -7.00000
v 5.64908 19.02995 -7.00000
v 3.35769 15.52995 -7.00000
v 4.89235 15.52995 -7.00000
v 4.89235 15.52995 -7.00000
v 5.64908 19.02995 -7.00000
v 4.89235 15.52995 -6.56250
v 5.64908 19.02995 -6.56250
v 4.89235 15.52995 -7.00000
v 4.89235 15.52995 -7.00000
v 5.64908 19.02995 -7.00000
v 4.89235 15.52995 -6.56250
v 5.64908 19.02995 -6.56250
v 1.59773 15.52995 -8.18750
v 3.35769 15.52995 -7.00000
v 1.59773 15.52995 -6.68750
v 47.94201 15.52995 -8.18750
v 4.89235 15.52995 -7.00000
v 47.94201 15.52995 -6.56250
v 4.89235 15.52995 -6.56250
v 3.35769 15.52995 -6.68750
v 3.35769 15.52995 -7.00000
v 1.59773 15.52995 -6.68750
v 3.35769 15.52995 -6.68750
v 47.94201 15.52995 -8.18750
v 4.89235 15.52995 -7.00000
v 47.94201 15.52995 -6.56250
v 4.89235 15.52995 -6.56250
v 1.59773 15.52995 -8.18750
v 47.94201 15.52995 -8.18750
v 44.99728 21.36641 -6.56250
v 47.94201 15.52995 -6.56250
v 44.99728 21.36641 -8.18750
v 44.99728 21.36641 -8.18750
v 47.94201 15.52995 -8.18750
v 44.99728 21.36641 -6.56250
v 47.94201 15.52995 -6.56250
v 44.99728 21.36641 -6.56250
v 44.44913 21.45897 -8.18750
v 44.44913 21.45897 -6.56250
v 44.99728 21.36641 -8.18750
v 44.99728 21.36641 -8.18750
v 44.99728 21.36641 -6.56250
v 44.44913 21.45897 -8.18750
v 44.44913 21.45897 -6.56250
v 43.53151 21.78367 -8.18750
v 43.53151 21.78367 -6.56250
v 43.53151 21.78367 -8.18750
v 43.53151 21.78367 -6.56250
v 42.46500 22.31460 -8.18750
v 42.46500 22.31460 -6.56250
v 42.46500 22.31460 -8.18750
v 42.46500 22.31460 -6.56250
v 41.87674 22.81756 -8.18750
v 41.87674 22.81756 -6.56250
v 41.87674 22.81756 -8.18750
v 41.87674 22.81756 -6.56250
v 41.20016 23.43163 -8.18750
v 41.20016 23.43163 -6.56250
v 41.20016 23.43163 -8.18750
v 41.20016 23.43163 -6.56250
v 41.20016 23.43163 -6.56250
v 38.25346 23.43163 -8.18750
v 38.25346 23.43163 -6.56250
v 41.20016 23.43163 -8.18750
v 41.20016 23.43163 -8.18750
v 41.20016 23.43163 -6.56250
v 38.25346 23.43163 -8.18750
v 38.25346 23.43163 -6.56250
v 38.25346 23.43163 -8.18750
v 38.25346 21.29329 -6.56250
v 38.25346 23.43163 -6.56250
v 38.25346 21.29329 -8.18750
v 38.25346 21.29329 -8.18750
v 38.25346 23.43163 -8.18750
v 38.25346 21.29329 -6.56250
v 38.25346 23.43163 -6.56250
v 38.25346 21.29329 -6.56250
v 30.23997 21.29329 -8.18750
v 30.23997 21.29329 -6.56250
v 38.25346 21.29329 -8.18750
v 38.25346 21.29329 -8.18750
v 38.25346 21.29329 -6.56250
v 30.23997 21.29329 -8.18750
v 30.23997 21.29329 -6.56250
v 30.23997 21.29329 -8.18750
v 29.36667 20.39526 -6.56250
v 30.23997 21.29329 -6.56250
v 29.36667 20.39526 -8.18750
v 29.36667 20.39526 -8.18750
v 30.23997 21.29329 -8.18750
v 29.36667 20.39526 -6.56250
v 30.23997 21.29329 -6.56250
v 28.32476 19.69989 -8.18750
v 28.32476 19.69989 -6.56250
v 28.32476 19.69989 -8.18750
v 28.32476 19.69989 -6.56250
usemtl ID27
f 2727 2728 2729
f 2730 2731 2732
f 2731 2730 2733
f 2731 2733 2734
f 2734 2733 2728
f 2734 2728 2727
f 2735 2736 2737
f 2736 2738 2737
f 2737 2738 2739
f 2738 2740 2739
f 2741 2739 2740
f 2742 2736 2735
f 2751 2752 2753
f 2752 2751 2754
f 2752 2754 2755
f 2752 2755 2756
f 2752 2756 2757
f 2752 2757 2758
f 2752 2758 2759
f 2752 2759 2760
f 2752 2760 2761
f 2752 2761 2762
f 2752 2762 2763
f 2752 2763 2764
f 2752 2764 2765
f 2752 2765 2766
f 2752 2766 2767
f 2752 2767 2768
f 2768 2767 2769
f 2768 2769 2770
f 2770 2769 2771
f 2770 2771 2772
f 2770 2772 2773
f 2770 2773 2774
f 2774 2773 2775
f 2774 2775 2776
f 2774 2776 2777
f 2774 2777 2778
f 2778 2777 2779
f 2778 2779 2780
f 2778 2780 2781
f 2778 2781 2782
f 2783 2751 2753
f 2751 2783 2784
f 2784 2783 2785
f 2785 2783 2786
f 2786 2783 2787
f 2787 2783 2788
f 2788 2783 2789
f 2789 2783 2790
f 2790 2783 2791
f 2790 2791 2792
f 2792 2791 2793
f 2793 2791 2794
f 2794 2791 2795
f 2795 2791 2765
f 2765 2791 2796
f 2765 2796 2766
f 2796 2791 2797
f 2797 2791 2798
f 2798 2791 2799
f 2799 2791 2800
f 2800 2791 2801
f 2801 2791 2802
f 2802 2791 2803
f 2803 2791 2804
f 2804 2791 2805
f 2805 2791 2806
f 2806 2791 2782
f 2782 2791 2778
f 2778 2791 2807
f 2807 2791 2808
f 2807 2808 2809
f 2809 2808 2810
f 2809 2810 2811
f 2809 2811 2812
f 2809 2812 2813
f 2814 2778 2807
f 2815 2816 2817
f 2818 2819 2820
f 2819 2821 2820
f 2821 2822 2820
f 2822 2823 2820
f 2820 2823 2815
f 2823 2824 2815
f 2815 2824 2816
f 2816 2824 2825
f 2825 2824 2826
f 2826 2824 2827
f 2827 2824 2828
f 2828 2824 2829
f 2829 2824 2830
f 2830 2824 2831
f 2831 2824 2832
f 2832 2824 2833
f 2833 2824 2834
f 2834 2824 2835
f 2835 2824 2836
f 2837 2836 2838
f 2836 2824 2838
f 2838 2824 2839
f 2839 2824 2840
f 2840 2824 2841
f 2841 2824 2842
f 2842 2824 2843
f 2824 2844 2843
f 2843 2844 2845
f 2845 2844 2846
f 2846 2844 2847
f 2847 2844 2848
f 2848 2844 2849
f 2849 2844 2850
f 2850 2844 2851
f 2852 2851 2844
f 2825 2853 2816
f 2853 2854 2816
f 2854 2855 2816
f 2855 2856 2816
f 2816 2856 2857
f 2856 2858 2857
f 2858 2859 2857
f 2859 2860 2857
f 2857 2860 2861
f 2860 2862 2861
f 2862 2863 2861
f 2863 2864 2861
f 2861 2864 2865
f 2864 2866 2865
f 2865 2866 2867
f 2866 2837 2867
f 2837 2838 2867
f 2838 2868 2867
f 2868 2869 2867
f 2869 2870 2867
f 2870 2871 2867
f 2871 2872 2867
f 2872 2873 2867
f 2873 2874 2867
f 2874 2875 2867
f 2875 2876 2867
f 2876 2877 2867
f 2877 2878 2867
f 2878 2851 2867
f 2852 2867 2851
f 2941 2734 2727
f 2734 2941 2942
f 2943 2944 2737
f 2735 2737 2944
f 2946 2947 2948
f 2947 2946 2949
f 2947 2949 2950
f 2950 2949 2951
f 2950 2951 2952
f 2950 2952 2953
f 2950 2953 2954
f 2954 2953 2955
f 2950 2954 2956
f 2956 2954 2957
f 2956 2957 2958
f 2958 2957 2959
f 2959 2957 2960
f 2960 2957 2961
f 2962 2963 2964
f 2964 2963 2965
f 2965 2963 2966
f 2966 2963 2967
f 2963 2968 2967
f 2967 2968 2969
f 2970 2971 2968
f 2968 2971 2969
f 2971 2972 2969
f 2972 2973 2969
f 2973 2974 2969
f 2969 2974 2975
f 2974 2976 2975
f 2977 2975 2976
f 2991 2992 2993
f 2992 2991 2994
f 2995 2996 2997
f 2998 2997 2996
f 3000 3001 3002
f 3001 3000 3003
f 3004 3005 3006
f 3007 3006 3005
f 3009 3010 3011
f 3010 3009 3012
f 3013 3014 3015
f 3016 3015 3014
f 3018 3019 3020
f 3019 3018 3021
f 3022 3023 3024
f 3025 3024 3023
f 3027 3028 3029
f 3028 3027 3030
f 3031 3032 3033
f 3034 3033 3032
f 3035 3036 3037
f 3036 3035 3038
f 3036 3038 3039
f 3039 3040 3041
f 3040 3039 3038
f 3042 3037 3036
f 3043 3044 3045
f 3046 3047 3048
f 3049 3048 3047
f 3047 3046 3043
f 3046 3050 3043
f 3044 3043 3050
f 3051 3052 3053
f 3052 3051 3054
f 3055 3056 3057
f 3058 3057 3056
f 3059 3060 3061
f 3060 3059 3062
f 3063 3064 3065
f 3066 3065 3064
f 3061 3067 3068
f 3067 3061 3060
f 3065 3066 3069
f 3070 3069 3066
f 3068 3071 3072
f 3071 3068 3067
f 3069 3070 3073
f 3074 3073 3070
f 3072 3075 3076
f 3075 3072 3071
f 3073 3074 3077
f 3078 3077 3074
f 3076 3079 3080
f 3079 3076 3075
f 3077 3078 3081
f 3082 3081 3078
f 3083 3084 3085
f 3084 3083 3086
f 3087 3088 3089
f 3090 3089 3088
f 3091 3092 3093
f 3092 3091 3094
f 3095 3096 3097
f 3098 3097 3096
f 3099 3100 3101
f 3100 3099 3102
f 3103 3104 3105
f 3106 3105 3104
f 3107 3108 3109
f 3108 3107 3110
f 3111 3112 3113
f 3114 3113 3112
f 3108 3115 3116
f 3115 3108 3110
f 3111 3113 3117
f 3118 3117 3113
f 3116 2942 2941
f 2942 3116 3115
f 3117 3118 2943
f 2944 2943 3118
o Body_Filler_Rear
v 1.59774 19.02995 -10.18750
v 1.59774 15.52995 -8.18750
v 1.59774 19.02995 -8.18750
v 1.59774 15.52995 -10.18750
v 1.59774 15.52995 -10.18750
v 1.59774 19.02995 -10.18750
v 1.59774 15.52995 -8.18750
v 1.59774 19.02995 -8.18750
v 1.59774 19.02995 -8.18750
v 1.59774 15.52995 -8.18750
v 1.59774 19.02995 -10.18750
v 1.59774 15.52995 -10.18750
v 6.64908 19.02995 -8.18750
v 1.59774 15.52995 -8.18750
v 6.64908 15.52995 -8.18750
v 1.59774 19.02995 -8.18750
v 1.59774 19.02995 -8.18750
v 6.64908 19.02995 -8.18750
v 1.59774 15.52995 -8.18750
v 6.64908 15.52995 -8.18750
v 6.64908 19.02995 -8.18750
v 6.64908 15.52995 -8.18750
v 6.64908 19.02995 -8.18750
v 1.59774 19.02995 -10.18750
v 1.59774 19.02995 -8.18750
v 6.64908 19.02995 -10.18750
v 6.64908 19.02995 -10.18750
v 6.64908 19.02995 -8.18750
v 1.59774 19.02995 -10.18750
v 1.59774 19.02995 -8.18750
v 6.64908 19.02995 -10.18750
v 1.59774 19.02995 -10.18750
v 6.64908 15.52995 -10.18750
v 1.59774 15.52995 -10.18750
v 6.64908 19.02995 -10.18750
v 6.64908 19.02995 -10.18750
v 1.59774 19.02995 -10.18750
v 6.64908 15.52995 -10.18750
v 1.59774 15.52995 -10.18750
v 6.64908 15.52995 -10.18750
v 1.59774 15.52995 -10.18750
v 6.64908 15.52995 -8.18750
v 1.59774 15.52995 -8.18750
v 6.64908 15.52995 -10.18750
v 6.64908 15.52995 -10.18750
v 1.59774 15.52995 -10.18750
v 6.64908 15.52995 -8.18750
v 1.59774 15.52995 -8.18750
v 6.64908 15.52995 -10.18750
v 6.64908 19.02995 -8.18750
v 6.64908 15.52995 -8.18750
v 6.64908 19.02995 -10.18750
v 6.64908 19.02995 -10.18750
v 6.64908 15.52995 -10.18750
v 6.64908 19.02995 -8.18750
v 6.64908 15.52995 -8.18750
usemtl ID27
f 3119 3120 3121
f 3120 3119 3122
f 3123 3124 3125
f 3126 3125 3124
f 3131 3132 3133
f 3132 3131 3134
f 3135 3136 3137
f 3138 3137 3136
f 3141 3142 3143
f 3142 3141 3144
f 3145 3146 3147
f 3148 3147 3146
f 3150 3151 3152
f 3151 3150 3153
f 3154 3155 3156
f 3157 3156 3155
f 3159 3160 3161
f 3160 3159 3162
f 3163 3164 3165
f 3166 3165 3164
f 3167 3168 3169
f 3168 3167 3170
f 3171 3172 3173
f 3174 3173 3172
o Body_Filler_Middle
v 34.69333 19.89343 -10.18750
v 30.61814 15.52995 -8.18750
v 34.69333 19.89343 -8.18750
v 30.61814 15.52995 -10.18750
v 30.61814 15.52995 -10.18750
v 34.69333 19.89343 -10.18750
v 30.61814 15.52995 -8.18750
v 34.69333 19.89343 -8.18750
v 34.69333 19.89343 -10.18750
v 30.61814 15.52995 -10.18750
v 30.61814 15.52995 -8.18750
v 34.69333 19.89343 -8.18750
v 34.69333 19.89343 -10.18750
v 34.69333 15.52995 -10.18750
v 30.61814 15.52995 -10.18750
v 30.61814 15.52995 -10.18750
v 34.69333 15.52995 -10.18750
v 34.69333 19.89343 -10.18750
v 34.69333 15.52995 -10.18750
v 34.69333 15.52995 -10.18750
v 30.61814 15.52995 -8.18750
v 30.61814 15.52995 -10.18750
v 34.69333 15.52995 -8.18750
v 34.69333 15.52995 -8.18750
v 34.69333 15.52995 -10.18750
v 30.61814 15.52995 -8.18750
v 30.61814 15.52995 -10.18750
v 34.69333 15.52995 -8.18750
v 34.69333 19.89343 -8.18750
v 30.61814 15.52995 -8.18750
v 34.69333 15.52995 -8.18750
v 34.69333 15.52995 -8.18750
v 30.61814 15.52995 -8.18750
v 34.69333 19.89343 -8.18750
v 34.69333 15.52995 -10.18750
v 34.69333 19.89343 -8.18750
v 34.69333 15.52995 -8.18750
v 34.69333 19.89343 -10.18750
v 34.69333 19.89343 -10.18750
v 34.69333 15.52995 -10.18750
v 34.69333 19.89343 -8.18750
v 34.69333 15.52995 -8.18750
usemtl ID27
f 3175 3176 3177
f 3176 3175 3178
f 3179 3180 3181
f 3182 3181 3180
f 3187 3188 3189
f 3190 3191 3192
f 3194 3195 3196
f 3195 3194 3197
f 3198 3199 3200
f 3201 3200 3199
f 3203 3204 3205
f 3206 3207 3208
f 3209 3210 3211
f 3210 3209 3212
f 3213 3214 3215
f 3216 3215 3214
o Hardware_Hardware_4_3_4_Shaft_1_2___13_4_3_4
v 32.32612 19.24204 -11.70313
v 32.45553 19.24204 -11.70313
v 32.39082 19.23353 -11.70313
v 32.26582 19.26702 -11.70313
v 32.51582 19.26702 -11.70313
v 32.21405 19.30675 -11.70313
v 32.56760 19.30675 -11.70313
v 32.17432 19.35853 -11.70313
v 32.60733 19.35853 -11.70313
v 32.14934 19.41882 -11.70313
v 32.63231 19.41882 -11.70313
v 32.14082 19.48353 -11.70313
v 32.64082 19.48353 -11.70313
v 32.14934 19.54823 -11.70313
v 32.63231 19.54823 -11.70313
v 32.17432 19.60853 -11.70313
v 32.60733 19.60853 -11.70313
v 32.21405 19.66030 -11.70313
v 32.56760 19.66030 -11.70313
v 32.26582 19.70003 -11.70313
v 32.51582 19.70003 -11.70313
v 32.32612 19.72501 -11.70313
v 32.45553 19.72501 -11.70313
v 32.39082 19.73353 -11.70313
v 32.39082 19.73353 -11.70313
v 32.32612 19.72501 -11.70313
v 32.45553 19.72501 -11.70313
v 32.51582 19.70003 -11.70313
v 32.26582 19.70003 -11.70313
v 32.56760 19.66030 -11.70313
v 32.21405 19.66030 -11.70313
v 32.60733 19.60853 -11.70313
v 32.17432 19.60853 -11.70313
v 32.63231 19.54823 -11.70313
v 32.14934 19.54823 -11.70313
v 32.64082 19.48353 -11.70313
v 32.14082 19.48353 -11.70313
v 32.63231 19.41882 -11.70313
v 32.14934 19.41882 -11.70313
v 32.60733 19.35853 -11.70313
v 32.17432 19.35853 -11.70313
v 32.56760 19.30675 -11.70313
v 32.21405 19.30675 -11.70313
v 32.51582 19.26702 -11.70313
v 32.26582 19.26702 -11.70313
v 32.45553 19.24204 -11.70313
v 32.32612 19.24204 -11.70313
v 32.39082 19.23353 -11.70313
v 32.39082 19.73353 -11.70313
v 32.45553 19.72501 -11.70313
v 32.51582 19.70003 -11.70313
v 32.56760 19.66030 -11.70313
v 32.60733 19.60853 -11.70313
v 32.63231 19.54823 -11.70313
v 32.64082 19.48353 -11.70313
v 32.63231 19.41882 -11.70313
v 32.60733 19.35853 -11.70313
v 32.56760 19.30675 -11.70313
v 32.51582 19.26702 -11.70313
v 32.45553 19.24204 -11.70313
v 32.39082 19.23353 -11.70313
v 32.32612 19.24204 -11.70313
v 32.26582 19.26702 -11.70313
v 32.21405 19.30675 -11.70313
v 32.17432 19.35853 -11.70313
v 32.14934 19.41882 -11.70313
v 32.14082 19.48353 -11.70313
v 32.14934 19.54823 -11.70313
v 32.17432 19.60853 -11.70313
v 32.21405 19.66030 -11.70313
v 32.26582 19.70003 -11.70313
v 32.32612 19.72501 -11.70313
v 32.45553 19.72501 -6.95312
v 32.39082 19.73353 -11.70313
v 32.39082 19.73353 -6.95312
v 32.45553 19.72501 -11.70313
v 32.45553 19.72501 -11.70313
v 32.45553 19.72501 -6.95312
v 32.39082 19.73353 -11.70313
v 32.39082 19.73353 -6.95312
v 32.45553 19.72501 -6.95312
v 32.39082 19.73353 -6.95312
v 32.51582 19.70003 -6.95312
v 32.51582 19.70003 -11.70313
v 32.51582 19.70003 -11.70313
v 32.51582 19.70003 -6.95312
v 32.51582 19.70003 -6.95312
v 32.56760 19.66030 -6.95312
v 32.56760 19.66030 -11.70313
v 32.56760 19.66030 -11.70313
v 32.56760 19.66030 -6.95312
v 32.56760 19.66030 -6.95312
v 32.60733 19.60853 -11.70313
v 32.60733 19.60853 -6.95312
v 32.60733 19.60853 -11.70313
v 32.60733 19.60853 -6.95312
v 32.60733 19.60853 -6.95312
v 32.63231 19.54823 -11.70313
v 32.63231 19.54823 -6.95312
v 32.63231 19.54823 -11.70313
v 32.63231 19.54823 -6.95312
v 32.63231 19.54823 -6.95312
v 32.64082 19.48353 -11.70313
v 32.64082 19.48353 -6.95312
v 32.64082 19.48353 -11.70313
v 32.64082 19.48353 -6.95312
v 32.64082 19.48353 -6.95312
v 32.63231 19.41882 -11.70313
v 32.63231 19.41882 -6.95312
v 32.63231 19.41882 -11.70313
v 32.63231 19.41882 -6.95312
v 32.63231 19.41882 -6.95312
v 32.60733 19.35853 -11.70313
v 32.60733 19.35853 -6.95312
v 32.60733 19.35853 -11.70313
v 32.60733 19.35853 -6.95312
v 32.60733 19.35853 -6.95312
v 32.56760 19.30675 -11.70313
v 32.56760 19.30675 -6.95312
v 32.56760 19.30675 -11.70313
v 32.56760 19.30675 -6.95312
v 32.56760 19.30675 -6.95312
v 32.51582 19.26702 -6.95312
v 32.51582 19.26702 -11.70313
v 32.51582 19.26702 -6.95312
v 32.51582 19.26702 -11.70313
v 32.51582 19.26702 -6.95312
v 32.45553 19.24204 -6.95312
v 32.45553 19.24204 -11.70313
v 32.45553 19.24204 -6.95312
v 32.45553 19.24204 -11.70313
v 32.45553 19.24204 -6.95312
v 32.39082 19.23353 -6.95312
v 32.39082 19.23353 -11.70313
v 32.39082 19.23353 -6.95312
v 32.39082 19.23353 -11.70313
v 32.39082 19.23353 -6.95312
v 32.32612 19.24204 -6.95312
v 32.32612 19.24204 -11.70313
v 32.32612 19.24204 -6.95312
v 32.32612 19.24204 -11.70313
v 32.32612 19.24204 -6.95312
v 32.26582 19.26702 -6.95312
v 32.26582 19.26702 -11.70313
v 32.26582 19.26702 -6.95312
v 32.26582 19.26702 -11.70313
v 32.26582 19.26702 -6.95312
v 32.21405 19.30675 -11.70313
v 32.21405 19.30675 -6.95312
v 32.21405 19.30675 -11.70313
v 32.21405 19.30675 -6.95312
v 32.21405 19.30675 -6.95312
v 32.17432 19.35853 -6.95312
v 32.17432 19.35853 -11.70313
v 32.17432 19.35853 -11.70313
v 32.17432 19.35853 -6.95312
v 32.17432 19.35853 -6.95312
v 32.14934 19.41882 -11.70313
v 32.14934 19.41882 -6.95312
v 32.14934 19.41882 -11.70313
v 32.14934 19.41882 -6.95312
v 32.14934 19.41882 -6.95312
v 32.14082 19.48353 -11.70313
v 32.14082 19.48353 -6.95312
v 32.14082 19.48353 -11.70313
v 32.14082 19.48353 -6.95312
v 32.14082 19.48353 -6.95312
v 32.14934 19.54823 -6.95312
v 32.14934 19.54823 -11.70313
v 32.14934 19.54823 -11.70313
v 32.14934 19.54823 -6.95312
v 32.14934 19.54823 -6.95312
v 32.17432 19.60853 -11.70313
v 32.17432 19.60853 -6.95312
v 32.17432 19.60853 -11.70313
v 32.17432 19.60853 -6.95312
v 32.17432 19.60853 -6.95312
v 32.21405 19.66030 -11.70313
v 32.21405 19.66030 -6.95312
v 32.21405 19.66030 -11.70313
v 32.21405 19.66030 -6.95312
v 32.21405 19.66030 -6.95312
v 32.26582 19.70003 -6.95312
v 32.26582 19.70003 -11.70313
v 32.26582 19.70003 -11.70313
v 32.26582 19.70003 -6.95312
v 32.26582 19.70003 -6.95312
v 32.32612 19.72501 -6.95312
v 32.32612 19.72501 -11.70313
v 32.32612 19.72501 -11.70313
v 32.32612 19.72501 -6.95312
v 32.32612 19.72501 -6.95312
usemtl ID61
f 3217 3218 3219
f 3218 3217 3220
f 3218 3220 3221
f 3221 3220 3222
f 3221 3222 3223
f 3223 3222 3224
f 3223 3224 3225
f 3225 3224 3226
f 3225 3226 3227
f 3227 3226 3228
f 3227 3228 3229
f 3229 3228 3230
f 3229 3230 3231
f 3231 3230 3232
f 3231 3232 3233
f 3233 3232 3234
f 3233 3234 3235
f 3235 3234 3236
f 3235 3236 3237
f 3237 3236 3238
f 3237 3238 3239
f 3239 3238 3240
f 3241 3242 3243
f 3243 3242 3244
f 3242 3245 3244
f 3244 3245 3246
f 3245 3247 3246
f 3246 3247 3248
f 3247 3249 3248
f 3248 3249 3250
f 3249 3251 3250
f 3250 3251 3252
f 3251 3253 3252
f 3252 3253 3254
f 3253 3255 3254
f 3254 3255 3256
f 3255 3257 3256
f 3256 3257 3258
f 3257 3259 3258
f 3258 3259 3260
f 3259 3261 3260
f 3260 3261 3262
f 3261 3263 3262
f 3264 3262 3263
f 3289 3290 3291
f 3290 3289 3292
f 3293 3294 3295
f 3296 3295 3294
f 3299 3292 3289
f 3292 3299 3300
f 3301 3302 3293
f 3294 3293 3302
f 3304 3300 3299
f 3300 3304 3305
f 3306 3307 3301
f 3302 3301 3307
f 3309 3304 3310
f 3304 3309 3305
f 3306 3311 3307
f 3312 3307 3311
f 3314 3310 3315
f 3310 3314 3309
f 3311 3316 3312
f 3317 3312 3316
f 3319 3315 3320
f 3315 3319 3314
f 3316 3321 3317
f 3322 3317 3321
f 3324 3320 3325
f 3320 3324 3319
f 3321 3326 3322
f 3327 3322 3326
f 3329 3325 3330
f 3325 3329 3324
f 3326 3331 3327
f 3332 3327 3331
f 3334 3330 3335
f 3330 3334 3329
f 3331 3336 3332
f 3337 3332 3336
f 3334 3339 3340
f 3339 3334 3335
f 3337 3336 3341
f 3342 3341 3336
f 3340 3344 3345
f 3344 3340 3339
f 3341 3342 3346
f 3347 3346 3342
f 3345 3349 3350
f 3349 3345 3344
f 3346 3347 3351
f 3352 3351 3347
f 3350 3354 3355
f 3354 3350 3349
f 3351 3352 3356
f 3357 3356 3352
f 3355 3359 3360
f 3359 3355 3354
f 3356 3357 3361
f 3362 3361 3357
f 3364 3359 3365
f 3359 3364 3360
f 3362 3366 3361
f 3367 3361 3366
f 3369 3364 3365
f 3364 3369 3370
f 3371 3372 3366
f 3367 3366 3372
f 3374 3369 3375
f 3369 3374 3370
f 3371 3376 3372
f 3377 3372 3376
f 3379 3375 3380
f 3375 3379 3374
f 3376 3381 3377
f 3382 3377 3381
f 3384 3379 3380
f 3379 3384 3385
f 3386 3387 3381
f 3382 3381 3387
f 3389 3384 3390
f 3384 3389 3385
f 3386 3391 3387
f 3392 3387 3391
f 3394 3390 3395
f 3390 3394 3389
f 3391 3396 3392
f 3397 3392 3396
f 3399 3394 3395
f 3394 3399 3400
f 3401 3402 3396
f 3397 3396 3402
f 3404 3400 3399
f 3400 3404 3405
f 3406 3407 3401
f 3402 3401 3407
f 3291 3405 3404
f 3405 3291 3290
f 3295 3296 3406
f 3407 3406 3296
o Hardware_Hardware_4_3_4_Bolt_Head_3_4_Bolt_Head__6
v 32.13450 19.73985 -6.62500
v 32.20957 19.79746 -6.62500
v 32.17432 19.85853 -6.65937
v 32.17432 19.85853 -6.65937
v 32.20957 19.79746 -6.62500
v 32.13450 19.73985 -6.62500
v 32.20957 19.79746 -6.62500
v 32.17432 19.85853 -6.65937
v 32.13450 19.73985 -6.62500
v 32.10125 19.71321 -6.63359
v 32.13450 19.73985 -6.62500
v 32.17432 19.85853 -6.65937
v 32.07689 19.66478 -6.62500
v 32.07689 19.66478 -6.62500
v 32.10125 19.71321 -6.63359
v 32.13450 19.73985 -6.62500
v 32.17432 19.85853 -6.65937
v 32.07689 19.66478 -6.62500
v 32.10125 19.71321 -6.63359
v 32.13450 19.73985 -6.62500
v 32.26582 19.70003 -6.62500
v 32.20957 19.79746 -6.62500
v 32.14082 19.48353 -6.62500
v 32.39082 19.48353 -6.62500
v 32.07689 19.66478 -6.62500
v 32.04068 19.57735 -6.62500
v 32.02832 19.48353 -6.62500
v 32.02832 19.48353 -6.62500
v 32.04068 19.57735 -6.62500
v 32.14082 19.48353 -6.62500
v 32.07689 19.66478 -6.62500
v 32.13450 19.73985 -6.62500
v 32.26582 19.70003 -6.62500
v 32.39082 19.48353 -6.62500
v 32.20957 19.79746 -6.62500
v 32.14082 19.48353 -6.62500
v 32.02832 19.48353 -6.62500
v 32.39082 19.48353 -6.62500
v 32.26582 19.70003 -6.62500
v 32.04068 19.57735 -6.62500
v 32.04712 19.61946 -6.63359
v 32.07689 19.66478 -6.62500
v 32.10125 19.71321 -6.63359
v 32.10125 19.71321 -6.63359
v 32.07689 19.66478 -6.62500
v 32.04712 19.61946 -6.63359
v 32.04712 19.61946 -6.63359
v 32.17432 19.85853 -6.65937
v 32.04712 19.61946 -6.63359
v 32.10125 19.71321 -6.63359
v 31.95781 19.48353 -6.65937
v 31.95781 19.48353 -6.65937
v 32.17432 19.85853 -6.65937
v 32.04712 19.61946 -6.63359
v 32.10125 19.71321 -6.63359
v 31.95781 19.48353 -6.65937
v 32.04712 19.61946 -6.63359
v 32.04068 19.57735 -6.62500
v 32.07689 19.66478 -6.62500
v 31.95781 19.48353 -6.65937
v 31.95781 19.48353 -6.65937
v 32.04712 19.61946 -6.63359
v 32.04068 19.57735 -6.62500
v 32.07689 19.66478 -6.62500
v 31.95781 19.48353 -6.65937
v 32.02832 19.48353 -6.62500
v 32.04068 19.57735 -6.62500
v 32.04068 19.57735 -6.62500
v 32.02832 19.48353 -6.62500
v 31.95781 19.48353 -6.65937
v 32.17432 19.85853 -6.95312
v 31.95781 19.48353 -6.65937
v 32.17432 19.85853 -6.65937
v 31.95781 19.48353 -6.95312
v 31.95781 19.48353 -6.95312
v 32.17432 19.85853 -6.95312
v 31.95781 19.48353 -6.65937
v 32.17432 19.85853 -6.65937
v 32.17432 19.85853 -6.95312
v 31.95781 19.48353 -6.95312
v 31.95781 19.48353 -6.95312
v 32.17432 19.85853 -6.95312
v 32.39082 19.48353 -6.95312
v 32.39082 19.48353 -6.95312
v 32.17432 19.85853 -6.95312
v 31.95781 19.48353 -6.95312
v 32.39082 19.48353 -6.95312
usemtl ID61
f 3409 3410 3411
f 3412 3413 3414
f 3418 3419 3420
f 3419 3418 3421
f 3422 3423 3424
f 3425 3424 3423
f 3428 3429 3430
f 3429 3431 3432
f 3431 3429 3428
f 3431 3428 3433
f 3431 3433 3434
f 3431 3434 3435
f 3436 3437 3438
f 3437 3439 3438
f 3439 3440 3438
f 3440 3441 3438
f 3442 3438 3441
f 3443 3441 3440
f 3449 3450 3451
f 3452 3453 3454
f 3456 3457 3458
f 3457 3456 3459
f 3460 3461 3462
f 3463 3462 3461
f 3465 3466 3467
f 3466 3465 3468
f 3469 3470 3471
f 3472 3471 3470
f 3473 3474 3475
f 3476 3477 3478
f 3479 3480 3481
f 3480 3479 3482
f 3483 3484 3485
f 3486 3485 3484
f 3489 3490 3491
f 3492 3493 3494
o Hardware_Hardware_4_3_4_Bolt_Head_3_4_Bolt_Head__6_1
v 32.74097 19.57735 -6.62500
v 32.75332 19.48353 -6.62500
v 32.82384 19.48353 -6.65937
v 32.82384 19.48353 -6.65937
v 32.75332 19.48353 -6.62500
v 32.74097 19.57735 -6.62500
v 32.75332 19.48353 -6.62500
v 32.82384 19.48353 -6.65937
v 32.74097 19.57735 -6.62500
v 32.73453 19.61946 -6.63359
v 32.74097 19.57735 -6.62500
v 32.82384 19.48353 -6.65937
v 32.70476 19.66478 -6.62500
v 32.70476 19.66478 -6.62500
v 32.73453 19.61946 -6.63359
v 32.74097 19.57735 -6.62500
v 32.82384 19.48353 -6.65937
v 32.70476 19.66478 -6.62500
v 32.73453 19.61946 -6.63359
v 32.74097 19.57735 -6.62500
v 32.64082 19.48353 -6.62500
v 32.75332 19.48353 -6.62500
v 32.51582 19.70003 -6.62500
v 32.39082 19.48353 -6.62500
v 32.70476 19.66478 -6.62500
v 32.64715 19.73985 -6.62500
v 32.57207 19.79746 -6.62500
v 32.57207 19.79746 -6.62500
v 32.64715 19.73985 -6.62500
v 32.51582 19.70003 -6.62500
v 32.70476 19.66478 -6.62500
v 32.74097 19.57735 -6.62500
v 32.64082 19.48353 -6.62500
v 32.39082 19.48353 -6.62500
v 32.75332 19.48353 -6.62500
v 32.51582 19.70003 -6.62500
v 32.57207 19.79746 -6.62500
v 32.39082 19.48353 -6.62500
v 32.64082 19.48353 -6.62500
v 32.64715 19.73985 -6.62500
v 32.68040 19.71321 -6.63359
v 32.70476 19.66478 -6.62500
v 32.73453 19.61946 -6.63359
v 32.73453 19.61946 -6.63359
v 32.70476 19.66478 -6.62500
v 32.68040 19.71321 -6.63359
v 32.68040 19.71321 -6.63359
v 32.82384 19.48353 -6.65937
v 32.68040 19.71321 -6.63359
v 32.73453 19.61946 -6.63359
v 32.60733 19.85853 -6.65937
v 32.60733 19.85853 -6.65937
v 32.82384 19.48353 -6.65937
v 32.68040 19.71321 -6.63359
v 32.73453 19.61946 -6.63359
v 32.60733 19.85853 -6.65937
v 32.68040 19.71321 -6.63359
v 32.64715 19.73985 -6.62500
v 32.70476 19.66478 -6.62500
v 32.60733 19.85853 -6.65937
v 32.60733 19.85853 -6.65937
v 32.68040 19.71321 -6.63359
v 32.64715 19.73985 -6.62500
v 32.70476 19.66478 -6.62500
v 32.60733 19.85853 -6.65937
v 32.57207 19.79746 -6.62500
v 32.64715 19.73985 -6.62500
v 32.64715 19.73985 -6.62500
v 32.57207 19.79746 -6.62500
v 32.60733 19.85853 -6.65937
v 32.82384 19.48353 -6.95312
v 32.60733 19.85853 -6.65937
v 32.82384 19.48353 -6.65937
v 32.60733 19.85853 -6.95312
v 32.60733 19.85853 -6.95312
v 32.82384 19.48353 -6.95312
v 32.60733 19.85853 -6.65937
v 32.82384 19.48353 -6.65937
v 32.82384 19.48353 -6.95312
v 32.60733 19.85853 -6.95312
v 32.60733 19.85853 -6.95312
v 32.82384 19.48353 -6.95312
v 32.39082 19.48353 -6.95312
v 32.39082 19.48353 -6.95312
v 32.82384 19.48353 -6.95312
v 32.60733 19.85853 -6.95312
v 32.39082 19.48353 -6.95312
usemtl ID61
f 3496 3497 3498
f 3499 3500 3501
f 3505 3506 3507
f 3506 3505 3508
f 3509 3510 3511
f 3512 3511 3510
f 3515 3516 3517
f 3516 3518 3519
f 3518 3516 3515
f 3518 3515 3520
f 3518 3520 3521
f 3518 3521 3522
f 3523 3524 3525
f 3524 3526 3525
f 3526 3527 3525
f 3527 3528 3525
f 3529 3525 3528
f 3530 3528 3527
f 3536 3537 3538
f 3539 3540 3541
f 3543 3544 3545
f 3544 3543 3546
f 3547 3548 3549
f 3550 3549 3548
f 3552 3553 3554
f 3553 3552 3555
f 3556 3557 3558
f 3559 3558 3557
f 3560 3561 3562
f 3563 3564 3565
f 3566 3567 3568
f 3567 3566 3569
f 3570 3571 3572
f 3573 3572 3571
f 3576 3577 3578
f 3579 3580 3581
o Hardware_Hardware_4_3_4_Bolt_Head_3_4_Bolt_Head__6_2
v 32.64715 19.22720 -6.62500
v 32.57207 19.16959 -6.62500
v 32.60733 19.10853 -6.65937
v 32.60733 19.10853 -6.65937
v 32.57207 19.16959 -6.62500
v 32.64715 19.22720 -6.62500
v 32.57207 19.16959 -6.62500
v 32.60733 19.10853 -6.65937
v 32.64715 19.22720 -6.62500
v 32.68040 19.25384 -6.63359
v 32.64715 19.22720 -6.62500
v 32.60733 19.10853 -6.65937
v 32.70476 19.30228 -6.62500
v 32.70476 19.30228 -6.62500
v 32.68040 19.25384 -6.63359
v 32.64715 19.22720 -6.62500
v 32.60733 19.10853 -6.65937
v 32.70476 19.30228 -6.62500
v 32.68040 19.25384 -6.63359
v 32.64715 19.22720 -6.62500
v 32.51582 19.26702 -6.62500
v 32.57207 19.16959 -6.62500
v 32.64082 19.48353 -6.62500
v 32.39082 19.48353 -6.62500
v 32.70476 19.30228 -6.62500
v 32.74097 19.38970 -6.62500
v 32.75332 19.48353 -6.62500
v 32.75332 19.48353 -6.62500
v 32.74097 19.38970 -6.62500
v 32.64082 19.48353 -6.62500
v 32.70476 19.30228 -6.62500
v 32.64715 19.22720 -6.62500
v 32.51582 19.26702 -6.62500
v 32.39082 19.48353 -6.62500
v 32.57207 19.16959 -6.62500
v 32.64082 19.48353 -6.62500
v 32.75332 19.48353 -6.62500
v 32.39082 19.48353 -6.62500
v 32.51582 19.26702 -6.62500
v 32.74097 19.38970 -6.62500
v 32.73453 19.34759 -6.63359
v 32.70476 19.30228 -6.62500
v 32.68040 19.25384 -6.63359
v 32.68040 19.25384 -6.63359
v 32.70476 19.30228 -6.62500
v 32.73453 19.34759 -6.63359
v 32.73453 19.34759 -6.63359
v 32.60733 19.10853 -6.65937
v 32.73453 19.34759 -6.63359
v 32.68040 19.25384 -6.63359
v 32.82384 19.48353 -6.65937
v 32.82384 19.48353 -6.65937
v 32.60733 19.10853 -6.65937
v 32.73453 19.34759 -6.63359
v 32.68040 19.25384 -6.63359
v 32.82384 19.48353 -6.65937
v 32.73453 19.34759 -6.63359
v 32.74097 19.38970 -6.62500
v 32.70476 19.30228 -6.62500
v 32.82384 19.48353 -6.65937
v 32.82384 19.48353 -6.65937
v 32.73453 19.34759 -6.63359
v 32.74097 19.38970 -6.62500
v 32.70476 19.30228 -6.62500
v 32.82384 19.48353 -6.65937
v 32.75332 19.48353 -6.62500
v 32.74097 19.38970 -6.62500
v 32.74097 19.38970 -6.62500
v 32.75332 19.48353 -6.62500
v 32.82384 19.48353 -6.65937
v 32.60733 19.10853 -6.95312
v 32.82384 19.48353 -6.65937
v 32.60733 19.10853 -6.65937
v 32.82384 19.48353 -6.95312
v 32.82384 19.48353 -6.95312
v 32.60733 19.10853 -6.95312
v 32.82384 19.48353 -6.65937
v 32.60733 19.10853 -6.65937
v 32.60733 19.10853 -6.95312
v 32.82384 19.48353 -6.95312
v 32.82384 19.48353 -6.95312
v 32.60733 19.10853 -6.95312
v 32.39082 19.48353 -6.95312
v 32.39082 19.48353 -6.95312
v 32.60733 19.10853 -6.95312
v 32.82384 19.48353 -6.95312
v 32.39082 19.48353 -6.95312
usemtl ID61
f 3583 3584 3585
f 3586 3587 3588
f 3592 3593 3594
f 3593 3592 3595
f 3596 3597 3598
f 3599 3598 3597
f 3602 3603 3604
f 3603 3605 3606
f 3605 3603 3602
f 3605 3602 3607
f 3605 3607 3608
f 3605 3608 3609
f 3610 3611 3612
f 3611 3613 3612
f 3613 3614 3612
f 3614 3615 3612
f 3616 3612 3615
f 3617 3615 3614
f 3623 3624 3625
f 3626 3627 3628
f 3630 3631 3632
f 3631 3630 3633
f 3634 3635 3636
f 3637 3636 3635
f 3639 3640 3641
f 3640 3639 3642
f 3643 3644 3645
f 3646 3645 3644
f 3647 3648 3649
f 3650 3651 3652
f 3653 3654 3655
f 3654 3653 3656
f 3657 3658 3659
f 3660 3659 3658
f 3663 3664 3665
f 3666 3667 3668
o Hardware_Hardware_4_3_4_Bolt_Head_3_4_Bolt_Head__6_3
v 32.29700 19.13338 -6.62500
v 32.20957 19.16959 -6.62500
v 32.17432 19.10853 -6.65937
v 32.17432 19.10853 -6.65937
v 32.20957 19.16959 -6.62500
v 32.29700 19.13338 -6.62500
v 32.20957 19.16959 -6.62500
v 32.17432 19.10853 -6.65937
v 32.29700 19.13338 -6.62500
v 32.33670 19.11790 -6.63359
v 32.29700 19.13338 -6.62500
v 32.17432 19.10853 -6.65937
v 32.39082 19.12103 -6.62500
v 32.39082 19.12103 -6.62500
v 32.33670 19.11790 -6.63359
v 32.29700 19.13338 -6.62500
v 32.17432 19.10853 -6.65937
v 32.39082 19.12103 -6.62500
v 32.33670 19.11790 -6.63359
v 32.29700 19.13338 -6.62500
v 32.26582 19.26702 -6.62500
v 32.20957 19.16959 -6.62500
v 32.51582 19.26702 -6.62500
v 32.39082 19.48353 -6.62500
v 32.39082 19.12103 -6.62500
v 32.48465 19.13338 -6.62500
v 32.57207 19.16959 -6.62500
v 32.57207 19.16959 -6.62500
v 32.48465 19.13338 -6.62500
v 32.51582 19.26702 -6.62500
v 32.39082 19.12103 -6.62500
v 32.29700 19.13338 -6.62500
v 32.26582 19.26702 -6.62500
v 32.39082 19.48353 -6.62500
v 32.20957 19.16959 -6.62500
v 32.51582 19.26702 -6.62500
v 32.57207 19.16959 -6.62500
v 32.39082 19.48353 -6.62500
v 32.26582 19.26702 -6.62500
v 32.48465 19.13338 -6.62500
v 32.44495 19.11790 -6.63359
v 32.39082 19.12103 -6.62500
v 32.33670 19.11790 -6.63359
v 32.33670 19.11790 -6.63359
v 32.39082 19.12103 -6.62500
v 32.44495 19.11790 -6.63359
v 32.44495 19.11790 -6.63359
v 32.17432 19.10853 -6.65937
v 32.44495 19.11790 -6.63359
v 32.33670 19.11790 -6.63359
v 32.60733 19.10853 -6.65937
v 32.60733 19.10853 -6.65937
v 32.17432 19.10853 -6.65937
v 32.44495 19.11790 -6.63359
v 32.33670 19.11790 -6.63359
v 32.60733 19.10853 -6.65937
v 32.44495 19.11790 -6.63359
v 32.48465 19.13338 -6.62500
v 32.39082 19.12103 -6.62500
v 32.60733 19.10853 -6.65937
v 32.60733 19.10853 -6.65937
v 32.44495 19.11790 -6.63359
v 32.48465 19.13338 -6.62500
v 32.39082 19.12103 -6.62500
v 32.60733 19.10853 -6.65937
v 32.57207 19.16959 -6.62500
v 32.48465 19.13338 -6.62500
v 32.48465 19.13338 -6.62500
v 32.57207 19.16959 -6.62500
v 32.60733 19.10853 -6.65937
v 32.17432 19.10853 -6.95312
v 32.60733 19.10853 -6.65937
v 32.17432 19.10853 -6.65937
v 32.60733 19.10853 -6.95312
v 32.60733 19.10853 -6.95312
v 32.17432 19.10853 -6.95312
v 32.60733 19.10853 -6.65937
v 32.17432 19.10853 -6.65937
v 32.17432 19.10853 -6.95312
v 32.60733 19.10853 -6.95312
v 32.60733 19.10853 -6.95312
v 32.17432 19.10853 -6.95312
v 32.39082 19.48353 -6.95312
v 32.39082 19.48353 -6.95312
v 32.17432 19.10853 -6.95312
v 32.60733 19.10853 -6.95312
v 32.39082 19.48353 -6.95312
usemtl ID61
f 3670 3671 3672
f 3673 3674 3675
f 3679 3680 3681
f 3680 3679 3682
f 3683 3684 3685
f 3686 3685 3684
f 3689 3690 3691
f 3690 3692 3693
f 3692 3690 3689
f 3692 3689 3694
f 3692 3694 3695
f 3692 3695 3696
f 3697 3698 3699
f 3698 3700 3699
f 3700 3701 3699
f 3701 3702 3699
f 3703 3699 3702
f 3704 3702 3701
f 3710 3711 3712
f 3713 3714 3715
f 3717 3718 3719
f 3718 3717 3720
f 3721 3722 3723
f 3724 3723 3722
f 3726 3727 3728
f 3727 3726 3729
f 3730 3731 3732
f 3733 3732 3731
f 3734 3735 3736
f 3737 3738 3739
f 3740 3741 3742
f 3741 3740 3743
f 3744 3745 3746
f 3747 3746 3745
f 3750 3751 3752
f 3753 3754 3755
o Hardware_Hardware_4_3_4_Bolt_Head_3_4_Bolt_Head__6_4
v 32.04068 19.38970 -6.62500
v 32.02832 19.48353 -6.62500
v 31.95781 19.48353 -6.65937
v 31.95781 19.48353 -6.65937
v 32.02832 19.48353 -6.62500
v 32.04068 19.38970 -6.62500
v 32.02832 19.48353 -6.62500
v 31.95781 19.48353 -6.65937
v 32.04068 19.38970 -6.62500
v 32.04712 19.34759 -6.63359
v 32.04068 19.38970 -6.62500
v 31.95781 19.48353 -6.65937
v 32.07689 19.30228 -6.62500
v 32.07689 19.30228 -6.62500
v 32.04712 19.34759 -6.63359
v 32.04068 19.38970 -6.62500
v 31.95781 19.48353 -6.65937
v 32.07689 19.30228 -6.62500
v 32.04712 19.34759 -6.63359
v 32.04068 19.38970 -6.62500
v 32.14082 19.48353 -6.62500
v 32.02832 19.48353 -6.62500
v 32.26582 19.26702 -6.62500
v 32.39082 19.48353 -6.62500
v 32.07689 19.30228 -6.62500
v 32.13450 19.22720 -6.62500
v 32.20957 19.16959 -6.62500
v 32.20957 19.16959 -6.62500
v 32.13450 19.22720 -6.62500
v 32.26582 19.26702 -6.62500
v 32.07689 19.30228 -6.62500
v 32.04068 19.38970 -6.62500
v 32.14082 19.48353 -6.62500
v 32.39082 19.48353 -6.62500
v 32.02832 19.48353 -6.62500
v 32.26582 19.26702 -6.62500
v 32.20957 19.16959 -6.62500
v 32.39082 19.48353 -6.62500
v 32.14082 19.48353 -6.62500
v 32.13450 19.22720 -6.62500
v 32.10125 19.25384 -6.63359
v 32.07689 19.30228 -6.62500
v 32.04712 19.34759 -6.63359
v 32.04712 19.34759 -6.63359
v 32.07689 19.30228 -6.62500
v 32.10125 19.25384 -6.63359
v 32.10125 19.25384 -6.63359
v 31.95781 19.48353 -6.65937
v 32.10125 19.25384 -6.63359
v 32.04712 19.34759 -6.63359
v 32.17432 19.10853 -6.65937
v 32.17432 19.10853 -6.65937
v 31.95781 19.48353 -6.65937
v 32.10125 19.25384 -6.63359
v 32.04712 19.34759 -6.63359
v 32.17432 19.10853 -6.65937
v 32.10125 19.25384 -6.63359
v 32.13450 19.22720 -6.62500
v 32.07689 19.30228 -6.62500
v 32.17432 19.10853 -6.65937
v 32.17432 19.10853 -6.65937
v 32.10125 19.25384 -6.63359
v 32.13450 19.22720 -6.62500
v 32.07689 19.30228 -6.62500
v 32.17432 19.10853 -6.65937
v 32.20957 19.16959 -6.62500
v 32.13450 19.22720 -6.62500
v 32.13450 19.22720 -6.62500
v 32.20957 19.16959 -6.62500
v 32.17432 19.10853 -6.65937
v 31.95781 19.48353 -6.95312
v 32.17432 19.10853 -6.65937
v 31.95781 19.48353 -6.65937
v 32.17432 19.10853 -6.95312
v 32.17432 19.10853 -6.95312
v 31.95781 19.48353 -6.95312
v 32.17432 19.10853 -6.65937
v 31.95781 19.48353 -6.65937
v 31.95781 19.48353 -6.95312
v 32.17432 19.10853 -6.95312
v 32.17432 19.10853 -6.95312
v 31.95781 19.48353 -6.95312
v 32.39082 19.48353 -6.95312
v 32.39082 19.48353 -6.95312
v 31.95781 19.48353 -6.95312
v 32.17432 19.10853 -6.95312
v 32.39082 19.48353 -6.95312
usemtl ID61
f 3757 3758 3759
f 3760 3761 3762
f 3766 3767 3768
f 3767 3766 3769
f 3770 3771 3772
f 3773 3772 3771
f 3776 3777 3778
f 3777 3779 3780
f 3779 3777 3776
f 3779 3776 3781
f 3779 3781 3782
f 3779 3782 3783
f 3784 3785 3786
f 3785 3787 3786
f 3787 3788 3786
f 3788 3789 3786
f 3790 3786 3789
f 3791 3789 3788
f 3797 3798 3799
f 3800 3801 3802
f 3804 3805 3806
f 3805 3804 3807
f 3808 3809 3810
f 3811 3810 3809
f 3813 3814 3815
f 3814 3813 3816
f 3817 3818 3819
f 3820 3819 3818
f 3821 3822 3823
f 3824 3825 3826
f 3827 3828 3829
f 3828 3827 3830
f 3831 3832 3833
f 3834 3833 3832
f 3837 3838 3839
f 3840 3841 3842
o Hardware_Hardware_4_3_4_Bolt_Head_3_4_Bolt_Head__6_5
v 32.48465 19.83367 -6.62500
v 32.57207 19.79746 -6.62500
v 32.60733 19.85853 -6.65937
v 32.60733 19.85853 -6.65937
v 32.57207 19.79746 -6.62500
v 32.48465 19.83367 -6.62500
v 32.57207 19.79746 -6.62500
v 32.60733 19.85853 -6.65937
v 32.48465 19.83367 -6.62500
v 32.44495 19.84915 -6.63359
v 32.48465 19.83367 -6.62500
v 32.60733 19.85853 -6.65937
v 32.39082 19.84603 -6.62500
v 32.39082 19.84603 -6.62500
v 32.44495 19.84915 -6.63359
v 32.48465 19.83367 -6.62500
v 32.60733 19.85853 -6.65937
v 32.39082 19.84603 -6.62500
v 32.44495 19.84915 -6.63359
v 32.48465 19.83367 -6.62500
v 32.51582 19.70003 -6.62500
v 32.57207 19.79746 -6.62500
v 32.26582 19.70003 -6.62500
v 32.39082 19.48353 -6.62500
v 32.39082 19.84603 -6.62500
v 32.29700 19.83367 -6.62500
v 32.20957 19.79746 -6.62500
v 32.20957 19.79746 -6.62500
v 32.29700 19.83367 -6.62500
v 32.26582 19.70003 -6.62500
v 32.39082 19.84603 -6.62500
v 32.48465 19.83367 -6.62500
v 32.51582 19.70003 -6.62500
v 32.39082 19.48353 -6.62500
v 32.57207 19.79746 -6.62500
v 32.26582 19.70003 -6.62500
v 32.20957 19.79746 -6.62500
v 32.39082 19.48353 -6.62500
v 32.51582 19.70003 -6.62500
v 32.29700 19.83367 -6.62500
v 32.33670 19.84915 -6.63359
v 32.39082 19.84603 -6.62500
v 32.44495 19.84915 -6.63359
v 32.44495 19.84915 -6.63359
v 32.39082 19.84603 -6.62500
v 32.33670 19.84915 -6.63359
v 32.33670 19.84915 -6.63359
v 32.60733 19.85853 -6.65937
v 32.33670 19.84915 -6.63359
v 32.44495 19.84915 -6.63359
v 32.17432 19.85853 -6.65937
v 32.17432 19.85853 -6.65937
v 32.60733 19.85853 -6.65937
v 32.33670 19.84915 -6.63359
v 32.44495 19.84915 -6.63359
v 32.17432 19.85853 -6.65937
v 32.33670 19.84915 -6.63359
v 32.29700 19.83367 -6.62500
v 32.39082 19.84603 -6.62500
v 32.17432 19.85853 -6.65937
v 32.17432 19.85853 -6.65937
v 32.33670 19.84915 -6.63359
v 32.29700 19.83367 -6.62500
v 32.39082 19.84603 -6.62500
v 32.17432 19.85853 -6.65937
v 32.20957 19.79746 -6.62500
v 32.29700 19.83367 -6.62500
v 32.29700 19.83367 -6.62500
v 32.20957 19.79746 -6.62500
v 32.17432 19.85853 -6.65937
v 32.60733 19.85853 -6.95312
v 32.17432 19.85853 -6.65937
v 32.60733 19.85853 -6.65937
v 32.17432 19.85853 -6.95312
v 32.17432 19.85853 -6.95312
v 32.60733 19.85853 -6.95312
v 32.17432 19.85853 -6.65937
v 32.60733 19.85853 -6.65937
v 32.60733 19.85853 -6.95312
v 32.17432 19.85853 -6.95312
v 32.17432 19.85853 -6.95312
v 32.60733 19.85853 -6.95312
v 32.39082 19.48353 -6.95312
v 32.39082 19.48353 -6.95312
v 32.60733 19.85853 -6.95312
v 32.17432 19.85853 -6.95312
v 32.39082 19.48353 -6.95312
usemtl ID61
f 3844 3845 3846
f 3847 3848 3849
f 3853 3854 3855
f 3854 3853 3856
f 3857 3858 3859
f 3860 3859 3858
f 3863 3864 3865
f 3864 3866 3867
f 3866 3864 3863
f 3866 3863 3868
f 3866 3868 3869
f 3866 3869 3870
f 3871 3872 3873
f 3872 3874 3873
f 3874 3875 3873
f 3875 3876 3873
f 3877 3873 3876
f 3878 3876 3875
f 3884 3885 3886
f 3887 3888 3889
f 3891 3892 3893
f 3892 3891 3894
f 3895 3896 3897
f 3898 3897 3896
f 3900 3901 3902
f 3901 3900 3903
f 3904 3905 3906
f 3907 3906 3905
f 3908 3909 3910
f 3911 3912 3913
f 3914 3915 3916
f 3915 3914 3917
f 3918 3919 3920
f 3921 3920 3919
f 3924 3925 3926
f 3927 3928 3929
o Hardware_Hardware_8_1_4_Shaft_1_2__13_8_1_4
v 39.01268 22.47345 -13.45312
v 39.06445 22.43372 -5.20444
v 39.01268 22.47345 -5.20444
v 39.06445 22.43372 -13.45312
v 39.06445 22.43372 -13.45312
v 39.01268 22.47345 -13.45312
v 39.06445 22.43372 -5.20444
v 39.01268 22.47345 -5.20444
v 39.01268 22.47345 -5.20444
v 39.01268 22.47345 -13.45312
v 39.06445 22.43372 -13.45312
v 39.06445 22.43372 -5.20444
v 38.97295 22.52523 -5.20444
v 38.97295 22.52523 -13.45312
v 38.97295 22.52523 -13.45312
v 38.97295 22.52523 -5.20444
v 38.97295 22.52523 -5.20444
v 38.97295 22.52523 -13.45312
v 39.12475 22.40875 -13.45312
v 39.25416 22.40875 -13.45312
v 39.18945 22.40023 -13.45312
v 39.06445 22.43372 -13.45312
v 39.31445 22.43372 -13.45312
v 39.01268 22.47345 -13.45312
v 39.36623 22.47345 -13.45312
v 38.97295 22.52523 -13.45312
v 39.40596 22.52523 -13.45312
v 38.94797 22.58552 -13.45312
v 39.43094 22.58552 -13.45312
v 38.93945 22.65023 -13.45312
v 39.43945 22.65023 -13.45312
v 38.94797 22.71493 -13.45312
v 39.43094 22.71493 -13.45312
v 38.97295 22.77523 -13.45312
v 39.40596 22.77523 -13.45312
v 39.01268 22.82700 -13.45312
v 39.36623 22.82700 -13.45312
v 39.06445 22.86673 -13.45312
v 39.31445 22.86673 -13.45312
v 39.12475 22.89171 -13.45312
v 39.25416 22.89171 -13.45312
v 39.18945 22.90023 -13.45312
v 39.18945 22.90023 -13.45312
v 39.12475 22.89171 -13.45312
v 39.25416 22.89171 -13.45312
v 39.31445 22.86673 -13.45312
v 39.06445 22.86673 -13.45312
v 39.36623 22.82700 -13.45312
v 39.01268 22.82700 -13.45312
v 39.40596 22.77523 -13.45312
v 38.97295 22.77523 -13.45312
v 39.43094 22.71493 -13.45312
v 38.94797 22.71493 -13.45312
v 39.43945 22.65023 -13.45312
v 38.93945 22.65023 -13.45312
v 39.43094 22.58552 -13.45312
v 38.94797 22.58552 -13.45312
v 39.40596 22.52523 -13.45312
v 38.97295 22.52523 -13.45312
v 39.36623 22.47345 -13.45312
v 39.01268 22.47345 -13.45312
v 39.31445 22.43372 -13.45312
v 39.06445 22.43372 -13.45312
v 39.25416 22.40875 -13.45312
v 39.12475 22.40875 -13.45312
v 39.18945 22.40023 -13.45312
v 39.18945 22.90023 -13.45312
v 39.25416 22.89171 -13.45312
v 39.31445 22.86673 -13.45312
v 39.36623 22.82700 -13.45312
v 39.40596 22.77523 -13.45312
v 39.43094 22.71493 -13.45312
v 39.43945 22.65023 -13.45312
v 39.43094 22.58552 -13.45312
v 39.40596 22.52523 -13.45312
v 39.36623 22.47345 -13.45312
v 39.31445 22.43372 -13.45312
v 39.25416 22.40875 -13.45312
v 39.18945 22.40023 -13.45312
v 39.12475 22.40875 -13.45312
v 38.94797 22.58552 -13.45312
v 38.93945 22.65023 -13.45312
v 38.94797 22.71493 -13.45312
v 38.97295 22.77523 -13.45312
v 39.01268 22.82700 -13.45312
v 39.06445 22.86673 -13.45312
v 39.12475 22.89171 -13.45312
v 39.12475 22.40875 -13.45312
v 39.12475 22.40875 -5.20444
v 39.12475 22.40875 -5.20444
v 39.12475 22.40875 -13.45312
v 39.12475 22.40875 -5.20444
v 38.94797 22.58552 -13.45312
v 38.94797 22.58552 -5.20444
v 38.94797 22.58552 -13.45312
v 38.94797 22.58552 -5.20444
v 38.94797 22.58552 -5.20444
v 39.25416 22.89171 -5.20444
v 39.18945 22.90023 -13.45312
v 39.18945 22.90023 -5.20444
v 39.25416 22.89171 -13.45312
v 39.25416 22.89171 -13.45312
v 39.25416 22.89171 -5.20444
v 39.18945 22.90023 -13.45312
v 39.18945 22.90023 -5.20444
v 39.25416 22.89171 -5.20444
v 39.18945 22.90023 -5.20444
v 39.31445 22.86673 -5.20444
v 39.31445 22.86673 -13.45312
v 39.31445 22.86673 -13.45312
v 39.31445 22.86673 -5.20444
v 39.31445 22.86673 -5.20444
v 39.36623 22.82700 -5.20444
v 39.36623 22.82700 -13.45312
v 39.36623 22.82700 -13.45312
v 39.36623 22.82700 -5.20444
v 39.36623 22.82700 -5.20444
v 39.40596 22.77523 -13.45312
v 39.40596 22.77523 -5.20444
v 39.40596 22.77523 -13.45312
v 39.40596 22.77523 -5.20444
v 39.40596 22.77523 -5.20444
v 39.43094 22.71493 -5.20444
v 39.43094 22.71493 -13.45312
v 39.43094 22.71493 -13.45312
v 39.43094 22.71493 -5.20444
v 39.43094 22.71493 -5.20444
v 39.43945 22.65023 -13.45312
v 39.43945 22.65023 -5.20444
v 39.43945 22.65023 -13.45312
v 39.43945 22.65023 -5.20444
v 39.43945 22.65023 -5.20444
v 39.43094 22.58552 -13.45312
v 39.43094 22.58552 -5.20444
v 39.43094 22.58552 -13.45312
v 39.43094 22.58552 -5.20444
v 39.43094 22.58552 -5.20444
v 39.40596 22.52523 -13.45312
v 39.40596 22.52523 -5.20444
v 39.40596 22.52523 -13.45312
v 39.40596 22.52523 -5.20444
v 39.40596 22.52523 -5.20444
v 39.36623 22.47345 -5.20444
v 39.36623 22.47345 -13.45312
v 39.36623 22.47345 -13.45312
v 39.36623 22.47345 -5.20444
v 39.36623 22.47345 -5.20444
v 39.31445 22.43372 -5.20444
v 39.31445 22.43372 -13.45312
v 39.31445 22.43372 -5.20444
v 39.31445 22.43372 -13.45312
v 39.31445 22.43372 -5.20444
v 39.25416 22.40875 -5.20444
v 39.25416 22.40875 -13.45312
v 39.25416 22.40875 -5.20444
v 39.25416 22.40875 -13.45312
v 39.25416 22.40875 -5.20444
v 39.18945 22.40023 -5.20444
v 39.18945 22.40023 -13.45312
v 39.18945 22.40023 -5.20444
v 39.18945 22.40023 -13.45312
v 39.18945 22.40023 -5.20444
v 38.93945 22.65023 -13.45312
v 38.93945 22.65023 -5.20444
v 38.93945 22.65023 -13.45312
v 38.93945 22.65023 -5.20444
v 38.93945 22.65023 -5.20444
v 38.94797 22.71493 -5.20444
v 38.94797 22.71493 -13.45312
v 38.94797 22.71493 -13.45312
v 38.94797 22.71493 -5.20444
v 38.94797 22.71493 -5.20444
v 38.97295 22.77523 -13.45312
v 38.97295 22.77523 -5.20444
v 38.97295 22.77523 -13.45312
v 38.97295 22.77523 -5.20444
v 38.97295 22.77523 -5.20444
v 39.01268 22.82700 -5.20444
v 39.01268 22.82700 -13.45312
v 39.01268 22.82700 -13.45312
v 39.01268 22.82700 -5.20444
v 39.01268 22.82700 -5.20444
v 39.06445 22.86673 -5.20444
v 39.06445 22.86673 -13.45312
v 39.06445 22.86673 -13.45312
v 39.06445 22.86673 -5.20444
v 39.06445 22.86673 -5.20444
v 39.12475 22.89171 -5.20444
v 39.12475 22.89171 -13.45312
v 39.12475 22.89171 -13.45312
v 39.12475 22.89171 -5.20444
v 39.12475 22.89171 -5.20444
usemtl ID61
f 3931 3932 3933
f 3932 3931 3934
f 3935 3936 3937
f 3938 3937 3936
f 3943 3931 3933
f 3931 3943 3944
f 3945 3946 3936
f 3938 3936 3946
f 3949 3950 3951
f 3950 3949 3952
f 3950 3952 3953
f 3953 3952 3954
f 3953 3954 3955
f 3955 3954 3956
f 3955 3956 3957
f 3957 3956 3958
f 3957 3958 3959
f 3959 3958 3960
f 3959 3960 3961
f 3961 3960 3962
f 3961 3962 3963
f 3963 3962 3964
f 3963 3964 3965
f 3965 3964 3966
f 3965 3966 3967
f 3967 3966 3968
f 3967 3968 3969
f 3969 3968 3970
f 3969 3970 3971
f 3971 3970 3972
f 3973 3974 3975
f 3975 3974 3976
f 3974 3977 3976
f 3976 3977 3978
f 3977 3979 3978
f 3978 3979 3980
f 3979 3981 3980
f 3980 3981 3982
f 3981 3983 3982
f 3982 3983 3984
f 3983 3985 3984
f 3984 3985 3986
f 3985 3987 3986
f 3986 3987 3988
f 3987 3989 3988
f 3988 3989 3990
f 3989 3991 3990
f 3990 3991 3992
f 3991 3993 3992
f 3992 3993 3994
f 3993 3995 3994
f 3996 3994 3995
f 4018 3932 3934
f 3932 4018 4019
f 4020 4021 3937
f 3935 3937 4021
f 4023 3943 4024
f 3943 4023 3944
f 3945 4025 3946
f 4026 3946 4025
f 4028 4029 4030
f 4029 4028 4031
f 4032 4033 4034
f 4035 4034 4033
f 4038 4031 4028
f 4031 4038 4039
f 4040 4041 4032
f 4033 4032 4041
f 4043 4039 4038
f 4039 4043 4044
f 4045 4046 4040
f 4041 4040 4046
f 4048 4043 4049
f 4043 4048 4044
f 4045 4050 4046
f 4051 4046 4050
f 4053 4048 4049
f 4048 4053 4054
f 4055 4056 4050
f 4051 4050 4056
f 4058 4053 4059
f 4053 4058 4054
f 4055 4060 4056
f 4061 4056 4060
f 4063 4059 4064
f 4059 4063 4058
f 4060 4065 4061
f 4066 4061 4065
f 4068 4064 4069
f 4064 4068 4063
f 4065 4070 4066
f 4071 4066 4070
f 4073 4068 4069
f 4068 4073 4074
f 4075 4076 4070
f 4071 4070 4076
f 4074 4078 4079
f 4078 4074 4073
f 4076 4075 4080
f 4081 4080 4075
f 4079 4083 4084
f 4083 4079 4078
f 4080 4081 4085
f 4086 4085 4081
f 4084 4088 4089
f 4088 4084 4083
f 4085 4086 4090
f 4091 4090 4086
f 4089 4019 4018
f 4019 4089 4088
f 4090 4091 4020
f 4021 4020 4091
f 4093 4024 4094
f 4024 4093 4023
f 4025 4095 4026
f 4096 4026 4095
f 4098 4093 4094
f 4093 4098 4099
f 4100 4101 4095
f 4096 4095 4101
f 4103 4098 4104
f 4098 4103 4099
f 4100 4105 4101
f 4106 4101 4105
f 4108 4103 4104
f 4103 4108 4109
f 4110 4111 4105
f 4106 4105 4111
f 4113 4109 4108
f 4109 4113 4114
f 4115 4116 4110
f 4111 4110 4116
f 4118 4114 4113
f 4114 4118 4119
f 4120 4121 4115
f 4116 4115 4121
f 4030 4119 4118
f 4119 4030 4029
f 4034 4035 4120
f 4121 4120 4035
o Hardware_Hardware_8_1_4_Bolt_Head_3_4_Bolt_Head__6
v 38.93313 22.90655 -4.87500
v 39.00820 22.96416 -4.87500
v 38.97295 23.02523 -4.90937
v 38.97295 23.02523 -4.90937
v 39.00820 22.96416 -4.87500
v 38.93313 22.90655 -4.87500
v 39.00820 22.96416 -4.87500
v 38.97295 23.02523 -4.90937
v 38.93313 22.90655 -4.87500
v 38.89988 22.87992 -4.88359
v 38.93313 22.90655 -4.87500
v 38.97295 23.02523 -4.90937
v 38.87552 22.83148 -4.87500
v 38.87552 22.83148 -4.87500
v 38.89988 22.87992 -4.88359
v 38.93313 22.90655 -4.87500
v 38.97295 23.02523 -4.90937
v 38.87552 22.83148 -4.87500
v 38.89988 22.87992 -4.88359
v 38.93313 22.90655 -4.87500
v 39.06445 22.86673 -4.87500
v 39.00820 22.96416 -4.87500
v 38.93945 22.65023 -4.87500
v 39.18945 22.65023 -4.87500
v 38.87552 22.83148 -4.87500
v 38.83931 22.74405 -4.87500
v 38.82695 22.65023 -4.87500
v 38.82695 22.65023 -4.87500
v 38.83931 22.74405 -4.87500
v 38.93945 22.65023 -4.87500
v 38.87552 22.83148 -4.87500
v 38.93313 22.90655 -4.87500
v 39.06445 22.86673 -4.87500
v 39.18945 22.65023 -4.87500
v 39.00820 22.96416 -4.87500
v 38.93945 22.65023 -4.87500
v 38.82695 22.65023 -4.87500
v 39.18945 22.65023 -4.87500
v 39.06445 22.86673 -4.87500
v 38.83931 22.74405 -4.87500
v 38.84575 22.78617 -4.88359
v 38.87552 22.83148 -4.87500
v 38.89988 22.87992 -4.88359
v 38.89988 22.87992 -4.88359
v 38.87552 22.83148 -4.87500
v 38.84575 22.78617 -4.88359
v 38.84575 22.78617 -4.88359
v 38.97295 23.02523 -4.90937
v 38.84575 22.78617 -4.88359
v 38.89988 22.87992 -4.88359
v 38.75644 22.65023 -4.90937
v 38.75644 22.65023 -4.90937
v 38.97295 23.02523 -4.90937
v 38.84575 22.78617 -4.88359
v 38.89988 22.87992 -4.88359
v 38.75644 22.65023 -4.90937
v 38.84575 22.78617 -4.88359
v 38.83931 22.74405 -4.87500
v 38.87552 22.83148 -4.87500
v 38.75644 22.65023 -4.90937
v 38.75644 22.65023 -4.90937
v 38.84575 22.78617 -4.88359
v 38.83931 22.74405 -4.87500
v 38.87552 22.83148 -4.87500
v 38.75644 22.65023 -4.90937
v 38.82695 22.65023 -4.87500
v 38.83931 22.74405 -4.87500
v 38.83931 22.74405 -4.87500
v 38.82695 22.65023 -4.87500
v 38.75644 22.65023 -4.90937
v 38.97295 23.02523 -5.20312
v 38.75644 22.65023 -4.90937
v 38.97295 23.02523 -4.90937
v 38.75644 22.65023 -5.20312
v 38.75644 22.65023 -5.20312
v 38.97295 23.02523 -5.20312
v 38.75644 22.65023 -4.90937
v 38.97295 23.02523 -4.90937
v 38.97295 23.02523 -5.20312
v 38.75644 22.65023 -5.20312
v 38.75644 22.65023 -5.20312
v 38.97295 23.02523 -5.20312
v 39.18945 22.65023 -5.20312
v 39.18945 22.65023 -5.20312
v 38.97295 23.02523 -5.20312
v 38.75644 22.65023 -5.20312
v 39.18945 22.65023 -5.20312
usemtl ID61
f 4123 4124 4125
f 4126 4127 4128
f 4132 4133 4134
f 4133 4132 4135
f 4136 4137 4138
f 4139 4138 4137
f 4142 4143 4144
f 4143 4145 4146
f 4145 4143 4142
f 4145 4142 4147
f 4145 4147 4148
f 4145 4148 4149
f 4150 4151 4152
f 4151 4153 4152
f 4153 4154 4152
f 4154 4155 4152
f 4156 4152 4155
f 4157 4155 4154
f 4163 4164 4165
f 4166 4167 4168
f 4170 4171 4172
f 4171 4170 4173
f 4174 4175 4176
f 4177 4176 4175
f 4179 4180 4181
f 4180 4179 4182
f 4183 4184 4185
f 4186 4185 4184
f 4187 4188 4189
f 4190 4191 4192
f 4193 4194 4195
f 4194 4193 4196
f 4197 4198 4199
f 4200 4199 4198
f 4203 4204 4205
f 4206 4207 4208
o Hardware_Hardware_8_1_4_Bolt_Head_3_4_Bolt_Head__6_1
v 39.53960 22.74405 -4.87500
v 39.55195 22.65023 -4.87500
v 39.62247 22.65023 -4.90937
v 39.62247 22.65023 -4.90937
v 39.55195 22.65023 -4.87500
v 39.53960 22.74405 -4.87500
v 39.55195 22.65023 -4.87500
v 39.62247 22.65023 -4.90937
v 39.53960 22.74405 -4.87500
v 39.53316 22.78617 -4.88359
v 39.53960 22.74405 -4.87500
v 39.62247 22.65023 -4.90937
v 39.50339 22.83148 -4.87500
v 39.50339 22.83148 -4.87500
v 39.53316 22.78617 -4.88359
v 39.53960 22.74405 -4.87500
v 39.62247 22.65023 -4.90937
v 39.50339 22.83148 -4.87500
v 39.53316 22.78617 -4.88359
v 39.53960 22.74405 -4.87500
v 39.43945 22.65023 -4.87500
v 39.55195 22.65023 -4.87500
v 39.31445 22.86673 -4.87500
v 39.18945 22.65023 -4.87500
v 39.50339 22.83148 -4.87500
v 39.44578 22.90655 -4.87500
v 39.37070 22.96416 -4.87500
v 39.37070 22.96416 -4.87500
v 39.44578 22.90655 -4.87500
v 39.31445 22.86673 -4.87500
v 39.50339 22.83148 -4.87500
v 39.53960 22.74405 -4.87500
v 39.43945 22.65023 -4.87500
v 39.18945 22.65023 -4.87500
v 39.55195 22.65023 -4.87500
v 39.31445 22.86673 -4.87500
v 39.37070 22.96416 -4.87500
v 39.18945 22.65023 -4.87500
v 39.43945 22.65023 -4.87500
v 39.44578 22.90655 -4.87500
v 39.47903 22.87992 -4.88359
v 39.50339 22.83148 -4.87500
v 39.53316 22.78617 -4.88359
v 39.53316 22.78617 -4.88359
v 39.50339 22.83148 -4.87500
v 39.47903 22.87992 -4.88359
v 39.47903 22.87992 -4.88359
v 39.62247 22.65023 -4.90937
v 39.47903 22.87992 -4.88359
v 39.53316 22.78617 -4.88359
v 39.40596 23.02523 -4.90937
v 39.40596 23.02523 -4.90937
v 39.62247 22.65023 -4.90937
v 39.47903 22.87992 -4.88359
v 39.53316 22.78617 -4.88359
v 39.40596 23.02523 -4.90937
v 39.47903 22.87992 -4.88359
v 39.44578 22.90655 -4.87500
v 39.50339 22.83148 -4.87500
v 39.40596 23.02523 -4.90937
v 39.40596 23.02523 -4.90937
v 39.47903 22.87992 -4.88359
v 39.44578 22.90655 -4.87500
v 39.50339 22.83148 -4.87500
v 39.40596 23.02523 -4.90937
v 39.37070 22.96416 -4.87500
v 39.44578 22.90655 -4.87500
v 39.44578 22.90655 -4.87500
v 39.37070 22.96416 -4.87500
v 39.40596 23.02523 -4.90937
v 39.62247 22.65023 -5.20312
v 39.40596 23.02523 -4.90937
v 39.62247 22.65023 -4.90937
v 39.40596 23.02523 -5.20312
v 39.40596 23.02523 -5.20312
v 39.62247 22.65023 -5.20312
v 39.40596 23.02523 -4.90937
v 39.62247 22.65023 -4.90937
v 39.62247 22.65023 -5.20312
v 39.40596 23.02523 -5.20312
v 39.40596 23.02523 -5.20312
v 39.62247 22.65023 -5.20312
v 39.18945 22.65023 -5.20312
v 39.18945 22.65023 -5.20312
v 39.62247 22.65023 -5.20312
v 39.40596 23.02523 -5.20312
v 39.18945 22.65023 -5.20312
usemtl ID61
f 4210 4211 4212
f 4213 4214 4215
f 4219 4220 4221
f 4220 4219 4222
f 4223 4224 4225
f 4226 4225 4224
f 4229 4230 4231
f 4230 4232 4233
f 4232 4230 4229
f 4232 4229 4234
f 4232 4234 4235
f 4232 4235 4236
f 4237 4238 4239
f 4238 4240 4239
f 4240 4241 4239
f 4241 4242 4239
f 4243 4239 4242
f 4244 4242 4241
f 4250 4251 4252
f 4253 4254 4255
f 4257 4258 4259
f 4258 4257 4260
f 4261 4262 4263
f 4264 4263 4262
f 4266 4267 4268
f 4267 4266 4269
f 4270 4271 4272
f 4273 4272 4271
f 4274 4275 4276
f 4277 4278 4279
f 4280 4281 4282
f 4281 4280 4283
f 4284 4285 4286
f 4287 4286 4285
f 4290 4291 4292
f 4293 4294 4295
o Hardware_Hardware_8_1_4_Bolt_Head_3_4_Bolt_Head__6_2
v 39.44578 22.39390 -4.87500
v 39.37070 22.33629 -4.87500
v 39.40596 22.27523 -4.90937
v 39.40596 22.27523 -4.90937
v 39.37070 22.33629 -4.87500
v 39.44578 22.39390 -4.87500
v 39.37070 22.33629 -4.87500
v 39.40596 22.27523 -4.90937
v 39.44578 22.39390 -4.87500
v 39.47903 22.42054 -4.88359
v 39.44578 22.39390 -4.87500
v 39.40596 22.27523 -4.90937
v 39.50339 22.46898 -4.87500
v 39.50339 22.46898 -4.87500
v 39.47903 22.42054 -4.88359
v 39.44578 22.39390 -4.87500
v 39.40596 22.27523 -4.90937
v 39.50339 22.46898 -4.87500
v 39.47903 22.42054 -4.88359
v 39.44578 22.39390 -4.87500
v 39.31445 22.43372 -4.87500
v 39.37070 22.33629 -4.87500
v 39.43945 22.65023 -4.87500
v 39.18945 22.65023 -4.87500
v 39.50339 22.46898 -4.87500
v 39.53960 22.55641 -4.87500
v 39.55195 22.65023 -4.87500
v 39.55195 22.65023 -4.87500
v 39.53960 22.55641 -4.87500
v 39.43945 22.65023 -4.87500
v 39.50339 22.46898 -4.87500
v 39.44578 22.39390 -4.87500
v 39.31445 22.43372 -4.87500
v 39.18945 22.65023 -4.87500
v 39.37070 22.33629 -4.87500
v 39.43945 22.65023 -4.87500
v 39.55195 22.65023 -4.87500
v 39.18945 22.65023 -4.87500
v 39.31445 22.43372 -4.87500
v 39.53960 22.55641 -4.87500
v 39.53316 22.51429 -4.88359
v 39.50339 22.46898 -4.87500
v 39.47903 22.42054 -4.88359
v 39.47903 22.42054 -4.88359
v 39.50339 22.46898 -4.87500
v 39.53316 22.51429 -4.88359
v 39.53316 22.51429 -4.88359
v 39.40596 22.27523 -4.90937
v 39.53316 22.51429 -4.88359
v 39.47903 22.42054 -4.88359
v 39.62247 22.65023 -4.90937
v 39.62247 22.65023 -4.90937
v 39.40596 22.27523 -4.90937
v 39.53316 22.51429 -4.88359
v 39.47903 22.42054 -4.88359
v 39.62247 22.65023 -4.90937
v 39.53316 22.51429 -4.88359
v 39.53960 22.55641 -4.87500
v 39.50339 22.46898 -4.87500
v 39.62247 22.65023 -4.90937
v 39.62247 22.65023 -4.90937
v 39.53316 22.51429 -4.88359
v 39.53960 22.55641 -4.87500
v 39.50339 22.46898 -4.87500
v 39.62247 22.65023 -4.90937
v 39.55195 22.65023 -4.87500
v 39.53960 22.55641 -4.87500
v 39.53960 22.55641 -4.87500
v 39.55195 22.65023 -4.87500
v 39.62247 22.65023 -4.90937
v 39.40596 22.27523 -5.20312
v 39.62247 22.65023 -4.90937
v 39.40596 22.27523 -4.90937
v 39.62247 22.65023 -5.20312
v 39.62247 22.65023 -5.20312
v 39.40596 22.27523 -5.20312
v 39.62247 22.65023 -4.90937
v 39.40596 22.27523 -4.90937
v 39.40596 22.27523 -5.20312
v 39.62247 22.65023 -5.20312
v 39.62247 22.65023 -5.20312
v 39.40596 22.27523 -5.20312
v 39.18945 22.65023 -5.20312
v 39.18945 22.65023 -5.20312
v 39.40596 22.27523 -5.20312
v 39.62247 22.65023 -5.20312
v 39.18945 22.65023 -5.20312
usemtl ID61
f 4297 4298 4299
f 4300 4301 4302
f 4306 4307 4308
f 4307 4306 4309
f 4310 4311 4312
f 4313 4312 4311
f 4316 4317 4318
f 4317 4319 4320
f 4319 4317 4316
f 4319 4316 4321
f 4319 4321 4322
f 4319 4322 4323
f 4324 4325 4326
f 4325 4327 4326
f 4327 4328 4326
f 4328 4329 4326
f 4330 4326 4329
f 4331 4329 4328
f 4337 4338 4339
f 4340 4341 4342
f 4344 4345 4346
f 4345 4344 4347
f 4348 4349 4350
f 4351 4350 4349
f 4353 4354 4355
f 4354 4353 4356
f 4357 4358 4359
f 4360 4359 4358
f 4361 4362 4363
f 4364 4365 4366
f 4367 4368 4369
f 4368 4367 4370
f 4371 4372 4373
f 4374 4373 4372
f 4377 4378 4379
f 4380 4381 4382
o Hardware_Hardware_8_1_4_Bolt_Head_3_4_Bolt_Head__6_3
v 39.09563 22.30008 -4.87500
v 39.00820 22.33629 -4.87500
v 38.97295 22.27523 -4.90937
v 38.97295 22.27523 -4.90937
v 39.00820 22.33629 -4.87500
v 39.09563 22.30008 -4.87500
v 39.00820 22.33629 -4.87500
v 38.97295 22.27523 -4.90937
v 39.09563 22.30008 -4.87500
v 39.13533 22.28460 -4.88359
v 39.09563 22.30008 -4.87500
v 38.97295 22.27523 -4.90937
v 39.18945 22.28773 -4.87500
v 39.18945 22.28773 -4.87500
v 39.13533 22.28460 -4.88359
v 39.09563 22.30008 -4.87500
v 38.97295 22.27523 -4.90937
v 39.18945 22.28773 -4.87500
v 39.13533 22.28460 -4.88359
v 39.09563 22.30008 -4.87500
v 39.06445 22.43372 -4.87500
v 39.00820 22.33629 -4.87500
v 39.31445 22.43372 -4.87500
v 39.18945 22.65023 -4.87500
v 39.18945 22.28773 -4.87500
v 39.28328 22.30008 -4.87500
v 39.37070 22.33629 -4.87500
v 39.37070 22.33629 -4.87500
v 39.28328 22.30008 -4.87500
v 39.31445 22.43372 -4.87500
v 39.18945 22.28773 -4.87500
v 39.09563 22.30008 -4.87500
v 39.06445 22.43372 -4.87500
v 39.18945 22.65023 -4.87500
v 39.00820 22.33629 -4.87500
v 39.31445 22.43372 -4.87500
v 39.37070 22.33629 -4.87500
v 39.18945 22.65023 -4.87500
v 39.06445 22.43372 -4.87500
v 39.28328 22.30008 -4.87500
v 39.24358 22.28460 -4.88359
v 39.18945 22.28773 -4.87500
v 39.13533 22.28460 -4.88359
v 39.13533 22.28460 -4.88359
v 39.18945 22.28773 -4.87500
v 39.24358 22.28460 -4.88359
v 39.24358 22.28460 -4.88359
v 38.97295 22.27523 -4.90937
v 39.24358 22.28460 -4.88359
v 39.13533 22.28460 -4.88359
v 39.40596 22.27523 -4.90937
v 39.40596 22.27523 -4.90937
v 38.97295 22.27523 -4.90937
v 39.24358 22.28460 -4.88359
v 39.13533 22.28460 -4.88359
v 39.40596 22.27523 -4.90937
v 39.24358 22.28460 -4.88359
v 39.28328 22.30008 -4.87500
v 39.18945 22.28773 -4.87500
v 39.40596 22.27523 -4.90937
v 39.40596 22.27523 -4.90937
v 39.24358 22.28460 -4.88359
v 39.28328 22.30008 -4.87500
v 39.18945 22.28773 -4.87500
v 39.40596 22.27523 -4.90937
v 39.37070 22.33629 -4.87500
v 39.28328 22.30008 -4.87500
v 39.28328 22.30008 -4.87500
v 39.37070 22.33629 -4.87500
v 39.40596 22.27523 -4.90937
v 38.97295 22.27523 -5.20312
v 39.40596 22.27523 -4.90937
v 38.97295 22.27523 -4.90937
v 39.40596 22.27523 -5.20312
v 39.40596 22.27523 -5.20312
v 38.97295 22.27523 -5.20312
v 39.40596 22.27523 -4.90937
v 38.97295 22.27523 -4.90937
v 38.97295 22.27523 -5.20312
v 39.40596 22.27523 -5.20312
v 39.40596 22.27523 -5.20312
v 38.97295 22.27523 -5.20312
v 39.18945 22.65023 -5.20312
v 39.18945 22.65023 -5.20312
v 38.97295 22.27523 -5.20312
v 39.40596 22.27523 -5.20312
v 39.18945 22.65023 -5.20312
usemtl ID61
f 4384 4385 4386
f 4387 4388 4389
f 4393 4394 4395
f 4394 4393 4396
f 4397 4398 4399
f 4400 4399 4398
f 4403 4404 4405
f 4404 4406 4407
f 4406 4404 4403
f 4406 4403 4408
f 4406 4408 4409
f 4406 4409 4410
f 4411 4412 4413
f 4412 4414 4413
f 4414 4415 4413
f 4415 4416 4413
f 4417 4413 4416
f 4418 4416 4415
f 4424 4425 4426
f 4427 4428 4429
f 4431 4432 4433
f 4432 4431 4434
f 4435 4436 4437
f 4438 4437 4436
f 4440 4441 4442
f 4441 4440 4443
f 4444 4445 4446
f 4447 4446 4445
f 4448 4449 4450
f 4451 4452 4453
f 4454 4455 4456
f 4455 4454 4457
f 4458 4459 4460
f 4461 4460 4459
f 4464 4465 4466
f 4467 4468 4469
o Hardware_Hardware_8_1_4_Bolt_Head_3_4_Bolt_Head__6_4
v 38.83931 22.55641 -4.87500
v 38.82695 22.65023 -4.87500
v 38.75644 22.65023 -4.90937
v 38.75644 22.65023 -4.90937
v 38.82695 22.65023 -4.87500
v 38.83931 22.55641 -4.87500
v 38.82695 22.65023 -4.87500
v 38.75644 22.65023 -4.90937
v 38.83931 22.55641 -4.87500
v 38.84575 22.51429 -4.88359
v 38.83931 22.55641 -4.87500
v 38.75644 22.65023 -4.90937
v 38.87552 22.46898 -4.87500
v 38.87552 22.46898 -4.87500
v 38.84575 22.51429 -4.88359
v 38.83931 22.55641 -4.87500
v 38.75644 22.65023 -4.90937
v 38.87552 22.46898 -4.87500
v 38.84575 22.51429 -4.88359
v 38.83931 22.55641 -4.87500
v 38.93945 22.65023 -4.87500
v 38.82695 22.65023 -4.87500
v 39.06445 22.43372 -4.87500
v 39.18945 22.65023 -4.87500
v 38.87552 22.46898 -4.87500
v 38.93313 22.39390 -4.87500
v 39.00820 22.33629 -4.87500
v 39.00820 22.33629 -4.87500
v 38.93313 22.39390 -4.87500
v 39.06445 22.43372 -4.87500
v 38.87552 22.46898 -4.87500
v 38.83931 22.55641 -4.87500
v 38.93945 22.65023 -4.87500
v 39.18945 22.65023 -4.87500
v 38.82695 22.65023 -4.87500
v 39.06445 22.43372 -4.87500
v 39.00820 22.33629 -4.87500
v 39.18945 22.65023 -4.87500
v 38.93945 22.65023 -4.87500
v 38.93313 22.39390 -4.87500
v 38.89988 22.42054 -4.88359
v 38.87552 22.46898 -4.87500
v 38.84575 22.51429 -4.88359
v 38.84575 22.51429 -4.88359
v 38.87552 22.46898 -4.87500
v 38.89988 22.42054 -4.88359
v 38.89988 22.42054 -4.88359
v 38.75644 22.65023 -4.90937
v 38.89988 22.42054 -4.88359
v 38.84575 22.51429 -4.88359
v 38.97295 22.27523 -4.90937
v 38.97295 22.27523 -4.90937
v 38.75644 22.65023 -4.90937
v 38.89988 22.42054 -4.88359
v 38.84575 22.51429 -4.88359
v 38.97295 22.27523 -4.90937
v 38.89988 22.42054 -4.88359
v 38.93313 22.39390 -4.87500
v 38.87552 22.46898 -4.87500
v 38.97295 22.27523 -4.90937
v 38.97295 22.27523 -4.90937
v 38.89988 22.42054 -4.88359
v 38.93313 22.39390 -4.87500
v 38.87552 22.46898 -4.87500
v 38.97295 22.27523 -4.90937
v 39.00820 22.33629 -4.87500
v 38.93313 22.39390 -4.87500
v 38.93313 22.39390 -4.87500
v 39.00820 22.33629 -4.87500
v 38.97295 22.27523 -4.90937
v 38.75644 22.65023 -5.20312
v 38.97295 22.27523 -4.90937
v 38.75644 22.65023 -4.90937
v 38.97295 22.27523 -5.20312
v 38.97295 22.27523 -5.20312
v 38.75644 22.65023 -5.20312
v 38.97295 22.27523 -4.90937
v 38.75644 22.65023 -4.90937
v 38.75644 22.65023 -5.20312
v 38.97295 22.27523 -5.20312
v 38.97295 22.27523 -5.20312
v 38.75644 22.65023 -5.20312
v 39.18945 22.65023 -5.20312
v 39.18945 22.65023 -5.20312
v 38.75644 22.65023 -5.20312
v 38.97295 22.27523 -5.20312
v 39.18945 22.65023 -5.20312
usemtl ID61
f 4471 4472 4473
f 4474 4475 4476
f 4480 4481 4482
f 4481 4480 4483
f 4484 4485 4486
f 4487 4486 4485
f 4490 4491 4492
f 4491 4493 4494
f 4493 4491 4490
f 4493 4490 4495
f 4493 4495 4496
f 4493 4496 4497
f 4498 4499 4500
f 4499 4501 4500
f 4501 4502 4500
f 4502 4503 4500
f 4504 4500 4503
f 4505 4503 4502
f 4511 4512 4513
f 4514 4515 4516
f 4518 4519 4520
f 4519 4518 4521
f 4522 4523 4524
f 4525 4524 4523
f 4527 4528 4529
f 4528 4527 4530
f 4531 4532 4533
f 4534 4533 4532
f 4535 4536 4537
f 4538 4539 4540
f 4541 4542 4543
f 4542 4541 4544
f 4545 4546 4547
f 4548 4547 4546
f 4551 4552 4553
f 4554 4555 4556
o Hardware_Hardware_8_1_4_Bolt_Head_3_4_Bolt_Head__6_5
v 39.28328 23.00038 -4.87500
v 39.37070 22.96416 -4.87500
v 39.40596 23.02523 -4.90937
v 39.40596 23.02523 -4.90937
v 39.37070 22.96416 -4.87500
v 39.28328 23.00038 -4.87500
v 39.37070 22.96416 -4.87500
v 39.40596 23.02523 -4.90937
v 39.28328 23.00038 -4.87500
v 39.24358 23.01585 -4.88359
v 39.28328 23.00038 -4.87500
v 39.40596 23.02523 -4.90937
v 39.18945 23.01273 -4.87500
v 39.18945 23.01273 -4.87500
v 39.24358 23.01585 -4.88359
v 39.28328 23.00038 -4.87500
v 39.40596 23.02523 -4.90937
v 39.18945 23.01273 -4.87500
v 39.24358 23.01585 -4.88359
v 39.28328 23.00038 -4.87500
v 39.31445 22.86673 -4.87500
v 39.37070 22.96416 -4.87500
v 39.06445 22.86673 -4.87500
v 39.18945 22.65023 -4.87500
v 39.18945 23.01273 -4.87500
v 39.09563 23.00038 -4.87500
v 39.00820 22.96416 -4.87500
v 39.00820 22.96416 -4.87500
v 39.09563 23.00038 -4.87500
v 39.06445 22.86673 -4.87500
v 39.18945 23.01273 -4.87500
v 39.28328 23.00038 -4.87500
v 39.31445 22.86673 -4.87500
v 39.18945 22.65023 -4.87500
v 39.37070 22.96416 -4.87500
v 39.06445 22.86673 -4.87500
v 39.00820 22.96416 -4.87500
v 39.18945 22.65023 -4.87500
v 39.31445 22.86673 -4.87500
v 39.09563 23.00038 -4.87500
v 39.13533 23.01585 -4.88359
v 39.18945 23.01273 -4.87500
v 39.24358 23.01585 -4.88359
v 39.24358 23.01585 -4.88359
v 39.18945 23.01273 -4.87500
v 39.13533 23.01585 -4.88359
v 39.13533 23.01585 -4.88359
v 39.40596 23.02523 -4.90937
v 39.13533 23.01585 -4.88359
v 39.24358 23.01585 -4.88359
v 38.97295 23.02523 -4.90937
v 38.97295 23.02523 -4.90937
v 39.40596 23.02523 -4.90937
v 39.13533 23.01585 -4.88359
v 39.24358 23.01585 -4.88359
v 38.97295 23.02523 -4.90937
v 39.13533 23.01585 -4.88359
v 39.09563 23.00038 -4.87500
v 39.18945 23.01273 -4.87500
v 38.97295 23.02523 -4.90937
v 38.97295 23.02523 -4.90937
v 39.13533 23.01585 -4.88359
v 39.09563 23.00038 -4.87500
v 39.18945 23.01273 -4.87500
v 38.97295 23.02523 -4.90937
v 39.00820 22.96416 -4.87500
v 39.09563 23.00038 -4.87500
v 39.09563 23.00038 -4.87500
v 39.00820 22.96416 -4.87500
v 38.97295 23.02523 -4.90937
v 39.40596 23.02523 -5.20312
v 38.97295 23.02523 -4.90937
v 39.40596 23.02523 -4.90937
v 38.97295 23.02523 -5.20312
v 38.97295 23.02523 -5.20312
v 39.40596 23.02523 -5.20312
v 38.97295 23.02523 -4.90937
v 39.40596 23.02523 -4.90937
v 39.40596 23.02523 -5.20312
v 38.97295 23.02523 -5.20312
v 38.97295 23.02523 -5.20312
v 39.40596 23.02523 -5.20312
v 39.18945 22.65023 -5.20312
v 39.18945 22.65023 -5.20312
v 39.40596 23.02523 -5.20312
v 38.97295 23.02523 -5.20312
v 39.18945 22.65023 -5.20312
usemtl ID61
f 4558 4559 4560
f 4561 4562 4563
f 4567 4568 4569
f 4568 4567 4570
f 4571 4572 4573
f 4574 4573 4572
f 4577 4578 4579
f 4578 4580 4581
f 4580 4578 4577
f 4580 4577 4582
f 4580 4582 4583
f 4580 4583 4584
f 4585 4586 4587
f 4586 4588 4587
f 4588 4589 4587
f 4589 4590 4587
f 4591 4587 4590
f 4592 4590 4589
f 4598 4599 4600
f 4601 4602 4603
f 4605 4606 4607
f 4606 4605 4608
f 4609 4610 4611
f 4612 4611 4610
f 4614 4615 4616
f 4615 4614 4617
f 4618 4619 4620
f 4621 4620 4619
f 4622 4623 4624
f 4625 4626 4627
f 4628 4629 4630
f 4629 4628 4631
f 4632 4633 4634
f 4635 4634 4633
f 4638 4639 4640
f 4641 4642 4643
o Hardware_Hardware_6_7_8_Bolt_Head_3_4_Bolt_Head__6
v 4.14266 17.05340 -5.58166
v 4.21773 17.11100 -5.58166
v 4.18248 17.17207 -5.61603
v 4.18248 17.17207 -5.61603
v 4.21773 17.11100 -5.58166
v 4.14266 17.05340 -5.58166
v 4.21773 17.11100 -5.58166
v 4.18248 17.17207 -5.61603
v 4.14266 17.05340 -5.58166
v 4.10941 17.02676 -5.59025
v 4.14266 17.05340 -5.58166
v 4.18248 17.17207 -5.61603
v 4.08505 16.97832 -5.58166
v 4.08505 16.97832 -5.58166
v 4.10941 17.02676 -5.59025
v 4.14266 17.05340 -5.58166
v 4.18248 17.17207 -5.61603
v 4.08505 16.97832 -5.58166
v 4.10941 17.02676 -5.59025
v 4.14266 17.05340 -5.58166
v 4.27398 17.01358 -5.58166
v 4.21773 17.11100 -5.58166
v 4.14898 16.79707 -5.58166
v 4.39898 16.79707 -5.58166
v 4.08505 16.97832 -5.58166
v 4.04884 16.89089 -5.58166
v 4.03648 16.79707 -5.58166
v 4.03648 16.79707 -5.58166
v 4.04884 16.89089 -5.58166
v 4.14898 16.79707 -5.58166
v 4.08505 16.97832 -5.58166
v 4.14266 17.05340 -5.58166
v 4.27398 17.01358 -5.58166
v 4.39898 16.79707 -5.58166
v 4.21773 17.11100 -5.58166
v 4.14898 16.79707 -5.58166
v 4.03648 16.79707 -5.58166
v 4.39898 16.79707 -5.58166
v 4.27398 17.01358 -5.58166
v 4.04884 16.89089 -5.58166
v 4.05528 16.93301 -5.59025
v 4.08505 16.97832 -5.58166
v 4.10941 17.02676 -5.59025
v 4.10941 17.02676 -5.59025
v 4.08505 16.97832 -5.58166
v 4.05528 16.93301 -5.59025
v 4.05528 16.93301 -5.59025
v 4.18248 17.17207 -5.61603
v 4.05528 16.93301 -5.59025
v 4.10941 17.02676 -5.59025
v 3.96597 16.79707 -5.61603
v 3.96597 16.79707 -5.61603
v 4.18248 17.17207 -5.61603
v 4.05528 16.93301 -5.59025
v 4.10941 17.02676 -5.59025
v 3.96597 16.79707 -5.61603
v 4.05528 16.93301 -5.59025
v 4.04884 16.89089 -5.58166
v 4.08505 16.97832 -5.58166
v 3.96597 16.79707 -5.61603
v 3.96597 16.79707 -5.61603
v 4.05528 16.93301 -5.59025
v 4.04884 16.89089 -5.58166
v 4.08505 16.97832 -5.58166
v 3.96597 16.79707 -5.61603
v 4.03648 16.79707 -5.58166
v 4.04884 16.89089 -5.58166
v 4.04884 16.89089 -5.58166
v 4.03648 16.79707 -5.58166
v 3.96597 16.79707 -5.61603
v 4.18248 17.17207 -5.90978
v 3.96597 16.79707 -5.61603
v 4.18248 17.17207 -5.61603
v 3.96597 16.79707 -5.90978
v 3.96597 16.79707 -5.90978
v 4.18248 17.17207 -5.90978
v 3.96597 16.79707 -5.61603
v 4.18248 17.17207 -5.61603
v 4.18248 17.17207 -5.90978
v 3.96597 16.79707 -5.90978
v 3.96597 16.79707 -5.90978
v 4.18248 17.17207 -5.90978
v 4.39898 16.79707 -5.90978
v 4.39898 16.79707 -5.90978
v 4.18248 17.17207 -5.90978
v 3.96597 16.79707 -5.90978
v 4.39898 16.79707 -5.90978
usemtl ID61
f 4645 4646 4647
f 4648 4649 4650
f 4654 4655 4656
f 4655 4654 4657
f 4658 4659 4660
f 4661 4660 4659
f 4664 4665 4666
f 4665 4667 4668
f 4667 4665 4664
f 4667 4664 4669
f 4667 4669 4670
f 4667 4670 4671
f 4672 4673 4674
f 4673 4675 4674
f 4675 4676 4674
f 4676 4677 4674
f 4678 4674 4677
f 4679 4677 4676
f 4685 4686 4687
f 4688 4689 4690
f 4692 4693 4694
f 4693 4692 4695
f 4696 4697 4698
f 4699 4698 4697
f 4701 4702 4703
f 4702 4701 4704
f 4705 4706 4707
f 4708 4707 4706
f 4709 4710 4711
f 4712 4713 4714
f 4715 4716 4717
f 4716 4715 4718
f 4719 4720 4721
f 4722 4721 4720
f 4725 4726 4727
f 4728 4729 4730
o Hardware_Hardware_6_7_8_Bolt_Head_3_4_Bolt_Head__6_1
v 4.74913 16.89089 -5.58166
v 4.76148 16.79707 -5.58166
v 4.83200 16.79707 -5.61603
v 4.83200 16.79707 -5.61603
v 4.76148 16.79707 -5.58166
v 4.74913 16.89089 -5.58166
v 4.76148 16.79707 -5.58166
v 4.83200 16.79707 -5.61603
v 4.74913 16.89089 -5.58166
v 4.74269 16.93301 -5.59025
v 4.74913 16.89089 -5.58166
v 4.83200 16.79707 -5.61603
v 4.71292 16.97832 -5.58166
v 4.71292 16.97832 -5.58166
v 4.74269 16.93301 -5.59025
v 4.74913 16.89089 -5.58166
v 4.83200 16.79707 -5.61603
v 4.71292 16.97832 -5.58166
v 4.74269 16.93301 -5.59025
v 4.74913 16.89089 -5.58166
v 4.64898 16.79707 -5.58166
v 4.76148 16.79707 -5.58166
v 4.52398 17.01358 -5.58166
v 4.39898 16.79707 -5.58166
v 4.71292 16.97832 -5.58166
v 4.65531 17.05340 -5.58166
v 4.58023 17.11100 -5.58166
v 4.58023 17.11100 -5.58166
v 4.65531 17.05340 -5.58166
v 4.52398 17.01358 -5.58166
v 4.71292 16.97832 -5.58166
v 4.74913 16.89089 -5.58166
v 4.64898 16.79707 -5.58166
v 4.39898 16.79707 -5.58166
v 4.76148 16.79707 -5.58166
v 4.52398 17.01358 -5.58166
v 4.58023 17.11100 -5.58166
v 4.39898 16.79707 -5.58166
v 4.64898 16.79707 -5.58166
v 4.65531 17.05340 -5.58166
v 4.68856 17.02676 -5.59025
v 4.71292 16.97832 -5.58166
v 4.74269 16.93301 -5.59025
v 4.74269 16.93301 -5.59025
v 4.71292 16.97832 -5.58166
v 4.68856 17.02676 -5.59025
v 4.68856 17.02676 -5.59025
v 4.83200 16.79707 -5.61603
v 4.68856 17.02676 -5.59025
v 4.74269 16.93301 -5.59025
v 4.61549 17.17207 -5.61603
v 4.61549 17.17207 -5.61603
v 4.83200 16.79707 -5.61603
v 4.68856 17.02676 -5.59025
v 4.74269 16.93301 -5.59025
v 4.61549 17.17207 -5.61603
v 4.68856 17.02676 -5.59025
v 4.65531 17.05340 -5.58166
v 4.71292 16.97832 -5.58166
v 4.61549 17.17207 -5.61603
v 4.61549 17.17207 -5.61603
v 4.68856 17.02676 -5.59025
v 4.65531 17.05340 -5.58166
v 4.71292 16.97832 -5.58166
v 4.61549 17.17207 -5.61603
v 4.58023 17.11100 -5.58166
v 4.65531 17.05340 -5.58166
v 4.65531 17.05340 -5.58166
v 4.58023 17.11100 -5.58166
v 4.61549 17.17207 -5.61603
v 4.83200 16.79707 -5.90978
v 4.61549 17.17207 -5.61603
v 4.83200 16.79707 -5.61603
v 4.61549 17.17207 -5.90978
v 4.61549 17.17207 -5.90978
v 4.83200 16.79707 -5.90978
v 4.61549 17.17207 -5.61603
v 4.83200 16.79707 -5.61603
v 4.83200 16.79707 -5.90978
v 4.61549 17.17207 -5.90978
v 4.61549 17.17207 -5.90978
v 4.83200 16.79707 -5.90978
v 4.39898 16.79707 -5.90978
v 4.39898 16.79707 -5.90978
v 4.83200 16.79707 -5.90978
v 4.61549 17.17207 -5.90978
v 4.39898 16.79707 -5.90978
usemtl ID61
f 4732 4733 4734
f 4735 4736 4737
f 4741 4742 4743
f 4742 4741 4744
f 4745 4746 4747
f 4748 4747 4746
f 4751 4752 4753
f 4752 4754 4755
f 4754 4752 4751
f 4754 4751 4756
f 4754 4756 4757
f 4754 4757 4758
f 4759 4760 4761
f 4760 4762 4761
f 4762 4763 4761
f 4763 4764 4761
f 4765 4761 4764
f 4766 4764 4763
f 4772 4773 4774
f 4775 4776 4777
f 4779 4780 4781
f 4780 4779 4782
f 4783 4784 4785
f 4786 4785 4784
f 4788 4789 4790
f 4789 4788 4791
f 4792 4793 4794
f 4795 4794 4793
f 4796 4797 4798
f 4799 4800 4801
f 4802 4803 4804
f 4803 4802 4805
f 4806 4807 4808
f 4809 4808 4807
f 4812 4813 4814
f 4815 4816 4817
o Hardware_Hardware_6_7_8_Bolt_Head_3_4_Bolt_Head__6_2
v 4.65531 16.54074 -5.58166
v 4.58023 16.48314 -5.58166
v 4.61549 16.42207 -5.61603
v 4.61549 16.42207 -5.61603
v 4.58023 16.48314 -5.58166
v 4.65531 16.54074 -5.58166
v 4.58023 16.48314 -5.58166
v 4.61549 16.42207 -5.61603
v 4.65531 16.54074 -5.58166
v 4.68856 16.56738 -5.59025
v 4.65531 16.54074 -5.58166
v 4.61549 16.42207 -5.61603
v 4.71292 16.61582 -5.58166
v 4.71292 16.61582 -5.58166
v 4.68856 16.56738 -5.59025
v 4.65531 16.54074 -5.58166
v 4.61549 16.42207 -5.61603
v 4.71292 16.61582 -5.58166
v 4.68856 16.56738 -5.59025
v 4.65531 16.54074 -5.58166
v 4.52398 16.58056 -5.58166
v 4.58023 16.48314 -5.58166
v 4.64898 16.79707 -5.58166
v 4.39898 16.79707 -5.58166
v 4.71292 16.61582 -5.58166
v 4.74913 16.70325 -5.58166
v 4.76148 16.79707 -5.58166
v 4.76148 16.79707 -5.58166
v 4.74913 16.70325 -5.58166
v 4.64898 16.79707 -5.58166
v 4.71292 16.61582 -5.58166
v 4.65531 16.54074 -5.58166
v 4.52398 16.58056 -5.58166
v 4.39898 16.79707 -5.58166
v 4.58023 16.48314 -5.58166
v 4.64898 16.79707 -5.58166
v 4.76148 16.79707 -5.58166
v 4.39898 16.79707 -5.58166
v 4.52398 16.58056 -5.58166
v 4.74913 16.70325 -5.58166
v 4.74269 16.66113 -5.59025
v 4.71292 16.61582 -5.58166
v 4.68856 16.56738 -5.59025
v 4.68856 16.56738 -5.59025
v 4.71292 16.61582 -5.58166
v 4.74269 16.66113 -5.59025
v 4.74269 16.66113 -5.59025
v 4.61549 16.42207 -5.61603
v 4.74269 16.66113 -5.59025
v 4.68856 16.56738 -5.59025
v 4.83200 16.79707 -5.61603
v 4.83200 16.79707 -5.61603
v 4.61549 16.42207 -5.61603
v 4.74269 16.66113 -5.59025
v 4.68856 16.56738 -5.59025
v 4.83200 16.79707 -5.61603
v 4.74269 16.66113 -5.59025
v 4.74913 16.70325 -5.58166
v 4.71292 16.61582 -5.58166
v 4.83200 16.79707 -5.61603
v 4.83200 16.79707 -5.61603
v 4.74269 16.66113 -5.59025
v 4.74913 16.70325 -5.58166
v 4.71292 16.61582 -5.58166
v 4.83200 16.79707 -5.61603
v 4.76148 16.79707 -5.58166
v 4.74913 16.70325 -5.58166
v 4.74913 16.70325 -5.58166
v 4.76148 16.79707 -5.58166
v 4.83200 16.79707 -5.61603
v 4.61549 16.42207 -5.90978
v 4.83200 16.79707 -5.61603
v 4.61549 16.42207 -5.61603
v 4.83200 16.79707 -5.90978
v 4.83200 16.79707 -5.90978
v 4.61549 16.42207 -5.90978
v 4.83200 16.79707 -5.61603
v 4.61549 16.42207 -5.61603
v 4.61549 16.42207 -5.90978
v 4.83200 16.79707 -5.90978
v 4.83200 16.79707 -5.90978
v 4.61549 16.42207 -5.90978
v 4.39898 16.79707 -5.90978
v 4.39898 16.79707 -5.90978
v 4.61549 16.42207 -5.90978
v 4.83200 16.79707 -5.90978
v 4.39898 16.79707 -5.90978
usemtl ID61
f 4819 4820 4821
f 4822 4823 4824
f 4828 4829 4830
f 4829 4828 4831
f 4832 4833 4834
f 4835 4834 4833
f 4838 4839 4840
f 4839 4841 4842
f 4841 4839 4838
f 4841 4838 4843
f 4841 4843 4844
f 4841 4844 4845
f 4846 4847 4848
f 4847 4849 4848
f 4849 4850 4848
f 4850 4851 4848
f 4852 4848 4851
f 4853 4851 4850
f 4859 4860 4861
f 4862 4863 4864
f 4866 4867 4868
f 4867 4866 4869
f 4870 4871 4872
f 4873 4872 4871
f 4875 4876 4877
f 4876 4875 4878
f 4879 4880 4881
f 4882 4881 4880
f 4883 4884 4885
f 4886 4887 4888
f 4889 4890 4891
f 4890 4889 4892
f 4893 4894 4895
f 4896 4895 4894
f 4899 4900 4901
f 4902 4903 4904
o Hardware_Hardware_6_7_8_Bolt_Head_3_4_Bolt_Head__6_3
v 4.30516 16.44692 -5.58166
v 4.21773 16.48314 -5.58166
v 4.18248 16.42207 -5.61603
v 4.18248 16.42207 -5.61603
v 4.21773 16.48314 -5.58166
v 4.30516 16.44692 -5.58166
v 4.21773 16.48314 -5.58166
v 4.18248 16.42207 -5.61603
v 4.30516 16.44692 -5.58166
v 4.34486 16.43145 -5.59025
v 4.30516 16.44692 -5.58166
v 4.18248 16.42207 -5.61603
v 4.39898 16.43457 -5.58166
v 4.39898 16.43457 -5.58166
v 4.34486 16.43145 -5.59025
v 4.30516 16.44692 -5.58166
v 4.18248 16.42207 -5.61603
v 4.39898 16.43457 -5.58166
v 4.34486 16.43145 -5.59025
v 4.30516 16.44692 -5.58166
v 4.27398 16.58056 -5.58166
v 4.21773 16.48314 -5.58166
v 4.52398 16.58056 -5.58166
v 4.39898 16.79707 -5.58166
v 4.39898 16.43457 -5.58166
v 4.49281 16.44692 -5.58166
v 4.58023 16.48314 -5.58166
v 4.58023 16.48314 -5.58166
v 4.49281 16.44692 -5.58166
v 4.52398 16.58056 -5.58166
v 4.39898 16.43457 -5.58166
v 4.30516 16.44692 -5.58166
v 4.27398 16.58056 -5.58166
v 4.39898 16.79707 -5.58166
v 4.21773 16.48314 -5.58166
v 4.52398 16.58056 -5.58166
v 4.58023 16.48314 -5.58166
v 4.39898 16.79707 -5.58166
v 4.27398 16.58056 -5.58166
v 4.49281 16.44692 -5.58166
v 4.45311 16.43145 -5.59025
v 4.39898 16.43457 -5.58166
v 4.34486 16.43145 -5.59025
v 4.34486 16.43145 -5.59025
v 4.39898 16.43457 -5.58166
v 4.45311 16.43145 -5.59025
v 4.45311 16.43145 -5.59025
v 4.18248 16.42207 -5.61603
v 4.45311 16.43145 -5.59025
v 4.34486 16.43145 -5.59025
v 4.61549 16.42207 -5.61603
v 4.61549 16.42207 -5.61603
v 4.18248 16.42207 -5.61603
v 4.45311 16.43145 -5.59025
v 4.34486 16.43145 -5.59025
v 4.61549 16.42207 -5.61603
v 4.45311 16.43145 -5.59025
v 4.49281 16.44692 -5.58166
v 4.39898 16.43457 -5.58166
v 4.61549 16.42207 -5.61603
v 4.61549 16.42207 -5.61603
v 4.45311 16.43145 -5.59025
v 4.49281 16.44692 -5.58166
v 4.39898 16.43457 -5.58166
v 4.61549 16.42207 -5.61603
v 4.58023 16.48314 -5.58166
v 4.49281 16.44692 -5.58166
v 4.49281 16.44692 -5.58166
v 4.58023 16.48314 -5.58166
v 4.61549 16.42207 -5.61603
v 4.18248 16.42207 -5.90978
v 4.61549 16.42207 -5.61603
v 4.18248 16.42207 -5.61603
v 4.61549 16.42207 -5.90978
v 4.61549 16.42207 -5.90978
v 4.18248 16.42207 -5.90978
v 4.61549 16.42207 -5.61603
v 4.18248 16.42207 -5.61603
v 4.18248 16.42207 -5.90978
v 4.61549 16.42207 -5.90978
v 4.61549 16.42207 -5.90978
v 4.18248 16.42207 -5.90978
v 4.39898 16.79707 -5.90978
v 4.39898 16.79707 -5.90978
v 4.18248 16.42207 -5.90978
v 4.61549 16.42207 -5.90978
v 4.39898 16.79707 -5.90978
usemtl ID61
f 4906 4907 4908
f 4909 4910 4911
f 4915 4916 4917
f 4916 4915 4918
f 4919 4920 4921
f 4922 4921 4920
f 4925 4926 4927
f 4926 4928 4929
f 4928 4926 4925
f 4928 4925 4930
f 4928 4930 4931
f 4928 4931 4932
f 4933 4934 4935
f 4934 4936 4935
f 4936 4937 4935
f 4937 4938 4935
f 4939 4935 4938
f 4940 4938 4937
f 4946 4947 4948
f 4949 4950 4951
f 4953 4954 4955
f 4954 4953 4956
f 4957 4958 4959
f 4960 4959 4958
f 4962 4963 4964
f 4963 4962 4965
f 4966 4967 4968
f 4969 4968 4967
f 4970 4971 4972
f 4973 4974 4975
f 4976 4977 4978
f 4977 4976 4979
f 4980 4981 4982
f 4983 4982 4981
f 4986 4987 4988
f 4989 4990 4991
o Hardware_Hardware_6_7_8_Bolt_Head_3_4_Bolt_Head__6_4
v 4.04884 16.70325 -5.58166
v 4.03648 16.79707 -5.58166
v 3.96597 16.79707 -5.61603
v 3.96597 16.79707 -5.61603
v 4.03648 16.79707 -5.58166
v 4.04884 16.70325 -5.58166
v 4.03648 16.79707 -5.58166
v 3.96597 16.79707 -5.61603
v 4.04884 16.70325 -5.58166
v 4.05528 16.66113 -5.59025
v 4.04884 16.70325 -5.58166
v 3.96597 16.79707 -5.61603
v 4.08505 16.61582 -5.58166
v 4.08505 16.61582 -5.58166
v 4.05528 16.66113 -5.59025
v 4.04884 16.70325 -5.58166
v 3.96597 16.79707 -5.61603
v 4.08505 16.61582 -5.58166
v 4.05528 16.66113 -5.59025
v 4.04884 16.70325 -5.58166
v 4.14898 16.79707 -5.58166
v 4.03648 16.79707 -5.58166
v 4.27398 16.58056 -5.58166
v 4.39898 16.79707 -5.58166
v 4.08505 16.61582 -5.58166
v 4.14266 16.54074 -5.58166
v 4.21773 16.48314 -5.58166
v 4.21773 16.48314 -5.58166
v 4.14266 16.54074 -5.58166
v 4.27398 16.58056 -5.58166
v 4.08505 16.61582 -5.58166
v 4.04884 16.70325 -5.58166
v 4.14898 16.79707 -5.58166
v 4.39898 16.79707 -5.58166
v 4.03648 16.79707 -5.58166
v 4.27398 16.58056 -5.58166
v 4.21773 16.48314 -5.58166
v 4.39898 16.79707 -5.58166
v 4.14898 16.79707 -5.58166
v 4.14266 16.54074 -5.58166
v 4.10941 16.56738 -5.59025
v 4.08505 16.61582 -5.58166
v 4.05528 16.66113 -5.59025
v 4.05528 16.66113 -5.59025
v 4.08505 16.61582 -5.58166
v 4.10941 16.56738 -5.59025
v 4.10941 16.56738 -5.59025
v 3.96597 16.79707 -5.61603
v 4.10941 16.56738 -5.59025
v 4.05528 16.66113 -5.59025
v 4.18248 16.42207 -5.61603
v 4.18248 16.42207 -5.61603
v 3.96597 16.79707 -5.61603
v 4.10941 16.56738 -5.59025
v 4.05528 16.66113 -5.59025
v 4.18248 16.42207 -5.61603
v 4.10941 16.56738 -5.59025
v 4.14266 16.54074 -5.58166
v 4.08505 16.61582 -5.58166
v 4.18248 16.42207 -5.61603
v 4.18248 16.42207 -5.61603
v 4.10941 16.56738 -5.59025
v 4.14266 16.54074 -5.58166
v 4.08505 16.61582 -5.58166
v 4.18248 16.42207 -5.61603
v 4.21773 16.48314 -5.58166
v 4.14266 16.54074 -5.58166
v 4.14266 16.54074 -5.58166
v 4.21773 16.48314 -5.58166
v 4.18248 16.42207 -5.61603
v 3.96597 16.79707 -5.90978
v 4.18248 16.42207 -5.61603
v 3.96597 16.79707 -5.61603
v 4.18248 16.42207 -5.90978
v 4.18248 16.42207 -5.90978
v 3.96597 16.79707 -5.90978
v 4.18248 16.42207 -5.61603
v 3.96597 16.79707 -5.61603
v 3.96597 16.79707 -5.90978
v 4.18248 16.42207 -5.90978
v 4.18248 16.42207 -5.90978
v 3.96597 16.79707 -5.90978
v 4.39898 16.79707 -5.90978
v 4.39898 16.79707 -5.90978
v 3.96597 16.79707 -5.90978
v 4.18248 16.42207 -5.90978
v 4.39898 16.79707 -5.90978
usemtl ID61
f 4993 4994 4995
f 4996 4997 4998
f 5002 5003 5004
f 5003 5002 5005
f 5006 5007 5008
f 5009 5008 5007
f 5012 5013 5014
f 5013 5015 5016
f 5015 5013 5012
f 5015 5012 5017
f 5015 5017 5018
f 5015 5018 5019
f 5020 5021 5022
f 5021 5023 5022
f 5023 5024 5022
f 5024 5025 5022
f 5026 5022 5025
f 5027 5025 5024
f 5033 5034 5035
f 5036 5037 5038
f 5040 5041 5042
f 5041 5040 5043
f 5044 5045 5046
f 5047 5046 5045
f 5049 5050 5051
f 5050 5049 5052
f 5053 5054 5055
f 5056 5055 5054
f 5057 5058 5059
f 5060 5061 5062
f 5063 5064 5065
f 5064 5063 5066
f 5067 5068 5069
f 5070 5069 5068
f 5073 5074 5075
f 5076 5077 5078
o Hardware_Hardware_6_7_8_Bolt_Head_3_4_Bolt_Head__6_5
v 4.49281 17.14722 -5.58166
v 4.58023 17.11100 -5.58166
v 4.61549 17.17207 -5.61603
v 4.61549 17.17207 -5.61603
v 4.58023 17.11100 -5.58166
v 4.49281 17.14722 -5.58166
v 4.58023 17.11100 -5.58166
v 4.61549 17.17207 -5.61603
v 4.49281 17.14722 -5.58166
v 4.45311 17.16269 -5.59025
v 4.49281 17.14722 -5.58166
v 4.61549 17.17207 -5.61603
v 4.39898 17.15957 -5.58166
v 4.39898 17.15957 -5.58166
v 4.45311 17.16269 -5.59025
v 4.49281 17.14722 -5.58166
v 4.61549 17.17207 -5.61603
v 4.39898 17.15957 -5.58166
v 4.45311 17.16269 -5.59025
v 4.49281 17.14722 -5.58166
v 4.52398 17.01358 -5.58166
v 4.58023 17.11100 -5.58166
v 4.27398 17.01358 -5.58166
v 4.39898 16.79707 -5.58166
v 4.39898 17.15957 -5.58166
v 4.30516 17.14722 -5.58166
v 4.21773 17.11100 -5.58166
v 4.21773 17.11100 -5.58166
v 4.30516 17.14722 -5.58166
v 4.27398 17.01358 -5.58166
v 4.39898 17.15957 -5.58166
v 4.49281 17.14722 -5.58166
v 4.52398 17.01358 -5.58166
v 4.39898 16.79707 -5.58166
v 4.58023 17.11100 -5.58166
v 4.27398 17.01358 -5.58166
v 4.21773 17.11100 -5.58166
v 4.39898 16.79707 -5.58166
v 4.52398 17.01358 -5.58166
v 4.30516 17.14722 -5.58166
v 4.34486 17.16269 -5.59025
v 4.39898 17.15957 -5.58166
v 4.45311 17.16269 -5.59025
v 4.45311 17.16269 -5.59025
v 4.39898 17.15957 -5.58166
v 4.34486 17.16269 -5.59025
v 4.34486 17.16269 -5.59025
v 4.61549 17.17207 -5.61603
v 4.34486 17.16269 -5.59025
v 4.45311 17.16269 -5.59025
v 4.18248 17.17207 -5.61603
v 4.18248 17.17207 -5.61603
v 4.61549 17.17207 -5.61603
v 4.34486 17.16269 -5.59025
v 4.45311 17.16269 -5.59025
v 4.18248 17.17207 -5.61603
v 4.34486 17.16269 -5.59025
v 4.30516 17.14722 -5.58166
v 4.39898 17.15957 -5.58166
v 4.18248 17.17207 -5.61603
v 4.18248 17.17207 -5.61603
v 4.34486 17.16269 -5.59025
v 4.30516 17.14722 -5.58166
v 4.39898 17.15957 -5.58166
v 4.18248 17.17207 -5.61603
v 4.21773 17.11100 -5.58166
v 4.30516 17.14722 -5.58166
v 4.30516 17.14722 -5.58166
v 4.21773 17.11100 -5.58166
v 4.18248 17.17207 -5.61603
v 4.61549 17.17207 -5.90978
v 4.18248 17.17207 -5.61603
v 4.61549 17.17207 -5.61603
v 4.18248 17.17207 -5.90978
v 4.18248 17.17207 -5.90978
v 4.61549 17.17207 -5.90978
v 4.18248 17.17207 -5.61603
v 4.61549 17.17207 -5.61603
v 4.61549 17.17207 -5.90978
v 4.18248 17.17207 -5.90978
v 4.18248 17.17207 -5.90978
v 4.61549 17.17207 -5.90978
v 4.39898 16.79707 -5.90978
v 4.39898 16.79707 -5.90978
v 4.61549 17.17207 -5.90978
v 4.18248 17.17207 -5.90978
v 4.39898 16.79707 -5.90978
usemtl ID61
f 5080 5081 5082
f 5083 5084 5085
f 5089 5090 5091
f 5090 5089 5092
f 5093 5094 5095
f 5096 5095 5094
f 5099 5100 5101
f 5100 5102 5103
f 5102 5100 5099
f 5102 5099 5104
f 5102 5104 5105
f 5102 5105 5106
f 5107 5108 5109
f 5108 5110 5109
f 5110 5111 5109
f 5111 5112 5109
f 5113 5109 5112
f 5114 5112 5111
f 5120 5121 5122
f 5123 5124 5125
f 5127 5128 5129
f 5128 5127 5130
f 5131 5132 5133
f 5134 5133 5132
f 5136 5137 5138
f 5137 5136 5139
f 5140 5141 5142
f 5143 5142 5141
f 5144 5145 5146
f 5147 5148 5149
f 5150 5151 5152
f 5151 5150 5153
f 5154 5155 5156
f 5157 5156 5155
f 5160 5161 5162
f 5163 5164 5165
o Hardware_Hardware_6_7_8_Shaft_1_2__13_6_7_8
v 4.52398 16.58056 -12.78368
v 4.46369 16.55559 -12.63709
v 4.46369 16.55559 -12.78368
v 4.46369 16.55559 -12.48084
v 4.52398 16.58056 -12.48084
v 4.52398 16.58056 -12.63709
v 4.52398 16.58056 -12.63709
v 4.52398 16.58056 -12.78368
v 4.52398 16.58056 -12.48084
v 4.46369 16.55559 -12.48084
v 4.46369 16.55559 -12.63709
v 4.46369 16.55559 -12.78368
v 4.52398 16.58056 -12.48084
v 4.52398 16.58056 -12.63709
v 4.46369 16.55559 -12.48084
v 4.46369 16.55559 -12.63709
v 4.46369 16.55559 -12.78368
v 4.52398 16.58056 -12.78368
v 4.57576 16.62029 -12.78368
v 4.57576 16.62029 -12.48084
v 4.57576 16.62029 -12.63709
v 4.57576 16.62029 -12.63709
v 4.57576 16.62029 -12.78368
v 4.57576 16.62029 -12.48084
v 4.57576 16.62029 -12.48084
v 4.57576 16.62029 -12.63709
v 4.57576 16.62029 -12.78368
v 4.46369 16.55559 -12.48084
v 4.52398 16.58056 -9.18750
v 4.46369 16.55559 -9.18750
v 4.52398 16.58056 -12.48084
v 4.52398 16.58056 -12.48084
v 4.46369 16.55559 -12.48084
v 4.52398 16.58056 -9.18750
v 4.46369 16.55559 -9.18750
v 4.52398 16.58056 -9.18750
v 4.46369 16.55559 -9.18750
v 4.39898 16.54707 -12.63709
v 4.39898 16.54707 -12.78368
v 4.39898 16.54707 -12.48084
v 4.39898 16.54707 -12.48084
v 4.39898 16.54707 -12.63709
v 4.39898 16.54707 -12.78368
v 4.39898 16.54707 -12.48084
v 4.39898 16.54707 -12.63709
v 4.39898 16.54707 -12.78368
v 4.33428 16.55559 -12.78368
v 4.46369 16.55559 -12.78368
v 4.39898 16.54707 -12.78368
v 4.27398 16.58056 -12.78368
v 4.52398 16.58056 -12.78368
v 4.22221 16.62029 -12.78368
v 4.57576 16.62029 -12.78368
v 4.18248 16.67207 -12.78368
v 4.61549 16.67207 -12.78368
v 4.15750 16.73237 -12.78368
v 4.64047 16.73237 -12.78368
v 4.14898 16.79707 -12.78368
v 4.64898 16.79707 -12.78368
v 4.15750 16.86177 -12.78368
v 4.64047 16.86177 -12.78368
v 4.18248 16.92207 -12.78368
v 4.61549 16.92207 -12.78368
v 4.22221 16.97385 -12.78368
v 4.57576 16.97385 -12.78368
v 4.27398 17.01358 -12.78368
v 4.52398 17.01358 -12.78368
v 4.33428 17.03855 -12.78368
v 4.46369 17.03855 -12.78368
v 4.39898 17.04707 -12.78368
v 4.39898 17.04707 -12.78368
v 4.33428 17.03855 -12.78368
v 4.46369 17.03855 -12.78368
v 4.52398 17.01358 -12.78368
v 4.27398 17.01358 -12.78368
v 4.57576 16.97385 -12.78368
v 4.22221 16.97385 -12.78368
v 4.61549 16.92207 -12.78368
v 4.18248 16.92207 -12.78368
v 4.64047 16.86177 -12.78368
v 4.15750 16.86177 -12.78368
v 4.64898 16.79707 -12.78368
v 4.14898 16.79707 -12.78368
v 4.64047 16.73237 -12.78368
v 4.15750 16.73237 -12.78368
v 4.61549 16.67207 -12.78368
v 4.18248 16.67207 -12.78368
v 4.57576 16.62029 -12.78368
v 4.22221 16.62029 -12.78368
v 4.52398 16.58056 -12.78368
v 4.27398 16.58056 -12.78368
v 4.46369 16.55559 -12.78368
v 4.33428 16.55559 -12.78368
v 4.39898 16.54707 -12.78368
v 4.39898 17.04707 -12.78368
v 4.46369 17.03855 -12.78368
v 4.52398 17.01358 -12.78368
v 4.57576 16.97385 -12.78368
v 4.61549 16.92207 -12.78368
v 4.64047 16.86177 -12.78368
v 4.64898 16.79707 -12.78368
v 4.64047 16.73237 -12.78368
v 4.61549 16.67207 -12.78368
v 4.33428 16.55559 -12.78368
v 4.27398 16.58056 -12.78368
v 4.22221 16.62029 -12.78368
v 4.18248 16.67207 -12.78368
v 4.15750 16.73237 -12.78368
v 4.14898 16.79707 -12.78368
v 4.15750 16.86177 -12.78368
v 4.18248 16.92207 -12.78368
v 4.22221 16.97385 -12.78368
v 4.27398 17.01358 -12.78368
v 4.33428 17.03855 -12.78368
v 4.61549 16.67207 -12.48084
v 4.61549 16.67207 -12.63709
v 4.61549 16.67207 -12.78368
v 4.61549 16.67207 -12.78368
v 4.61549 16.67207 -12.63709
v 4.61549 16.67207 -12.48084
v 4.61549 16.67207 -12.48084
v 4.61549 16.67207 -12.63709
v 4.57576 16.62029 -12.48084
v 4.57576 16.62029 -9.18750
v 4.57576 16.62029 -9.18750
v 4.57576 16.62029 -12.48084
v 4.57576 16.62029 -9.18750
v 4.52398 16.58056 -9.18750
v 4.46369 16.55559 -5.90978
v 4.46369 16.55559 -9.18750
v 4.52398 16.58056 -5.90978
v 4.52398 16.58056 -5.90978
v 4.52398 16.58056 -9.18750
v 4.46369 16.55559 -5.90978
v 4.46369 16.55559 -9.18750
v 4.52398 16.58056 -5.90978
v 4.46369 16.55559 -5.90978
v 4.39898 16.54707 -12.48084
v 4.39898 16.54707 -9.18750
v 4.39898 16.54707 -12.48084
v 4.39898 16.54707 -9.18750
v 4.39898 16.54707 -9.18750
v 4.33428 16.55559 -12.63709
v 4.33428 16.55559 -12.78368
v 4.33428 16.55559 -12.48084
v 4.33428 16.55559 -12.48084
v 4.33428 16.55559 -12.63709
v 4.33428 16.55559 -12.78368
v 4.33428 16.55559 -12.48084
v 4.33428 16.55559 -12.63709
v 4.46369 17.03855 -12.48084
v 4.39898 17.04707 -12.63709
v 4.39898 17.04707 -12.48084
v 4.39898 17.04707 -12.78368
v 4.46369 17.03855 -12.78368
v 4.46369 17.03855 -12.63709
v 4.46369 17.03855 -12.63709
v 4.46369 17.03855 -12.48084
v 4.46369 17.03855 -12.78368
v 4.39898 17.04707 -12.78368
v 4.39898 17.04707 -12.63709
v 4.39898 17.04707 -12.48084
v 4.39898 17.04707 -12.48084
v 4.39898 17.04707 -12.63709
v 4.46369 17.03855 -12.48084
v 4.46369 17.03855 -12.63709
v 4.52398 17.01358 -12.48084
v 4.52398 17.01358 -12.78368
v 4.52398 17.01358 -12.63709
v 4.52398 17.01358 -12.63709
v 4.52398 17.01358 -12.48084
v 4.52398 17.01358 -12.78368
v 4.52398 17.01358 -12.48084
v 4.52398 17.01358 -12.63709
v 4.57576 16.97385 -12.48084
v 4.57576 16.97385 -12.78368
v 4.57576 16.97385 -12.63709
v 4.57576 16.97385 -12.63709
v 4.57576 16.97385 -12.48084
v 4.57576 16.97385 -12.78368
v 4.57576 16.97385 -12.48084
v 4.57576 16.97385 -12.63709
v 4.61549 16.92207 -12.63709
v 4.61549 16.92207 -12.48084
v 4.61549 16.92207 -12.78368
v 4.61549 16.92207 -12.78368
v 4.61549 16.92207 -12.63709
v 4.61549 16.92207 -12.48084
v 4.61549 16.92207 -12.48084
v 4.61549 16.92207 -12.63709
v 4.64047 16.86177 -12.63709
v 4.64047 16.86177 -12.48084
v 4.64047 16.86177 -12.78368
v 4.64047 16.86177 -12.78368
v 4.64047 16.86177 -12.63709
v 4.64047 16.86177 -12.48084
v 4.64047 16.86177 -12.48084
v 4.64047 16.86177 -12.63709
v 4.64898 16.79707 -12.63709
v 4.64898 16.79707 -12.48084
v 4.64898 16.79707 -12.78368
v 4.64898 16.79707 -12.78368
v 4.64898 16.79707 -12.63709
v 4.64898 16.79707 -12.48084
v 4.64898 16.79707 -12.48084
v 4.64898 16.79707 -12.63709
v 4.64047 16.73237 -12.48084
v 4.64047 16.73237 -12.63709
v 4.64047 16.73237 -12.78368
v 4.64047 16.73237 -12.78368
v 4.64047 16.73237 -12.63709
v 4.64047 16.73237 -12.48084
v 4.64047 16.73237 -12.48084
v 4.64047 16.73237 -12.63709
v 4.27398 16.58056 -12.63709
v 4.27398 16.58056 -12.78368
v 4.27398 16.58056 -12.48084
v 4.27398 16.58056 -12.63709
v 4.27398 16.58056 -12.48084
v 4.27398 16.58056 -12.78368
v 4.27398 16.58056 -12.48084
v 4.27398 16.58056 -12.63709
v 4.22221 16.62029 -12.63709
v 4.22221 16.62029 -12.78368
v 4.22221 16.62029 -12.48084
v 4.22221 16.62029 -12.48084
v 4.22221 16.62029 -12.63709
v 4.22221 16.62029 -12.78368
v 4.22221 16.62029 -12.48084
v 4.22221 16.62029 -12.63709
v 4.18248 16.67207 -12.63709
v 4.18248 16.67207 -12.48084
v 4.18248 16.67207 -12.78368
v 4.18248 16.67207 -12.78368
v 4.18248 16.67207 -12.63709
v 4.18248 16.67207 -12.48084
v 4.18248 16.67207 -12.48084
v 4.18248 16.67207 -12.63709
v 4.15750 16.73237 -12.63709
v 4.15750 16.73237 -12.48084
v 4.15750 16.73237 -12.78368
v 4.15750 16.73237 -12.78368
v 4.15750 16.73237 -12.63709
v 4.15750 16.73237 -12.48084
v 4.15750 16.73237 -12.48084
v 4.15750 16.73237 -12.63709
v 4.14898 16.79707 -12.63709
v 4.14898 16.79707 -12.48084
v 4.14898 16.79707 -12.78368
v 4.14898 16.79707 -12.78368
v 4.14898 16.79707 -12.63709
v 4.14898 16.79707 -12.48084
v 4.14898 16.79707 -12.48084
v 4.14898 16.79707 -12.63709
v 4.15750 16.86177 -12.63709
v 4.15750 16.86177 -12.48084
v 4.15750 16.86177 -12.78368
v 4.15750 16.86177 -12.78368
v 4.15750 16.86177 -12.63709
v 4.15750 16.86177 -12.48084
v 4.15750 16.86177 -12.48084
v 4.15750 16.86177 -12.63709
v 4.18248 16.92207 -12.63709
v 4.18248 16.92207 -12.48084
v 4.18248 16.92207 -12.78368
v 4.18248 16.92207 -12.78368
v 4.18248 16.92207 -12.63709
v 4.18248 16.92207 -12.48084
v 4.18248 16.92207 -12.48084
v 4.18248 16.92207 -12.63709
v 4.22221 16.97385 -12.63709
v 4.22221 16.97385 -12.48084
v 4.22221 16.97385 -12.78368
v 4.22221 16.97385 -12.78368
v 4.22221 16.97385 -12.63709
v 4.22221 16.97385 -12.48084
v 4.22221 16.97385 -12.48084
v 4.22221 16.97385 -12.63709
v 4.27398 17.01358 -12.48084
v 4.27398 17.01358 -12.78368
v 4.27398 17.01358 -12.63709
v 4.27398 17.01358 -12.63709
v 4.27398 17.01358 -12.48084
v 4.27398 17.01358 -12.78368
v 4.27398 17.01358 -12.48084
v 4.27398 17.01358 -12.63709
v 4.33428 17.03855 -12.48084
v 4.33428 17.03855 -12.63709
v 4.33428 17.03855 -12.78368
v 4.33428 17.03855 -12.63709
v 4.33428 17.03855 -12.78368
v 4.33428 17.03855 -12.48084
v 4.33428 17.03855 -12.48084
v 4.33428 17.03855 -12.63709
v 4.61549 16.67207 -9.18750
v 4.61549 16.67207 -12.48084
v 4.61549 16.67207 -12.48084
v 4.61549 16.67207 -9.18750
v 4.61549 16.67207 -9.18750
v 4.57576 16.62029 -9.18750
v 4.57576 16.62029 -5.90978
v 4.57576 16.62029 -5.90978
v 4.57576 16.62029 -9.18750
v 4.57576 16.62029 -5.90978
v 4.39898 16.54707 -5.90978
v 4.39898 16.54707 -9.18750
v 4.39898 16.54707 -5.90978
v 4.39898 16.54707 -9.18750
v 4.39898 16.54707 -5.90978
v 4.33428 16.55559 -9.18750
v 4.33428 16.55559 -12.48084
v 4.33428 16.55559 -9.18750
v 4.33428 16.55559 -12.48084
v 4.33428 16.55559 -9.18750
v 4.39898 17.04707 -9.18750
v 4.46369 17.03855 -12.48084
v 4.39898 17.04707 -12.48084
v 4.46369 17.03855 -9.18750
v 4.46369 17.03855 -9.18750
v 4.39898 17.04707 -9.18750
v 4.46369 17.03855 -12.48084
v 4.39898 17.04707 -12.48084
v 4.46369 17.03855 -9.18750
v 4.39898 17.04707 -9.18750
v 4.52398 17.01358 -12.48084
v 4.52398 17.01358 -9.18750
v 4.52398 17.01358 -9.18750
v 4.52398 17.01358 -12.48084
v 4.52398 17.01358 -9.18750
v 4.57576 16.97385 -12.48084
v 4.57576 16.97385 -9.18750
v 4.57576 16.97385 -9.18750
v 4.57576 16.97385 -12.48084
v 4.57576 16.97385 -9.18750
v 4.61549 16.92207 -12.48084
v 4.61549 16.92207 -9.18750
v 4.61549 16.92207 -12.48084
v 4.61549 16.92207 -9.18750
v 4.61549 16.92207 -9.18750
v 4.64047 16.86177 -12.48084
v 4.64047 16.86177 -9.18750
v 4.64047 16.86177 -12.48084
v 4.64047 16.86177 -9.18750
v 4.64047 16.86177 -9.18750
v 4.64898 16.79707 -12.48084
v 4.64898 16.79707 -9.18750
v 4.64898 16.79707 -12.48084
v 4.64898 16.79707 -9.18750
v 4.64898 16.79707 -9.18750
v 4.64047 16.73237 -12.48084
v 4.64047 16.73237 -9.18750
v 4.64047 16.73237 -12.48084
v 4.64047 16.73237 -9.18750
v 4.64047 16.73237 -9.18750
v 4.27398 16.58056 -9.18750
v 4.27398 16.58056 -12.48084
v 4.27398 16.58056 -9.18750
v 4.27398 16.58056 -12.48084
v 4.27398 16.58056 -9.18750
v 4.22221 16.62029 -12.48084
v 4.22221 16.62029 -9.18750
v 4.22221 16.62029 -12.48084
v 4.22221 16.62029 -9.18750
v 4.22221 16.62029 -9.18750
v 4.18248 16.67207 -9.18750
v 4.18248 16.67207 -12.48084
v 4.18248 16.67207 -12.48084
v 4.18248 16.67207 -9.18750
v 4.18248 16.67207 -9.18750
v 4.15750 16.73237 -12.48084
v 4.15750 16.73237 -9.18750
v 4.15750 16.73237 -12.48084
v 4.15750 16.73237 -9.18750
v 4.15750 16.73237 -9.18750
v 4.14898 16.79707 -12.48084
v 4.14898 16.79707 -9.18750
v 4.14898 16.79707 -12.48084
v 4.14898 16.79707 -9.18750
v 4.14898 16.79707 -9.18750
v 4.15750 16.86177 -9.18750
v 4.15750 16.86177 -12.48084
v 4.15750 16.86177 -12.48084
v 4.15750 16.86177 -9.18750
v 4.15750 16.86177 -9.18750
v 4.18248 16.92207 -12.48084
v 4.18248 16.92207 -9.18750
v 4.18248 16.92207 -12.48084
v 4.18248 16.92207 -9.18750
v 4.18248 16.92207 -9.18750
v 4.22221 16.97385 -12.48084
v 4.22221 16.97385 -9.18750
v 4.22221 16.97385 -12.48084
v 4.22221 16.97385 -9.18750
v 4.22221 16.97385 -9.18750
v 4.27398 17.01358 -9.18750
v 4.27398 17.01358 -12.48084
v 4.27398 17.01358 -12.48084
v 4.27398 17.01358 -9.18750
v 4.27398 17.01358 -9.18750
v 4.33428 17.03855 -12.48084
v 4.33428 17.03855 -9.18750
v 4.33428 17.03855 -9.18750
v 4.33428 17.03855 -12.48084
v 4.33428 17.03855 -9.18750
v 4.61549 16.67207 -9.18750
v 4.61549 16.67207 -5.90978
v 4.61549 16.67207 -9.18750
v 4.61549 16.67207 -5.90978
v 4.61549 16.67207 -5.90978
v 4.33428 16.55559 -5.90978
v 4.33428 16.55559 -9.18750
v 4.33428 16.55559 -5.90978
v 4.33428 16.55559 -9.18750
v 4.33428 16.55559 -5.90978
v 4.46369 17.03855 -5.90978
v 4.39898 17.04707 -9.18750
v 4.39898 17.04707 -5.90978
v 4.46369 17.03855 -9.18750
v 4.46369 17.03855 -9.18750
v 4.46369 17.03855 -5.90978
v 4.39898 17.04707 -9.18750
v 4.39898 17.04707 -5.90978
v 4.39898 17.04707 -5.90978
v 4.46369 17.03855 -5.90978
v 4.52398 17.01358 -5.90978
v 4.52398 17.01358 -9.18750
v 4.52398 17.01358 -9.18750
v 4.52398 17.01358 -5.90978
v 4.52398 17.01358 -5.90978
v 4.57576 16.97385 -5.90978
v 4.57576 16.97385 -9.18750
v 4.57576 16.97385 -9.18750
v 4.57576 16.97385 -5.90978
v 4.57576 16.97385 -5.90978
v 4.61549 16.92207 -9.18750
v 4.61549 16.92207 -5.90978
v 4.61549 16.92207 -9.18750
v 4.61549 16.92207 -5.90978
v 4.61549 16.92207 -5.90978
v 4.64047 16.86177 -5.90978
v 4.64047 16.86177 -9.18750
v 4.64047 16.86177 -9.18750
v 4.64047 16.86177 -5.90978
v 4.64047 16.86177 -5.90978
v 4.64898 16.79707 -9.18750
v 4.64898 16.79707 -5.90978
v 4.64898 16.79707 -9.18750
v 4.64898 16.79707 -5.90978
v 4.64898 16.79707 -5.90978
v 4.64047 16.73237 -9.18750
v 4.64047 16.73237 -5.90978
v 4.64047 16.73237 -9.18750
v 4.64047 16.73237 -5.90978
v 4.64047 16.73237 -5.90978
v 4.27398 16.58056 -5.90978
v 4.27398 16.58056 -9.18750
v 4.27398 16.58056 -5.90978
v 4.27398 16.58056 -9.18750
v 4.27398 16.58056 -5.90978
v 4.22221 16.62029 -5.90978
v 4.22221 16.62029 -9.18750
v 4.22221 16.62029 -5.90978
v 4.22221 16.62029 -9.18750
v 4.22221 16.62029 -5.90978
v 4.18248 16.67207 -5.90978
v 4.18248 16.67207 -9.18750
v 4.18248 16.67207 -9.18750
v 4.18248 16.67207 -5.90978
v 4.18248 16.67207 -5.90978
v 4.15750 16.73237 -9.18750
v 4.15750 16.73237 -5.90978
v 4.15750 16.73237 -9.18750
v 4.15750 16.73237 -5.90978
v 4.15750 16.73237 -5.90978
v 4.14898 16.79707 -9.18750
v 4.14898 16.79707 -5.90978
v 4.14898 16.79707 -9.18750
v 4.14898 16.79707 -5.90978
v 4.14898 16.79707 -5.90978
v 4.15750 16.86177 -5.90978
v 4.15750 16.86177 -9.18750
v 4.15750 16.86177 -9.18750
v 4.15750 16.86177 -5.90978
v 4.15750 16.86177 -5.90978
v 4.18248 16.92207 -9.18750
v 4.18248 16.92207 -5.90978
v 4.18248 16.92207 -9.18750
v 4.18248 16.92207 -5.90978
v 4.18248 16.92207 -5.90978
v 4.22221 16.97385 -5.90978
v 4.22221 16.97385 -9.18750
v 4.22221 16.97385 -9.18750
v 4.22221 16.97385 -5.90978
v 4.22221 16.97385 -5.90978
v 4.27398 17.01358 -5.90978
v 4.27398 17.01358 -9.18750
v 4.27398 17.01358 -9.18750
v 4.27398 17.01358 -5.90978
v 4.27398 17.01358 -5.90978
v 4.33428 17.03855 -5.90978
v 4.33428 17.03855 -9.18750
v 4.33428 17.03855 -9.18750
v 4.33428 17.03855 -5.90978
v 4.33428 17.03855 -5.90978
usemtl ID61
f 5167 5168 5169
f 5168 5167 5170
f 5170 5167 5171
f 5171 5167 5172
f 5173 5174 5175
f 5175 5174 5176
f 5176 5174 5177
f 5178 5177 5174
f 5185 5172 5167
f 5172 5185 5171
f 5171 5185 5186
f 5186 5185 5187
f 5188 5189 5190
f 5190 5189 5175
f 5175 5189 5173
f 5174 5173 5189
f 5194 5195 5196
f 5195 5194 5197
f 5198 5199 5200
f 5201 5200 5199
f 5169 5204 5205
f 5204 5169 5206
f 5206 5169 5168
f 5206 5168 5170
f 5176 5177 5207
f 5177 5178 5207
f 5207 5178 5208
f 5209 5208 5178
f 5213 5214 5215
f 5214 5213 5216
f 5214 5216 5217
f 5217 5216 5218
f 5217 5218 5219
f 5219 5218 5220
f 5219 5220 5221
f 5221 5220 5222
f 5221 5222 5223
f 5223 5222 5224
f 5223 5224 5225
f 5225 5224 5226
f 5225 5226 5227
f 5227 5226 5228
f 5227 5228 5229
f 5229 5228 5230
f 5229 5230 5231
f 5231 5230 5232
f 5231 5232 5233
f 5233 5232 5234
f 5233 5234 5235
f 5235 5234 5236
f 5237 5238 5239
f 5239 5238 5240
f 5238 5241 5240
f 5240 5241 5242
f 5241 5243 5242
f 5242 5243 5244
f 5243 5245 5244
f 5244 5245 5246
f 5245 5247 5246
f 5246 5247 5248
f 5247 5249 5248
f 5248 5249 5250
f 5249 5251 5250
f 5250 5251 5252
f 5251 5253 5252
f 5252 5253 5254
f 5253 5255 5254
f 5254 5255 5256
f 5255 5257 5256
f 5256 5257 5258
f 5257 5259 5258
f 5260 5258 5259
f 5187 5281 5186
f 5281 5187 5282
f 5282 5187 5185
f 5282 5185 5283
f 5284 5189 5285
f 5189 5188 5285
f 5285 5188 5286
f 5190 5286 5188
f 5289 5195 5197
f 5195 5289 5290
f 5291 5292 5200
f 5198 5200 5292
f 5294 5295 5296
f 5295 5294 5297
f 5298 5299 5300
f 5301 5300 5299
f 5304 5196 5305
f 5196 5304 5194
f 5199 5306 5201
f 5307 5201 5306
f 5205 5309 5310
f 5309 5205 5311
f 5311 5205 5204
f 5311 5204 5206
f 5207 5208 5312
f 5208 5209 5312
f 5312 5209 5313
f 5314 5313 5209
f 5317 5318 5319
f 5318 5317 5320
f 5320 5317 5321
f 5321 5317 5322
f 5323 5324 5325
f 5325 5324 5326
f 5326 5324 5327
f 5328 5327 5324
f 5333 5322 5317
f 5322 5333 5321
f 5321 5333 5334
f 5334 5333 5335
f 5336 5337 5338
f 5338 5337 5325
f 5325 5337 5323
f 5324 5323 5337
f 5341 5335 5333
f 5335 5341 5334
f 5334 5341 5342
f 5342 5341 5343
f 5344 5345 5346
f 5346 5345 5338
f 5338 5345 5336
f 5337 5336 5345
f 5349 5341 5350
f 5341 5349 5343
f 5343 5349 5351
f 5343 5351 5342
f 5346 5352 5344
f 5352 5353 5344
f 5344 5353 5345
f 5354 5345 5353
f 5357 5350 5358
f 5350 5357 5349
f 5349 5357 5359
f 5349 5359 5351
f 5352 5360 5353
f 5360 5361 5353
f 5353 5361 5354
f 5362 5354 5361
f 5365 5358 5366
f 5358 5365 5357
f 5357 5365 5367
f 5357 5367 5359
f 5360 5368 5361
f 5368 5369 5361
f 5361 5369 5362
f 5370 5362 5369
f 5373 5365 5366
f 5365 5373 5374
f 5365 5374 5375
f 5365 5375 5367
f 5368 5376 5369
f 5376 5377 5369
f 5377 5378 5369
f 5370 5369 5378
f 5282 5373 5281
f 5373 5282 5374
f 5374 5282 5283
f 5374 5283 5375
f 5376 5284 5377
f 5284 5285 5377
f 5377 5285 5378
f 5286 5378 5285
f 5310 5381 5382
f 5381 5311 5383
f 5311 5381 5310
f 5311 5310 5309
f 5313 5314 5312
f 5314 5384 5312
f 5385 5312 5384
f 5386 5384 5314
f 5382 5389 5390
f 5389 5382 5391
f 5391 5382 5383
f 5383 5382 5381
f 5384 5386 5385
f 5385 5386 5392
f 5392 5386 5393
f 5394 5393 5386
f 5397 5391 5398
f 5391 5397 5389
f 5389 5397 5399
f 5389 5399 5390
f 5394 5400 5393
f 5400 5401 5393
f 5393 5401 5392
f 5402 5392 5401
f 5405 5398 5406
f 5398 5405 5397
f 5397 5405 5407
f 5397 5407 5399
f 5400 5408 5401
f 5408 5409 5401
f 5401 5409 5402
f 5410 5402 5409
f 5413 5406 5414
f 5406 5413 5405
f 5405 5413 5415
f 5405 5415 5407
f 5408 5416 5409
f 5416 5417 5409
f 5409 5417 5410
f 5418 5410 5417
f 5421 5414 5422
f 5414 5421 5413
f 5413 5421 5423
f 5413 5423 5415
f 5416 5424 5417
f 5424 5425 5417
f 5417 5425 5418
f 5426 5418 5425
f 5429 5422 5430
f 5422 5429 5421
f 5421 5429 5431
f 5421 5431 5423
f 5424 5432 5425
f 5432 5433 5425
f 5425 5433 5426
f 5434 5426 5433
f 5437 5430 5438
f 5430 5437 5429
f 5429 5437 5439
f 5429 5439 5431
f 5432 5440 5433
f 5440 5441 5433
f 5433 5441 5434
f 5442 5434 5441
f 5445 5437 5438
f 5437 5445 5439
f 5439 5445 5446
f 5446 5445 5447
f 5448 5449 5450
f 5450 5449 5440
f 5440 5449 5441
f 5442 5441 5449
f 5453 5447 5445
f 5447 5453 5446
f 5446 5453 5454
f 5455 5446 5454
f 5456 5450 5457
f 5456 5458 5450
f 5450 5458 5448
f 5449 5448 5458
f 5453 5455 5454
f 5455 5453 5320
f 5320 5453 5319
f 5320 5319 5318
f 5327 5328 5326
f 5328 5458 5326
f 5326 5458 5457
f 5456 5457 5458
f 5289 5461 5290
f 5461 5289 5462
f 5463 5292 5464
f 5291 5464 5292
f 5466 5297 5294
f 5297 5466 5467
f 5468 5469 5298
f 5299 5298 5469
f 5296 5471 5472
f 5471 5296 5295
f 5300 5301 5473
f 5474 5473 5301
f 5304 5476 5477
f 5476 5304 5305
f 5307 5306 5478
f 5479 5478 5306
f 5481 5482 5483
f 5482 5481 5484
f 5485 5486 5487
f 5488 5487 5486
f 5484 5491 5482
f 5491 5484 5492
f 5493 5485 5494
f 5487 5494 5485
f 5492 5496 5491
f 5496 5492 5497
f 5498 5493 5499
f 5494 5499 5493
f 5501 5497 5502
f 5497 5501 5496
f 5499 5503 5498
f 5504 5498 5503
f 5506 5502 5507
f 5502 5506 5501
f 5503 5508 5504
f 5509 5504 5508
f 5511 5507 5512
f 5507 5511 5506
f 5508 5513 5509
f 5514 5509 5513
f 5516 5512 5517
f 5512 5516 5511
f 5513 5518 5514
f 5519 5514 5518
f 5462 5517 5461
f 5517 5462 5516
f 5518 5463 5519
f 5464 5519 5463
f 5477 5521 5522
f 5521 5477 5476
f 5478 5479 5523
f 5524 5523 5479
f 5526 5521 5527
f 5521 5526 5522
f 5524 5528 5523
f 5529 5523 5528
f 5531 5526 5527
f 5526 5531 5532
f 5533 5534 5528
f 5529 5528 5534
f 5536 5531 5537
f 5531 5536 5532
f 5533 5538 5534
f 5539 5534 5538
f 5541 5537 5542
f 5537 5541 5536
f 5538 5543 5539
f 5544 5539 5543
f 5546 5541 5542
f 5541 5546 5547
f 5548 5549 5543
f 5544 5543 5549
f 5551 5546 5552
f 5546 5551 5547
f 5548 5553 5549
f 5554 5549 5553
f 5556 5552 5557
f 5552 5556 5551
f 5553 5558 5554
f 5559 5554 5558
f 5561 5556 5557
f 5556 5561 5562
f 5563 5564 5558
f 5559 5558 5564
f 5561 5566 5562
f 5566 5561 5567
f 5568 5564 5569
f 5563 5569 5564
f 5481 5566 5567
f 5566 5481 5483
f 5488 5486 5569
f 5568 5569 5486
f 5467 5571 5572
f 5571 5467 5466
f 5469 5468 5573
f 5574 5573 5468
f 5472 5576 5577
f 5576 5472 5471
f 5473 5474 5578
f 5579 5578 5474
f 5581 5582 5583
f 5582 5581 5584
f 5585 5586 5587
f 5588 5587 5586
f 5591 5584 5581
f 5584 5591 5592
f 5593 5594 5585
f 5586 5585 5594
f 5596 5592 5591
f 5592 5596 5597
f 5598 5599 5593
f 5594 5593 5599
f 5601 5596 5602
f 5596 5601 5597
f 5598 5603 5599
f 5604 5599 5603
f 5606 5601 5602
f 5601 5606 5607
f 5608 5609 5603
f 5604 5603 5609
f 5611 5606 5612
f 5606 5611 5607
f 5608 5613 5609
f 5614 5609 5613
f 5616 5612 5617
f 5612 5616 5611
f 5613 5618 5614
f 5619 5614 5618
f 5571 5617 5572
f 5617 5571 5616
f 5618 5573 5619
f 5574 5619 5573
f 5577 5621 5622
f 5621 5577 5576
f 5578 5579 5623
f 5624 5623 5579
f 5622 5626 5627
f 5626 5622 5621
f 5623 5624 5628
f 5629 5628 5624
f 5631 5627 5626
f 5627 5631 5632
f 5633 5634 5629
f 5628 5629 5634
f 5636 5631 5637
f 5631 5636 5632
f 5633 5638 5634
f 5639 5634 5638
f 5641 5637 5642
f 5637 5641 5636
f 5638 5643 5639
f 5644 5639 5643
f 5646 5641 5642
f 5641 5646 5647
f 5648 5649 5643
f 5644 5643 5649
f 5651 5646 5652
f 5646 5651 5647
f 5648 5653 5649
f 5654 5649 5653
f 5656 5651 5652
f 5651 5656 5657
f 5658 5659 5653
f 5654 5653 5659
f 5661 5657 5656
f 5657 5661 5662
f 5663 5664 5658
f 5659 5658 5664
f 5666 5662 5661
f 5662 5666 5667
f 5668 5669 5663
f 5664 5663 5669
f 5583 5667 5666
f 5667 5583 5582
f 5587 5588 5668
f 5669 5668 5588
o Hardware_Hardware_4_3_4_Shaft_1_2___13_4_3_4_1
v 45.07124 17.48593 -11.70313
v 45.20065 17.48593 -11.70313
v 45.13594 17.47742 -11.70313
v 45.01094 17.51091 -11.70313
v 45.26094 17.51091 -11.70313
v 44.95917 17.55064 -11.70313
v 45.31272 17.55064 -11.70313
v 44.91944 17.60242 -11.70313
v 45.35245 17.60242 -11.70313
v 44.89446 17.66271 -11.70313
v 45.37743 17.66271 -11.70313
v 44.88594 17.72742 -11.70313
v 45.38594 17.72742 -11.70313
v 44.89446 17.79212 -11.70313
v 45.37743 17.79212 -11.70313
v 44.91944 17.85242 -11.70313
v 45.35245 17.85242 -11.70313
v 44.95917 17.90419 -11.70313
v 45.31272 17.90419 -11.70313
v 45.01094 17.94392 -11.70313
v 45.26094 17.94392 -11.70313
v 45.07124 17.96890 -11.70313
v 45.20065 17.96890 -11.70313
v 45.13594 17.97742 -11.70313
v 45.13594 17.97742 -11.70313
v 45.07124 17.96890 -11.70313
v 45.20065 17.96890 -11.70313
v 45.26094 17.94392 -11.70313
v 45.01094 17.94392 -11.70313
v 45.31272 17.90419 -11.70313
v 44.95917 17.90419 -11.70313
v 45.35245 17.85242 -11.70313
v 44.91944 17.85242 -11.70313
v 45.37743 17.79212 -11.70313
v 44.89446 17.79212 -11.70313
v 45.38594 17.72742 -11.70313
v 44.88594 17.72742 -11.70313
v 45.37743 17.66271 -11.70313
v 44.89446 17.66271 -11.70313
v 45.35245 17.60242 -11.70313
v 44.91944 17.60242 -11.70313
v 45.31272 17.55064 -11.70313
v 44.95917 17.55064 -11.70313
v 45.26094 17.51091 -11.70313
v 45.01094 17.51091 -11.70313
v 45.20065 17.48593 -11.70313
v 45.07124 17.48593 -11.70313
v 45.13594 17.47742 -11.70313
v 45.13594 17.97742 -11.70313
v 45.20065 17.96890 -11.70313
v 45.26094 17.94392 -11.70313
v 45.31272 17.90419 -11.70313
v 45.35245 17.85242 -11.70313
v 45.37743 17.79212 -11.70313
v 45.38594 17.72742 -11.70313
v 45.37743 17.66271 -11.70313
v 45.35245 17.60242 -11.70313
v 45.31272 17.55064 -11.70313
v 45.26094 17.51091 -11.70313
v 45.20065 17.48593 -11.70313
v 45.13594 17.47742 -11.70313
v 45.07124 17.48593 -11.70313
v 45.01094 17.51091 -11.70313
v 44.95917 17.55064 -11.70313
v 44.91944 17.60242 -11.70313
v 44.89446 17.66271 -11.70313
v 44.88594 17.72742 -11.70313
v 44.89446 17.79212 -11.70313
v 44.91944 17.85242 -11.70313
v 44.95917 17.90419 -11.70313
v 45.01094 17.94392 -11.70313
v 45.07124 17.96890 -11.70313
v 45.20065 17.96890 -6.95312
v 45.13594 17.97742 -11.70313
v 45.13594 17.97742 -6.95312
v 45.20065 17.96890 -11.70313
v 45.20065 17.96890 -11.70313
v 45.20065 17.96890 -6.95312
v 45.13594 17.97742 -11.70313
v 45.13594 17.97742 -6.95312
v 45.20065 17.96890 -6.95312
v 45.13594 17.97742 -6.95312
v 45.26094 17.94392 -6.95312
v 45.26094 17.94392 -11.70313
v 45.26094 17.94392 -11.70313
v 45.26094 17.94392 -6.95312
v 45.26094 17.94392 -6.95312
v 45.31272 17.90419 -6.95312
v 45.31272 17.90419 -11.70313
v 45.31272 17.90419 -11.70313
v 45.31272 17.90419 -6.95312
v 45.31272 17.90419 -6.95312
v 45.35245 17.85242 -11.70313
v 45.35245 17.85242 -6.95312
v 45.35245 17.85242 -11.70313
v 45.35245 17.85242 -6.95312
v 45.35245 17.85242 -6.95312
v 45.37743 17.79212 -11.70313
v 45.37743 17.79212 -6.95312
v 45.37743 17.79212 -11.70313
v 45.37743 17.79212 -6.95312
v 45.37743 17.79212 -6.95312
v 45.38594 17.72742 -11.70313
v 45.38594 17.72742 -6.95312
v 45.38594 17.72742 -11.70313
v 45.38594 17.72742 -6.95312
v 45.38594 17.72742 -6.95312
v 45.37743 17.66271 -11.70313
v 45.37743 17.66271 -6.95312
v 45.37743 17.66271 -11.70313
v 45.37743 17.66271 -6.95312
v 45.37743 17.66271 -6.95312
v 45.35245 17.60242 -11.70313
v 45.35245 17.60242 -6.95312
v 45.35245 17.60242 -11.70313
v 45.35245 17.60242 -6.95312
v 45.35245 17.60242 -6.95312
v 45.31272 17.55064 -11.70313
v 45.31272 17.55064 -6.95312
v 45.31272 17.55064 -11.70313
v 45.31272 17.55064 -6.95312
v 45.31272 17.55064 -6.95312
v 45.26094 17.51091 -6.95312
v 45.26094 17.51091 -11.70313
v 45.26094 17.51091 -6.95312
v 45.26094 17.51091 -11.70313
v 45.26094 17.51091 -6.95312
v 45.20065 17.48593 -6.95312
v 45.20065 17.48593 -11.70313
v 45.20065 17.48593 -6.95312
v 45.20065 17.48593 -11.70313
v 45.20065 17.48593 -6.95312
v 45.13594 17.47742 -6.95312
v 45.13594 17.47742 -11.70313
v 45.13594 17.47742 -6.95312
v 45.13594 17.47742 -11.70313
v 45.13594 17.47742 -6.95312
v 45.07124 17.48593 -6.95312
v 45.07124 17.48593 -11.70313
v 45.07124 17.48593 -6.95312
v 45.07124 17.48593 -11.70313
v 45.07124 17.48593 -6.95312
v 45.01094 17.51091 -6.95312
v 45.01094 17.51091 -11.70313
v 45.01094 17.51091 -6.95312
v 45.01094 17.51091 -11.70313
v 45.01094 17.51091 -6.95312
v 44.95917 17.55064 -11.70313
v 44.95917 17.55064 -6.95312
v 44.95917 17.55064 -11.70313
v 44.95917 17.55064 -6.95312
v 44.95917 17.55064 -6.95312
v 44.91944 17.60242 -6.95312
v 44.91944 17.60242 -11.70313
v 44.91944 17.60242 -11.70313
v 44.91944 17.60242 -6.95312
v 44.91944 17.60242 -6.95312
v 44.89446 17.66271 -11.70313
v 44.89446 17.66271 -6.95312
v 44.89446 17.66271 -11.70313
v 44.89446 17.66271 -6.95312
v 44.89446 17.66271 -6.95312
v 44.88594 17.72742 -11.70313
v 44.88594 17.72742 -6.95312
v 44.88594 17.72742 -11.70313
v 44.88594 17.72742 -6.95312
v 44.88594 17.72742 -6.95312
v 44.89446 17.79212 -6.95312
v 44.89446 17.79212 -11.70313
v 44.89446 17.79212 -11.70313
v 44.89446 17.79212 -6.95312
v 44.89446 17.79212 -6.95312
v 44.91944 17.85242 -11.70313
v 44.91944 17.85242 -6.95312
v 44.91944 17.85242 -11.70313
v 44.91944 17.85242 -6.95312
v 44.91944 17.85242 -6.95312
v 44.95917 17.90419 -11.70313
v 44.95917 17.90419 -6.95312
v 44.95917 17.90419 -11.70313
v 44.95917 17.90419 -6.95312
v 44.95917 17.90419 -6.95312
v 45.01094 17.94392 -6.95312
v 45.01094 17.94392 -11.70313
v 45.01094 17.94392 -11.70313
v 45.01094 17.94392 -6.95312
v 45.01094 17.94392 -6.95312
v 45.07124 17.96890 -6.95312
v 45.07124 17.96890 -11.70313
v 45.07124 17.96890 -11.70313
v 45.07124 17.96890 -6.95312
v 45.07124 17.96890 -6.95312
usemtl ID61
f 5671 5672 5673
f 5672 5671 5674
f 5672 5674 5675
f 5675 5674 5676
f 5675 5676 5677
f 5677 5676 5678
f 5677 5678 5679
f 5679 5678 5680
f 5679 5680 5681
f 5681 5680 5682
f 5681 5682 5683
f 5683 5682 5684
f 5683 5684 5685
f 5685 5684 5686
f 5685 5686 5687
f 5687 5686 5688
f 5687 5688 5689
f 5689 5688 5690
f 5689 5690 5691
f 5691 5690 5692
f 5691 5692 5693
f 5693 5692 5694
f 5695 5696 5697
f 5697 5696 5698
f 5696 5699 5698
f 5698 5699 5700
f 5699 5701 5700
f 5700 5701 5702
f 5701 5703 5702
f 5702 5703 5704
f 5703 5705 5704
f 5704 5705 5706
f 5705 5707 5706
f 5706 5707 5708
f 5707 5709 5708
f 5708 5709 5710
f 5709 5711 5710
f 5710 5711 5712
f 5711 5713 5712
f 5712 5713 5714
f 5713 5715 5714
f 5714 5715 5716
f 5715 5717 5716
f 5718 5716 5717
f 5743 5744 5745
f 5744 5743 5746
f 5747 5748 5749
f 5750 5749 5748
f 5753 5746 5743
f 5746 5753 5754
f 5755 5756 5747
f 5748 5747 5756
f 5758 5754 5753
f 5754 5758 5759
f 5760 5761 5755
f 5756 5755 5761
f 5763 5758 5764
f 5758 5763 5759
f 5760 5765 5761
f 5766 5761 5765
f 5768 5764 5769
f 5764 5768 5763
f 5765 5770 5766
f 5771 5766 5770
f 5773 5769 5774
f 5769 5773 5768
f 5770 5775 5771
f 5776 5771 5775
f 5778 5774 5779
f 5774 5778 5773
f 5775 5780 5776
f 5781 5776 5780
f 5783 5779 5784
f 5779 5783 5778
f 5780 5785 5781
f 5786 5781 5785
f 5788 5784 5789
f 5784 5788 5783
f 5785 5790 5786
f 5791 5786 5790
f 5788 5793 5794
f 5793 5788 5789
f 5791 5790 5795
f 5796 5795 5790
f 5794 5798 5799
f 5798 5794 5793
f 5795 5796 5800
f 5801 5800 5796
f 5799 5803 5804
f 5803 5799 5798
f 5800 5801 5805
f 5806 5805 5801
f 5804 5808 5809
f 5808 5804 5803
f 5805 5806 5810
f 5811 5810 5806
f 5809 5813 5814
f 5813 5809 5808
f 5810 5811 5815
f 5816 5815 5811
f 5818 5813 5819
f 5813 5818 5814
f 5816 5820 5815
f 5821 5815 5820
f 5823 5818 5819
f 5818 5823 5824
f 5825 5826 5820
f 5821 5820 5826
f 5828 5823 5829
f 5823 5828 5824
f 5825 5830 5826
f 5831 5826 5830
f 5833 5829 5834
f 5829 5833 5828
f 5830 5835 5831
f 5836 5831 5835
f 5838 5833 5834
f 5833 5838 5839
f 5840 5841 5835
f 5836 5835 5841
f 5843 5838 5844
f 5838 5843 5839
f 5840 5845 5841
f 5846 5841 5845
f 5848 5844 5849
f 5844 5848 5843
f 5845 5850 5846
f 5851 5846 5850
f 5853 5848 5849
f 5848 5853 5854
f 5855 5856 5850
f 5851 5850 5856
f 5858 5854 5853
f 5854 5858 5859
f 5860 5861 5855
f 5856 5855 5861
f 5745 5859 5858
f 5859 5745 5744
f 5749 5750 5860
f 5861 5860 5750
o Hardware_Hardware_4_3_4_Bolt_Head_3_4_Bolt_Head__6_6
v 44.87962 17.98374 -6.62500
v 44.95469 18.04135 -6.62500
v 44.91944 18.10242 -6.65937
v 44.91944 18.10242 -6.65937
v 44.95469 18.04135 -6.62500
v 44.87962 17.98374 -6.62500
v 44.95469 18.04135 -6.62500
v 44.91944 18.10242 -6.65937
v 44.87962 17.98374 -6.62500
v 44.84637 17.95710 -6.63359
v 44.87962 17.98374 -6.62500
v 44.91944 18.10242 -6.65937
v 44.82201 17.90867 -6.62500
v 44.82201 17.90867 -6.62500
v 44.84637 17.95710 -6.63359
v 44.87962 17.98374 -6.62500
v 44.91944 18.10242 -6.65937
v 44.82201 17.90867 -6.62500
v 44.84637 17.95710 -6.63359
v 44.87962 17.98374 -6.62500
v 45.01094 17.94392 -6.62500
v 44.95469 18.04135 -6.62500
v 44.88594 17.72742 -6.62500
v 45.13594 17.72742 -6.62500
v 44.82201 17.90867 -6.62500
v 44.78580 17.82124 -6.62500
v 44.77344 17.72742 -6.62500
v 44.77344 17.72742 -6.62500
v 44.78580 17.82124 -6.62500
v 44.88594 17.72742 -6.62500
v 44.82201 17.90867 -6.62500
v 44.87962 17.98374 -6.62500
v 45.01094 17.94392 -6.62500
v 45.13594 17.72742 -6.62500
v 44.95469 18.04135 -6.62500
v 44.88594 17.72742 -6.62500
v 44.77344 17.72742 -6.62500
v 45.13594 17.72742 -6.62500
v 45.01094 17.94392 -6.62500
v 44.78580 17.82124 -6.62500
v 44.79224 17.86335 -6.63359
v 44.82201 17.90867 -6.62500
v 44.84637 17.95710 -6.63359
v 44.84637 17.95710 -6.63359
v 44.82201 17.90867 -6.62500
v 44.79224 17.86335 -6.63359
v 44.79224 17.86335 -6.63359
v 44.91944 18.10242 -6.65937
v 44.79224 17.86335 -6.63359
v 44.84637 17.95710 -6.63359
v 44.70293 17.72742 -6.65937
v 44.70293 17.72742 -6.65937
v 44.91944 18.10242 -6.65937
v 44.79224 17.86335 -6.63359
v 44.84637 17.95710 -6.63359
v 44.70293 17.72742 -6.65937
v 44.79224 17.86335 -6.63359
v 44.78580 17.82124 -6.62500
v 44.82201 17.90867 -6.62500
v 44.70293 17.72742 -6.65937
v 44.70293 17.72742 -6.65937
v 44.79224 17.86335 -6.63359
v 44.78580 17.82124 -6.62500
v 44.82201 17.90867 -6.62500
v 44.70293 17.72742 -6.65937
v 44.77344 17.72742 -6.62500
v 44.78580 17.82124 -6.62500
v 44.78580 17.82124 -6.62500
v 44.77344 17.72742 -6.62500
v 44.70293 17.72742 -6.65937
v 44.91944 18.10242 -6.95312
v 44.70293 17.72742 -6.65937
v 44.91944 18.10242 -6.65937
v 44.70293 17.72742 -6.95312
v 44.70293 17.72742 -6.95312
v 44.91944 18.10242 -6.95312
v 44.70293 17.72742 -6.65937
v 44.91944 18.10242 -6.65937
v 44.91944 18.10242 -6.95312
v 44.70293 17.72742 -6.95312
v 44.70293 17.72742 -6.95312
v 44.91944 18.10242 -6.95312
v 45.13594 17.72742 -6.95312
v 45.13594 17.72742 -6.95312
v 44.91944 18.10242 -6.95312
v 44.70293 17.72742 -6.95312
v 45.13594 17.72742 -6.95312
usemtl ID61
f 5863 5864 5865
f 5866 5867 5868
f 5872 5873 5874
f 5873 5872 5875
f 5876 5877 5878
f 5879 5878 5877
f 5882 5883 5884
f 5883 5885 5886
f 5885 5883 5882
f 5885 5882 5887
f 5885 5887 5888
f 5885 5888 5889
f 5890 5891 5892
f 5891 5893 5892
f 5893 5894 5892
f 5894 5895 5892
f 5896 5892 5895
f 5897 5895 5894
f 5903 5904 5905
f 5906 5907 5908
f 5910 5911 5912
f 5911 5910 5913
f 5914 5915 5916
f 5917 5916 5915
f 5919 5920 5921
f 5920 5919 5922
f 5923 5924 5925
f 5926 5925 5924
f 5927 5928 5929
f 5930 5931 5932
f 5933 5934 5935
f 5934 5933 5936
f 5937 5938 5939
f 5940 5939 5938
f 5943 5944 5945
f 5946 5947 5948
o Hardware_Hardware_4_3_4_Bolt_Head_3_4_Bolt_Head__6_7
v 45.48609 17.82124 -6.62500
v 45.49844 17.72742 -6.62500
v 45.56896 17.72742 -6.65937
v 45.56896 17.72742 -6.65937
v 45.49844 17.72742 -6.62500
v 45.48609 17.82124 -6.62500
v 45.49844 17.72742 -6.62500
v 45.56896 17.72742 -6.65937
v 45.48609 17.82124 -6.62500
v 45.47965 17.86335 -6.63359
v 45.48609 17.82124 -6.62500
v 45.56896 17.72742 -6.65937
v 45.44988 17.90867 -6.62500
v 45.44988 17.90867 -6.62500
v 45.47965 17.86335 -6.63359
v 45.48609 17.82124 -6.62500
v 45.56896 17.72742 -6.65937
v 45.44988 17.90867 -6.62500
v 45.47965 17.86335 -6.63359
v 45.48609 17.82124 -6.62500
v 45.38594 17.72742 -6.62500
v 45.49844 17.72742 -6.62500
v 45.26094 17.94392 -6.62500
v 45.13594 17.72742 -6.62500
v 45.44988 17.90867 -6.62500
v 45.39227 17.98374 -6.62500
v 45.31719 18.04135 -6.62500
v 45.31719 18.04135 -6.62500
v 45.39227 17.98374 -6.62500
v 45.26094 17.94392 -6.62500
v 45.44988 17.90867 -6.62500
v 45.48609 17.82124 -6.62500
v 45.38594 17.72742 -6.62500
v 45.13594 17.72742 -6.62500
v 45.49844 17.72742 -6.62500
v 45.26094 17.94392 -6.62500
v 45.31719 18.04135 -6.62500
v 45.13594 17.72742 -6.62500
v 45.38594 17.72742 -6.62500
v 45.39227 17.98374 -6.62500
v 45.42552 17.95710 -6.63359
v 45.44988 17.90867 -6.62500
v 45.47965 17.86335 -6.63359
v 45.47965 17.86335 -6.63359
v 45.44988 17.90867 -6.62500
v 45.42552 17.95710 -6.63359
v 45.42552 17.95710 -6.63359
v 45.56896 17.72742 -6.65937
v 45.42552 17.95710 -6.63359
v 45.47965 17.86335 -6.63359
v 45.35245 18.10242 -6.65937
v 45.35245 18.10242 -6.65937
v 45.56896 17.72742 -6.65937
v 45.42552 17.95710 -6.63359
v 45.47965 17.86335 -6.63359
v 45.35245 18.10242 -6.65937
v 45.42552 17.95710 -6.63359
v 45.39227 17.98374 -6.62500
v 45.44988 17.90867 -6.62500
v 45.35245 18.10242 -6.65937
v 45.35245 18.10242 -6.65937
v 45.42552 17.95710 -6.63359
v 45.39227 17.98374 -6.62500
v 45.44988 17.90867 -6.62500
v 45.35245 18.10242 -6.65937
v 45.31719 18.04135 -6.62500
v 45.39227 17.98374 -6.62500
v 45.39227 17.98374 -6.62500
v 45.31719 18.04135 -6.62500
v 45.35245 18.10242 -6.65937
v 45.56896 17.72742 -6.95312
v 45.35245 18.10242 -6.65937
v 45.56896 17.72742 -6.65937
v 45.35245 18.10242 -6.95312
v 45.35245 18.10242 -6.95312
v 45.56896 17.72742 -6.95312
v 45.35245 18.10242 -6.65937
v 45.56896 17.72742 -6.65937
v 45.56896 17.72742 -6.95312
v 45.35245 18.10242 -6.95312
v 45.35245 18.10242 -6.95312
v 45.56896 17.72742 -6.95312
v 45.13594 17.72742 -6.95312
v 45.13594 17.72742 -6.95312
v 45.56896 17.72742 -6.95312
v 45.35245 18.10242 -6.95312
v 45.13594 17.72742 -6.95312
usemtl ID61
f 5950 5951 5952
f 5953 5954 5955
f 5959 5960 5961
f 5960 5959 5962
f 5963 5964 5965
f 5966 5965 5964
f 5969 5970 5971
f 5970 5972 5973
f 5972 5970 5969
f 5972 5969 5974
f 5972 5974 5975
f 5972 5975 5976
f 5977 5978 5979
f 5978 5980 5979
f 5980 5981 5979
f 5981 5982 5979
f 5983 5979 5982
f 5984 5982 5981
f 5990 5991 5992
f 5993 5994 5995
f 5997 5998 5999
f 5998 5997 6000
f 6001 6002 6003
f 6004 6003 6002
f 6006 6007 6008
f 6007 6006 6009
f 6010 6011 6012
f 6013 6012 6011
f 6014 6015 6016
f 6017 6018 6019
f 6020 6021 6022
f 6021 6020 6023
f 6024 6025 6026
f 6027 6026 6025
f 6030 6031 6032
f 6033 6034 6035
o Hardware_Hardware_4_3_4_Bolt_Head_3_4_Bolt_Head__6_8
v 45.39227 17.47109 -6.62500
v 45.31719 17.41348 -6.62500
v 45.35245 17.35242 -6.65937
v 45.35245 17.35242 -6.65937
v 45.31719 17.41348 -6.62500
v 45.39227 17.47109 -6.62500
v 45.31719 17.41348 -6.62500
v 45.35245 17.35242 -6.65937
v 45.39227 17.47109 -6.62500
v 45.42552 17.49773 -6.63359
v 45.39227 17.47109 -6.62500
v 45.35245 17.35242 -6.65937
v 45.44988 17.54617 -6.62500
v 45.44988 17.54617 -6.62500
v 45.42552 17.49773 -6.63359
v 45.39227 17.47109 -6.62500
v 45.35245 17.35242 -6.65937
v 45.44988 17.54617 -6.62500
v 45.42552 17.49773 -6.63359
v 45.39227 17.47109 -6.62500
v 45.26094 17.51091 -6.62500
v 45.31719 17.41348 -6.62500
v 45.38594 17.72742 -6.62500
v 45.13594 17.72742 -6.62500
v 45.44988 17.54617 -6.62500
v 45.48609 17.63359 -6.62500
v 45.49844 17.72742 -6.62500
v 45.49844 17.72742 -6.62500
v 45.48609 17.63359 -6.62500
v 45.38594 17.72742 -6.62500
v 45.44988 17.54617 -6.62500
v 45.39227 17.47109 -6.62500
v 45.26094 17.51091 -6.62500
v 45.13594 17.72742 -6.62500
v 45.31719 17.41348 -6.62500
v 45.38594 17.72742 -6.62500
v 45.49844 17.72742 -6.62500
v 45.13594 17.72742 -6.62500
v 45.26094 17.51091 -6.62500
v 45.48609 17.63359 -6.62500
v 45.47965 17.59148 -6.63359
v 45.44988 17.54617 -6.62500
v 45.42552 17.49773 -6.63359
v 45.42552 17.49773 -6.63359
v 45.44988 17.54617 -6.62500
v 45.47965 17.59148 -6.63359
v 45.47965 17.59148 -6.63359
v 45.35245 17.35242 -6.65937
v 45.47965 17.59148 -6.63359
v 45.42552 17.49773 -6.63359
v 45.56896 17.72742 -6.65937
v 45.56896 17.72742 -6.65937
v 45.35245 17.35242 -6.65937
v 45.47965 17.59148 -6.63359
v 45.42552 17.49773 -6.63359
v 45.56896 17.72742 -6.65937
v 45.47965 17.59148 -6.63359
v 45.48609 17.63359 -6.62500
v 45.44988 17.54617 -6.62500
v 45.56896 17.72742 -6.65937
v 45.56896 17.72742 -6.65937
v 45.47965 17.59148 -6.63359
v 45.48609 17.63359 -6.62500
v 45.44988 17.54617 -6.62500
v 45.56896 17.72742 -6.65937
v 45.49844 17.72742 -6.62500
v 45.48609 17.63359 -6.62500
v 45.48609 17.63359 -6.62500
v 45.49844 17.72742 -6.62500
v 45.56896 17.72742 -6.65937
v 45.35245 17.35242 -6.95312
v 45.56896 17.72742 -6.65937
v 45.35245 17.35242 -6.65937
v 45.56896 17.72742 -6.95312
v 45.56896 17.72742 -6.95312
v 45.35245 17.35242 -6.95312
v 45.56896 17.72742 -6.65937
v 45.35245 17.35242 -6.65937
v 45.35245 17.35242 -6.95312
v 45.56896 17.72742 -6.95312
v 45.56896 17.72742 -6.95312
v 45.35245 17.35242 -6.95312
v 45.13594 17.72742 -6.95312
v 45.13594 17.72742 -6.95312
v 45.35245 17.35242 -6.95312
v 45.56896 17.72742 -6.95312
v 45.13594 17.72742 -6.95312
usemtl ID61
f 6037 6038 6039
f 6040 6041 6042
f 6046 6047 6048
f 6047 6046 6049
f 6050 6051 6052
f 6053 6052 6051
f 6056 6057 6058
f 6057 6059 6060
f 6059 6057 6056
f 6059 6056 6061
f 6059 6061 6062
f 6059 6062 6063
f 6064 6065 6066
f 6065 6067 6066
f 6067 6068 6066
f 6068 6069 6066
f 6070 6066 6069
f 6071 6069 6068
f 6077 6078 6079
f 6080 6081 6082
f 6084 6085 6086
f 6085 6084 6087
f 6088 6089 6090
f 6091 6090 6089
f 6093 6094 6095
f 6094 6093 6096
f 6097 6098 6099
f 6100 6099 6098
f 6101 6102 6103
f 6104 6105 6106
f 6107 6108 6109
f 6108 6107 6110
f 6111 6112 6113
f 6114 6113 6112
f 6117 6118 6119
f 6120 6121 6122
o Hardware_Hardware_4_3_4_Bolt_Head_3_4_Bolt_Head__6_9
v 45.04212 17.37727 -6.62500
v 44.95469 17.41348 -6.62500
v 44.91944 17.35242 -6.65937
v 44.91944 17.35242 -6.65937
v 44.95469 17.41348 -6.62500
v 45.04212 17.37727 -6.62500
v 44.95469 17.41348 -6.62500
v 44.91944 17.35242 -6.65937
v 45.04212 17.37727 -6.62500
v 45.08182 17.36179 -6.63359
v 45.04212 17.37727 -6.62500
v 44.91944 17.35242 -6.65937
v 45.13594 17.36492 -6.62500
v 45.13594 17.36492 -6.62500
v 45.08182 17.36179 -6.63359
v 45.04212 17.37727 -6.62500
v 44.91944 17.35242 -6.65937
v 45.13594 17.36492 -6.62500
v 45.08182 17.36179 -6.63359
v 45.04212 17.37727 -6.62500
v 45.01094 17.51091 -6.62500
v 44.95469 17.41348 -6.62500
v 45.26094 17.51091 -6.62500
v 45.13594 17.72742 -6.62500
v 45.13594 17.36492 -6.62500
v 45.22977 17.37727 -6.62500
v 45.31719 17.41348 -6.62500
v 45.31719 17.41348 -6.62500
v 45.22977 17.37727 -6.62500
v 45.26094 17.51091 -6.62500
v 45.13594 17.36492 -6.62500
v 45.04212 17.37727 -6.62500
v 45.01094 17.51091 -6.62500
v 45.13594 17.72742 -6.62500
v 44.95469 17.41348 -6.62500
v 45.26094 17.51091 -6.62500
v 45.31719 17.41348 -6.62500
v 45.13594 17.72742 -6.62500
v 45.01094 17.51091 -6.62500
v 45.22977 17.37727 -6.62500
v 45.19007 17.36179 -6.63359
v 45.13594 17.36492 -6.62500
v 45.08182 17.36179 -6.63359
v 45.08182 17.36179 -6.63359
v 45.13594 17.36492 -6.62500
v 45.19007 17.36179 -6.63359
v 45.19007 17.36179 -6.63359
v 44.91944 17.35242 -6.65937
v 45.19007 17.36179 -6.63359
v 45.08182 17.36179 -6.63359
v 45.35245 17.35242 -6.65937
v 45.35245 17.35242 -6.65937
v 44.91944 17.35242 -6.65937
v 45.19007 17.36179 -6.63359
v 45.08182 17.36179 -6.63359
v 45.35245 17.35242 -6.65937
v 45.19007 17.36179 -6.63359
v 45.22977 17.37727 -6.62500
v 45.13594 17.36492 -6.62500
v 45.35245 17.35242 -6.65937
v 45.35245 17.35242 -6.65937
v 45.19007 17.36179 -6.63359
v 45.22977 17.37727 -6.62500
v 45.13594 17.36492 -6.62500
v 45.35245 17.35242 -6.65937
v 45.31719 17.41348 -6.62500
v 45.22977 17.37727 -6.62500
v 45.22977 17.37727 -6.62500
v 45.31719 17.41348 -6.62500
v 45.35245 17.35242 -6.65937
v 44.91944 17.35242 -6.95312
v 45.35245 17.35242 -6.65937
v 44.91944 17.35242 -6.65937
v 45.35245 17.35242 -6.95312
v 45.35245 17.35242 -6.95312
v 44.91944 17.35242 -6.95312
v 45.35245 17.35242 -6.65937
v 44.91944 17.35242 -6.65937
v 44.91944 17.35242 -6.95312
v 45.35245 17.35242 -6.95312
v 45.35245 17.35242 -6.95312
v 44.91944 17.35242 -6.95312
v 45.13594 17.72742 -6.95312
v 45.13594 17.72742 -6.95312
v 44.91944 17.35242 -6.95312
v 45.35245 17.35242 -6.95312
v 45.13594 17.72742 -6.95312
usemtl ID61
f 6124 6125 6126
f 6127 6128 6129
f 6133 6134 6135
f 6134 6133 6136
f 6137 6138 6139
f 6140 6139 6138
f 6143 6144 6145
f 6144 6146 6147
f 6146 6144 6143
f 6146 6143 6148
f 6146 6148 6149
f 6146 6149 6150
f 6151 6152 6153
f 6152 6154 6153
f 6154 6155 6153
f 6155 6156 6153
f 6157 6153 6156
f 6158 6156 6155
f 6164 6165 6166
f 6167 6168 6169
f 6171 6172 6173
f 6172 6171 6174
f 6175 6176 6177
f 6178 6177 6176
f 6180 6181 6182
f 6181 6180 6183
f 6184 6185 6186
f 6187 6186 6185
f 6188 6189 6190
f 6191 6192 6193
f 6194 6195 6196
f 6195 6194 6197
f 6198 6199 6200
f 6201 6200 6199
f 6204 6205 6206
f 6207 6208 6209
o Hardware_Hardware_4_3_4_Bolt_Head_3_4_Bolt_Head__6_10
v 44.78580 17.63359 -6.62500
v 44.77344 17.72742 -6.62500
v 44.70293 17.72742 -6.65937
v 44.70293 17.72742 -6.65937
v 44.77344 17.72742 -6.62500
v 44.78580 17.63359 -6.62500
v 44.77344 17.72742 -6.62500
v 44.70293 17.72742 -6.65937
v 44.78580 17.63359 -6.62500
v 44.79224 17.59148 -6.63359
v 44.78580 17.63359 -6.62500
v 44.70293 17.72742 -6.65937
v 44.82201 17.54617 -6.62500
v 44.82201 17.54617 -6.62500
v 44.79224 17.59148 -6.63359
v 44.78580 17.63359 -6.62500
v 44.70293 17.72742 -6.65937
v 44.82201 17.54617 -6.62500
v 44.79224 17.59148 -6.63359
v 44.78580 17.63359 -6.62500
v 44.88594 17.72742 -6.62500
v 44.77344 17.72742 -6.62500
v 45.01094 17.51091 -6.62500
v 45.13594 17.72742 -6.62500
v 44.82201 17.54617 -6.62500
v 44.87962 17.47109 -6.62500
v 44.95469 17.41348 -6.62500
v 44.95469 17.41348 -6.62500
v 44.87962 17.47109 -6.62500
v 45.01094 17.51091 -6.62500
v 44.82201 17.54617 -6.62500
v 44.78580 17.63359 -6.62500
v 44.88594 17.72742 -6.62500
v 45.13594 17.72742 -6.62500
v 44.77344 17.72742 -6.62500
v 45.01094 17.51091 -6.62500
v 44.95469 17.41348 -6.62500
v 45.13594 17.72742 -6.62500
v 44.88594 17.72742 -6.62500
v 44.87962 17.47109 -6.62500
v 44.84637 17.49773 -6.63359
v 44.82201 17.54617 -6.62500
v 44.79224 17.59148 -6.63359
v 44.79224 17.59148 -6.63359
v 44.82201 17.54617 -6.62500
v 44.84637 17.49773 -6.63359
v 44.84637 17.49773 -6.63359
v 44.70293 17.72742 -6.65937
v 44.84637 17.49773 -6.63359
v 44.79224 17.59148 -6.63359
v 44.91944 17.35242 -6.65937
v 44.91944 17.35242 -6.65937
v 44.70293 17.72742 -6.65937
v 44.84637 17.49773 -6.63359
v 44.79224 17.59148 -6.63359
v 44.91944 17.35242 -6.65937
v 44.84637 17.49773 -6.63359
v 44.87962 17.47109 -6.62500
v 44.82201 17.54617 -6.62500
v 44.91944 17.35242 -6.65937
v 44.91944 17.35242 -6.65937
v 44.84637 17.49773 -6.63359
v 44.87962 17.47109 -6.62500
v 44.82201 17.54617 -6.62500
v 44.91944 17.35242 -6.65937
v 44.95469 17.41348 -6.62500
v 44.87962 17.47109 -6.62500
v 44.87962 17.47109 -6.62500
v 44.95469 17.41348 -6.62500
v 44.91944 17.35242 -6.65937
v 44.70293 17.72742 -6.95312
v 44.91944 17.35242 -6.65937
v 44.70293 17.72742 -6.65937
v 44.91944 17.35242 -6.95312
v 44.91944 17.35242 -6.95312
v 44.70293 17.72742 -6.95312
v 44.91944 17.35242 -6.65937
v 44.70293 17.72742 -6.65937
v 44.70293 17.72742 -6.95312
v 44.91944 17.35242 -6.95312
v 44.91944 17.35242 -6.95312
v 44.70293 17.72742 -6.95312
v 45.13594 17.72742 -6.95312
v 45.13594 17.72742 -6.95312
v 44.70293 17.72742 -6.95312
v 44.91944 17.35242 -6.95312
v 45.13594 17.72742 -6.95312
usemtl ID61
f 6211 6212 6213
f 6214 6215 6216
f 6220 6221 6222
f 6221 6220 6223
f 6224 6225 6226
f 6227 6226 6225
f 6230 6231 6232
f 6231 6233 6234
f 6233 6231 6230
f 6233 6230 6235
f 6233 6235 6236
f 6233 6236 6237
f 6238 6239 6240
f 6239 6241 6240
f 6241 6242 6240
f 6242 6243 6240
f 6244 6240 6243
f 6245 6243 6242
f 6251 6252 6253
f 6254 6255 6256
f 6258 6259 6260
f 6259 6258 6261
f 6262 6263 6264
f 6265 6264 6263
f 6267 6268 6269
f 6268 6267 6270
f 6271 6272 6273
f 6274 6273 6272
f 6275 6276 6277
f 6278 6279 6280
f 6281 6282 6283
f 6282 6281 6284
f 6285 6286 6287
f 6288 6287 6286
f 6291 6292 6293
f 6294 6295 6296
o Hardware_Hardware_4_3_4_Bolt_Head_3_4_Bolt_Head__6_11
v 45.22977 18.07756 -6.62500
v 45.31719 18.04135 -6.62500
v 45.35245 18.10242 -6.65937
v 45.35245 18.10242 -6.65937
v 45.31719 18.04135 -6.62500
v 45.22977 18.07756 -6.62500
v 45.31719 18.04135 -6.62500
v 45.35245 18.10242 -6.65937
v 45.22977 18.07756 -6.62500
v 45.19007 18.09304 -6.63359
v 45.22977 18.07756 -6.62500
v 45.35245 18.10242 -6.65937
v 45.13594 18.08992 -6.62500
v 45.13594 18.08992 -6.62500
v 45.19007 18.09304 -6.63359
v 45.22977 18.07756 -6.62500
v 45.35245 18.10242 -6.65937
v 45.13594 18.08992 -6.62500
v 45.19007 18.09304 -6.63359
v 45.22977 18.07756 -6.62500
v 45.26094 17.94392 -6.62500
v 45.31719 18.04135 -6.62500
v 45.01094 17.94392 -6.62500
v 45.13594 17.72742 -6.62500
v 45.13594 18.08992 -6.62500
v 45.04212 18.07756 -6.62500
v 44.95469 18.04135 -6.62500
v 44.95469 18.04135 -6.62500
v 45.04212 18.07756 -6.62500
v 45.01094 17.94392 -6.62500
v 45.13594 18.08992 -6.62500
v 45.22977 18.07756 -6.62500
v 45.26094 17.94392 -6.62500
v 45.13594 17.72742 -6.62500
v 45.31719 18.04135 -6.62500
v 45.01094 17.94392 -6.62500
v 44.95469 18.04135 -6.62500
v 45.13594 17.72742 -6.62500
v 45.26094 17.94392 -6.62500
v 45.04212 18.07756 -6.62500
v 45.08182 18.09304 -6.63359
v 45.13594 18.08992 -6.62500
v 45.19007 18.09304 -6.63359
v 45.19007 18.09304 -6.63359
v 45.13594 18.08992 -6.62500
v 45.08182 18.09304 -6.63359
v 45.08182 18.09304 -6.63359
v 45.35245 18.10242 -6.65937
v 45.08182 18.09304 -6.63359
v 45.19007 18.09304 -6.63359
v 44.91944 18.10242 -6.65937
v 44.91944 18.10242 -6.65937
v 45.35245 18.10242 -6.65937
v 45.08182 18.09304 -6.63359
v 45.19007 18.09304 -6.63359
v 44.91944 18.10242 -6.65937
v 45.08182 18.09304 -6.63359
v 45.04212 18.07756 -6.62500
v 45.13594 18.08992 -6.62500
v 44.91944 18.10242 -6.65937
v 44.91944 18.10242 -6.65937
v 45.08182 18.09304 -6.63359
v 45.04212 18.07756 -6.62500
v 45.13594 18.08992 -6.62500
v 44.91944 18.10242 -6.65937
v 44.95469 18.04135 -6.62500
v 45.04212 18.07756 -6.62500
v 45.04212 18.07756 -6.62500
v 44.95469 18.04135 -6.62500
v 44.91944 18.10242 -6.65937
v 45.35245 18.10242 -6.95312
v 44.91944 18.10242 -6.65937
v 45.35245 18.10242 -6.65937
v 44.91944 18.10242 -6.95312
v 44.91944 18.10242 -6.95312
v 45.35245 18.10242 -6.95312
v 44.91944 18.10242 -6.65937
v 45.35245 18.10242 -6.65937
v 45.35245 18.10242 -6.95312
v 44.91944 18.10242 -6.95312
v 44.91944 18.10242 -6.95312
v 45.35245 18.10242 -6.95312
v 45.13594 17.72742 -6.95312
v 45.13594 17.72742 -6.95312
v 45.35245 18.10242 -6.95312
v 44.91944 18.10242 -6.95312
v 45.13594 17.72742 -6.95312
usemtl ID61
f 6298 6299 6300
f 6301 6302 6303
f 6307 6308 6309
f 6308 6307 6310
f 6311 6312 6313
f 6314 6313 6312
f 6317 6318 6319
f 6318 6320 6321
f 6320 6318 6317
f 6320 6317 6322
f 6320 6322 6323
f 6320 6323 6324
f 6325 6326 6327
f 6326 6328 6327
f 6328 6329 6327
f 6329 6330 6327
f 6331 6327 6330
f 6332 6330 6329
f 6338 6339 6340
f 6341 6342 6343
f 6345 6346 6347
f 6346 6345 6348
f 6349 6350 6351
f 6352 6351 6350
f 6354 6355 6356
f 6355 6354 6357
f 6358 6359 6360
f 6361 6360 6359
f 6362 6363 6364
f 6365 6366 6367
f 6368 6369 6370
f 6369 6368 6371
f 6372 6373 6374
f 6375 6374 6373
f 6378 6379 6380
f 6381 6382 6383
o Treadle_Treadle_Beam
v 40.08694 1.32036 -4.81250
v 40.08694 29.55380 -6.43750
v 40.08694 29.55380 -4.81250
v 40.08694 1.32036 -6.43750
v 40.08694 1.32036 -6.43750
v 40.08694 1.32036 -4.81250
v 40.08694 29.55380 -6.43750
v 40.08694 29.55380 -4.81250
v 40.08694 29.55380 -6.43750
v 40.08694 29.55380 -4.81250
v 40.08694 1.32036 -4.81250
v 40.08694 1.32036 -6.43750
v 39.90373 30.04801 -4.81250
v 39.90373 30.04801 -6.43750
v 39.90373 30.04801 -6.43750
v 39.90373 30.04801 -4.81250
v 39.90373 30.04801 -6.43750
v 39.90373 30.04801 -4.81250
v 40.08694 29.55380 -4.81250
v 39.08694 1.32036 -4.81250
v 40.08694 1.32036 -4.81250
v 39.08694 4.32036 -4.81250
v 39.68946 22.65023 -4.81250
v 38.08694 4.32036 -4.81250
v 39.67242 22.52082 -4.81250
v 39.62247 22.40023 -4.81250
v 39.54301 22.29668 -4.81250
v 39.43946 22.21722 -4.81250
v 39.31887 22.16727 -4.81250
v 39.18946 22.15023 -4.81250
v 39.67242 22.77964 -4.81250
v 39.62247 22.90023 -4.81250
v 39.54301 23.00378 -4.81250
v 39.43946 23.08324 -4.81250
v 39.31887 23.13319 -4.81250
v 39.18946 23.15023 -4.81250
v 37.08694 29.55380 -4.81250
v 37.27015 30.04801 -4.81250
v 39.90373 30.04801 -4.81250
v 39.56322 30.45034 -4.81250
v 37.61066 30.45034 -4.81250
v 38.06779 30.71271 -4.81250
v 39.10609 30.71271 -4.81250
v 38.58694 30.80380 -4.81250
v 38.08694 1.32036 -4.81250
v 37.08694 1.32036 -4.81250
v 38.70649 22.52082 -4.81250
v 38.75644 22.40023 -4.81250
v 38.83590 22.29668 -4.81250
v 38.93946 22.21722 -4.81250
v 39.06005 22.16727 -4.81250
v 38.68946 22.65023 -4.81250
v 38.70649 22.77964 -4.81250
v 38.75644 22.90023 -4.81250
v 38.83590 23.00378 -4.81250
v 38.93946 23.08324 -4.81250
v 39.06005 23.13319 -4.81250
v 39.18946 23.15023 -4.81250
v 39.06005 23.13319 -4.81250
v 37.08694 29.55380 -4.81250
v 38.93946 23.08324 -4.81250
v 38.83590 23.00378 -4.81250
v 38.75644 22.90023 -4.81250
v 38.70649 22.77964 -4.81250
v 38.68946 22.65023 -4.81250
v 38.70649 22.52082 -4.81250
v 39.18946 22.15023 -4.81250
v 38.08694 4.32036 -4.81250
v 39.06005 22.16727 -4.81250
v 38.93946 22.21722 -4.81250
v 38.83590 22.29668 -4.81250
v 38.75644 22.40023 -4.81250
v 38.08694 1.32036 -4.81250
v 37.08694 1.32036 -4.81250
v 38.58694 30.80380 -4.81250
v 39.10609 30.71271 -4.81250
v 38.06779 30.71271 -4.81250
v 39.56322 30.45034 -4.81250
v 37.61066 30.45034 -4.81250
v 37.27015 30.04801 -4.81250
v 39.90373 30.04801 -4.81250
v 40.08694 29.55380 -4.81250
v 39.31887 23.13319 -4.81250
v 39.43946 23.08324 -4.81250
v 39.54301 23.00378 -4.81250
v 39.62247 22.90023 -4.81250
v 39.67242 22.77964 -4.81250
v 39.68946 22.65023 -4.81250
v 39.31887 22.16727 -4.81250
v 39.43946 22.21722 -4.81250
v 39.54301 22.29668 -4.81250
v 39.62247 22.40023 -4.81250
v 39.67242 22.52082 -4.81250
v 39.08694 4.32036 -4.81250
v 39.08694 1.32036 -4.81250
v 40.08694 1.32036 -4.81250
v 37.08694 1.32036 -4.81250
v 38.08694 1.32036 -4.81250
v 38.08694 4.32036 -4.81250
v 39.08694 4.32036 -4.81250
v 39.08694 1.32036 -4.81250
v 39.56322 30.45034 -4.81250
v 39.10609 30.71271 -4.81250
v 38.58694 30.80380 -4.81250
v 38.06779 30.71271 -4.81250
v 37.61066 30.45034 -4.81250
v 37.27015 30.04801 -4.81250
v 37.08694 29.55380 -4.81250
v 39.18946 23.15023 -4.81250
v 39.06005 23.13319 -4.81250
v 39.31887 23.13319 -4.81250
v 39.43946 23.08324 -4.81250
v 39.54301 23.00378 -4.81250
v 39.62247 22.90023 -4.81250
v 39.67242 22.77964 -4.81250
v 39.68946 22.65023 -4.81250
v 39.67242 22.52082 -4.81250
v 39.62247 22.40023 -4.81250
v 39.54301 22.29668 -4.81250
v 39.43946 22.21722 -4.81250
v 39.31887 22.16727 -4.81250
v 39.18946 22.15023 -4.81250
v 39.06005 22.16727 -4.81250
v 38.93946 22.21722 -4.81250
v 38.83590 22.29668 -4.81250
v 38.75644 22.40023 -4.81250
v 38.70649 22.52082 -4.81250
v 38.68946 22.65023 -4.81250
v 38.70649 22.77964 -4.81250
v 38.75644 22.90023 -4.81250
v 38.83590 23.00378 -4.81250
v 38.93946 23.08324 -4.81250
v 40.08694 1.32036 -6.43750
v 39.08694 1.32036 -4.81250
v 39.08694 1.32036 -6.43750
v 40.08694 1.32036 -4.81250
v 40.08694 1.32036 -4.81250
v 40.08694 1.32036 -6.43750
v 39.08694 1.32036 -4.81250
v 39.08694 1.32036 -6.43750
v 39.08694 1.32036 -6.43750
v 37.08694 29.55380 -6.43750
v 38.08694 1.32036 -6.43750
v 37.08694 1.32036 -6.43750
v 38.08694 4.32036 -6.43750
v 39.08694 4.32036 -6.43750
v 39.08694 1.32036 -6.43750
v 40.08694 29.55380 -6.43750
v 40.08694 1.32036 -6.43750
v 37.27015 30.04801 -6.43750
v 39.90373 30.04801 -6.43750
v 39.56322 30.45034 -6.43750
v 37.61066 30.45034 -6.43750
v 38.06779 30.71271 -6.43750
v 39.10609 30.71271 -6.43750
v 38.58694 30.80380 -6.43750
v 38.58694 30.80380 -6.43750
v 38.06779 30.71271 -6.43750
v 39.10609 30.71271 -6.43750
v 39.56322 30.45034 -6.43750
v 37.61066 30.45034 -6.43750
v 37.27015 30.04801 -6.43750
v 39.90373 30.04801 -6.43750
v 40.08694 29.55380 -6.43750
v 37.08694 29.55380 -6.43750
v 39.08694 4.32036 -6.43750
v 39.08694 1.32036 -6.43750
v 40.08694 1.32036 -6.43750
v 38.08694 4.32036 -6.43750
v 38.08694 1.32036 -6.43750
v 37.08694 1.32036 -6.43750
v 39.08694 4.32036 -6.43750
v 38.08694 4.32036 -6.43750
v 38.08694 1.32036 -6.43750
v 37.08694 1.32036 -6.43750
v 37.08694 29.55380 -6.43750
v 37.27015 30.04801 -6.43750
v 37.61066 30.45034 -6.43750
v 38.06779 30.71271 -6.43750
v 38.58694 30.80380 -6.43750
v 39.10609 30.71271 -6.43750
v 39.56322 30.45034 -6.43750
v 39.56322 30.45034 -4.81250
v 39.56322 30.45034 -6.43750
v 39.56322 30.45034 -6.43750
v 39.56322 30.45034 -4.81250
v 37.08694 1.32036 -6.43750
v 38.08694 1.32036 -4.81250
v 37.08694 1.32036 -4.81250
v 38.08694 1.32036 -6.43750
v 38.08694 1.32036 -6.43750
v 37.08694 1.32036 -6.43750
v 38.08694 1.32036 -4.81250
v 37.08694 1.32036 -4.81250
v 38.08694 1.32036 -4.81250
v 38.08694 4.32036 -6.43750
v 38.08694 4.32036 -4.81250
v 38.08694 1.32036 -6.43750
v 38.08694 1.32036 -6.43750
v 38.08694 1.32036 -4.81250
v 38.08694 4.32036 -6.43750
v 38.08694 4.32036 -4.81250
v 39.08694 4.32036 -6.43750
v 38.08694 4.32036 -4.81250
v 38.08694 4.32036 -6.43750
v 39.08694 4.32036 -4.81250
v 39.08694 4.32036 -4.81250
v 39.08694 4.32036 -6.43750
v 38.08694 4.32036 -4.81250
v 38.08694 4.32036 -6.43750
v 39.08694 4.32036 -6.43750
v 39.08694 1.32036 -4.81250
v 39.08694 4.32036 -4.81250
v 39.08694 1.32036 -6.43750
v 39.08694 1.32036 -6.43750
v 39.08694 4.32036 -6.43750
v 39.08694 1.32036 -4.81250
v 39.08694 4.32036 -4.81250
v 39.10609 30.71271 -6.43750
v 39.10609 30.71271 -4.81250
v 39.10609 30.71271 -6.43750
v 39.10609 30.71271 -4.81250
v 38.58694 30.80380 -6.43750
v 38.58694 30.80380 -4.81250
v 38.58694 30.80380 -6.43750
v 38.58694 30.80380 -4.81250
v 38.06779 30.71271 -6.43750
v 38.06779 30.71271 -4.81250
v 38.06779 30.71271 -6.43750
v 38.06779 30.71271 -4.81250
v 37.61066 30.45034 -6.43750
v 37.61066 30.45034 -4.81250
v 37.61066 30.45034 -6.43750
v 37.61066 30.45034 -4.81250
v 37.27015 30.04801 -6.43750
v 37.27015 30.04801 -4.81250
v 37.27015 30.04801 -6.43750
v 37.27015 30.04801 -4.81250
v 37.08694 29.55380 -4.81250
v 37.08694 29.55380 -6.43750
v 37.08694 29.55380 -6.43750
v 37.08694 29.55380 -4.81250
v 37.08694 1.32036 -4.81250
v 37.08694 1.32036 -6.43750
v 37.08694 1.32036 -6.43750
v 37.08694 1.32036 -4.81250
usemtl ID27
f 6385 6386 6387
f 6386 6385 6388
f 6389 6390 6391
f 6392 6391 6390
f 6386 6397 6387
f 6397 6386 6398
f 6399 6391 6400
f 6392 6400 6391
f 6403 6404 6405
f 6404 6403 6406
f 6406 6403 6407
f 6406 6407 6408
f 6408 6407 6409
f 6408 6409 6410
f 6408 6410 6411
f 6408 6411 6412
f 6408 6412 6413
f 6408 6413 6414
f 6407 6403 6415
f 6415 6403 6416
f 6416 6403 6417
f 6417 6403 6418
f 6418 6403 6419
f 6419 6403 6420
f 6420 6403 6421
f 6421 6403 6422
f 6422 6403 6423
f 6422 6423 6424
f 6422 6424 6425
f 6425 6424 6426
f 6426 6424 6427
f 6426 6427 6428
f 6429 6421 6430
f 6421 6429 6408
f 6421 6408 6431
f 6431 6408 6432
f 6432 6408 6433
f 6433 6408 6434
f 6434 6408 6435
f 6435 6408 6414
f 6421 6431 6436
f 6421 6436 6437
f 6421 6437 6438
f 6421 6438 6439
f 6421 6439 6440
f 6421 6440 6441
f 6421 6441 6420
f 6442 6443 6444
f 6443 6445 6444
f 6445 6446 6444
f 6446 6447 6444
f 6447 6448 6444
f 6448 6449 6444
f 6449 6450 6444
f 6451 6452 6453
f 6453 6452 6454
f 6454 6452 6455
f 6455 6452 6456
f 6456 6452 6450
f 6450 6452 6444
f 6452 6457 6444
f 6458 6444 6457
f 6459 6460 6461
f 6460 6462 6461
f 6461 6462 6463
f 6463 6462 6464
f 6462 6465 6464
f 6465 6466 6464
f 6464 6466 6444
f 6444 6466 6442
f 6442 6466 6467
f 6467 6466 6468
f 6468 6466 6469
f 6469 6466 6470
f 6470 6466 6471
f 6471 6466 6472
f 6451 6473 6452
f 6473 6474 6452
f 6474 6475 6452
f 6475 6476 6452
f 6476 6477 6452
f 6477 6472 6452
f 6452 6472 6478
f 6472 6466 6478
f 6478 6466 6479
f 6480 6479 6466
f 6517 6518 6519
f 6518 6517 6520
f 6521 6522 6523
f 6524 6523 6522
f 6526 6527 6528
f 6527 6526 6529
f 6529 6526 6530
f 6531 6532 6533
f 6532 6531 6530
f 6532 6530 6526
f 6532 6526 6534
f 6532 6534 6535
f 6535 6534 6536
f 6536 6534 6537
f 6536 6537 6538
f 6536 6538 6539
f 6539 6538 6540
f 6541 6542 6543
f 6543 6542 6544
f 6542 6545 6544
f 6545 6546 6544
f 6544 6546 6547
f 6547 6546 6548
f 6546 6549 6548
f 6549 6550 6548
f 6550 6551 6548
f 6552 6548 6551
f 6550 6549 6553
f 6553 6549 6554
f 6555 6554 6549
f 6398 6567 6397
f 6567 6398 6568
f 6569 6399 6570
f 6400 6570 6399
f 6571 6572 6573
f 6572 6571 6574
f 6575 6576 6577
f 6578 6577 6576
f 6579 6580 6581
f 6580 6579 6582
f 6583 6584 6585
f 6586 6585 6584
f 6587 6588 6589
f 6588 6587 6590
f 6591 6592 6593
f 6594 6593 6592
f 6595 6596 6597
f 6596 6595 6598
f 6599 6600 6601
f 6602 6601 6600
f 6567 6603 6604
f 6603 6567 6568
f 6569 6570 6605
f 6606 6605 6570
f 6604 6607 6608
f 6607 6604 6603
f 6605 6606 6609
f 6610 6609 6606
f 6608 6611 6612
f 6611 6608 6607
f 6609 6610 6613
f 6614 6613 6610
f 6612 6615 6616
f 6615 6612 6611
f 6613 6614 6617
f 6618 6617 6614
f 6616 6619 6620
f 6619 6616 6615
f 6617 6618 6621
f 6622 6621 6618
f 6619 6623 6620
f 6623 6619 6624
f 6625 6621 6626
f 6622 6626 6621
f 6624 6627 6623
f 6627 6624 6628
f 6629 6625 6630
f 6626 6630 6625
o Treadle_Treadle_Beam_Treadle_Dowel
v 37.02444 3.34275 -5.86648
v 40.14944 3.27804 -5.87500
v 37.02444 3.27804 -5.87500
v 40.14944 3.34275 -5.86648
v 40.14944 3.34275 -5.86648
v 37.02444 3.34275 -5.86648
v 40.14944 3.27804 -5.87500
v 37.02444 3.27804 -5.87500
v 40.14944 3.27804 -5.87500
v 40.14944 3.34275 -5.86648
v 37.02444 3.27804 -5.87500
v 37.02444 3.34275 -5.86648
v 40.14944 3.21334 -5.38352
v 40.14944 3.34275 -5.38352
v 40.14944 3.27804 -5.37500
v 40.14944 3.15304 -5.40849
v 40.14944 3.40304 -5.40849
v 40.14944 3.10127 -5.44822
v 40.14944 3.45482 -5.44822
v 40.14944 3.06154 -5.50000
v 40.14944 3.49455 -5.50000
v 40.14944 3.03656 -5.56030
v 40.14944 3.51952 -5.56030
v 40.14944 3.02804 -5.62500
v 40.14944 3.52804 -5.62500
v 40.14944 3.03656 -5.68970
v 40.14944 3.51952 -5.68970
v 40.14944 3.06154 -5.75000
v 40.14944 3.49455 -5.75000
v 40.14944 3.10127 -5.80178
v 40.14944 3.45482 -5.80178
v 40.14944 3.15304 -5.84151
v 40.14944 3.40304 -5.84151
v 40.14944 3.21334 -5.86648
v 40.14944 3.34275 -5.86648
v 40.14944 3.27804 -5.87500
v 40.14944 3.27804 -5.87500
v 40.14944 3.21334 -5.86648
v 40.14944 3.34275 -5.86648
v 40.14944 3.40304 -5.84151
v 40.14944 3.15304 -5.84151
v 40.14944 3.45482 -5.80178
v 40.14944 3.10127 -5.80178
v 40.14944 3.49455 -5.75000
v 40.14944 3.06154 -5.75000
v 40.14944 3.51952 -5.68970
v 40.14944 3.03656 -5.68970
v 40.14944 3.52804 -5.62500
v 40.14944 3.02804 -5.62500
v 40.14944 3.51952 -5.56030
v 40.14944 3.03656 -5.56030
v 40.14944 3.49455 -5.50000
v 40.14944 3.06154 -5.50000
v 40.14944 3.45482 -5.44822
v 40.14944 3.10127 -5.44822
v 40.14944 3.40304 -5.40849
v 40.14944 3.15304 -5.40849
v 40.14944 3.34275 -5.38352
v 40.14944 3.21334 -5.38352
v 40.14944 3.27804 -5.37500
v 40.14944 3.40304 -5.84151
v 40.14944 3.45482 -5.80178
v 40.14944 3.49455 -5.75000
v 40.14944 3.51952 -5.68970
v 40.14944 3.52804 -5.62500
v 40.14944 3.51952 -5.56030
v 40.14944 3.49455 -5.50000
v 40.14944 3.45482 -5.44822
v 40.14944 3.40304 -5.40849
v 40.14944 3.34275 -5.38352
v 40.14944 3.27804 -5.37500
v 40.14944 3.21334 -5.38352
v 40.14944 3.15304 -5.40849
v 40.14944 3.10127 -5.44822
v 40.14944 3.06154 -5.50000
v 40.14944 3.03656 -5.56030
v 40.14944 3.02804 -5.62500
v 40.14944 3.03656 -5.68970
v 40.14944 3.06154 -5.75000
v 40.14944 3.10127 -5.80178
v 40.14944 3.15304 -5.84151
v 40.14944 3.21334 -5.86648
v 40.14944 3.21334 -5.86648
v 37.02444 3.21334 -5.86648
v 40.14944 3.21334 -5.86648
v 37.02444 3.21334 -5.86648
v 37.02444 3.21334 -5.86648
v 37.02444 3.34275 -5.38352
v 37.02444 3.21334 -5.38352
v 37.02444 3.27804 -5.37500
v 37.02444 3.40304 -5.40849
v 37.02444 3.15304 -5.40849
v 37.02444 3.45482 -5.44822
v 37.02444 3.10127 -5.44822
v 37.02444 3.49455 -5.50000
v 37.02444 3.06154 -5.50000
v 37.02444 3.51952 -5.56030
v 37.02444 3.03656 -5.56030
v 37.02444 3.52804 -5.62500
v 37.02444 3.02804 -5.62500
v 37.02444 3.51952 -5.68970
v 37.02444 3.03656 -5.68970
v 37.02444 3.49455 -5.75000
v 37.02444 3.06154 -5.75000
v 37.02444 3.45482 -5.80178
v 37.02444 3.10127 -5.80178
v 37.02444 3.40304 -5.84151
v 37.02444 3.15304 -5.84151
v 37.02444 3.34275 -5.86648
v 37.02444 3.21334 -5.86648
v 37.02444 3.27804 -5.87500
v 37.02444 3.27804 -5.87500
v 37.02444 3.34275 -5.86648
v 37.02444 3.21334 -5.86648
v 37.02444 3.15304 -5.84151
v 37.02444 3.40304 -5.84151
v 37.02444 3.10127 -5.80178
v 37.02444 3.45482 -5.80178
v 37.02444 3.06154 -5.75000
v 37.02444 3.49455 -5.75000
v 37.02444 3.03656 -5.68970
v 37.02444 3.51952 -5.68970
v 37.02444 3.02804 -5.62500
v 37.02444 3.52804 -5.62500
v 37.02444 3.03656 -5.56030
v 37.02444 3.51952 -5.56030
v 37.02444 3.06154 -5.50000
v 37.02444 3.49455 -5.50000
v 37.02444 3.10127 -5.44822
v 37.02444 3.45482 -5.44822
v 37.02444 3.15304 -5.40849
v 37.02444 3.40304 -5.40849
v 37.02444 3.21334 -5.38352
v 37.02444 3.34275 -5.38352
v 37.02444 3.27804 -5.37500
v 37.02444 3.15304 -5.84151
v 37.02444 3.10127 -5.80178
v 37.02444 3.06154 -5.75000
v 37.02444 3.03656 -5.68970
v 37.02444 3.02804 -5.62500
v 37.02444 3.03656 -5.56030
v 37.02444 3.06154 -5.50000
v 37.02444 3.10127 -5.44822
v 37.02444 3.15304 -5.40849
v 37.02444 3.21334 -5.38352
v 37.02444 3.27804 -5.37500
v 37.02444 3.34275 -5.38352
v 37.02444 3.40304 -5.40849
v 37.02444 3.45482 -5.44822
v 37.02444 3.49455 -5.50000
v 37.02444 3.51952 -5.56030
v 37.02444 3.52804 -5.62500
v 37.02444 3.51952 -5.68970
v 37.02444 3.49455 -5.75000
v 37.02444 3.45482 -5.80178
v 37.02444 3.40304 -5.84151
v 37.02444 3.40304 -5.84151
v 40.14944 3.40304 -5.84151
v 40.14944 3.40304 -5.84151
v 37.02444 3.40304 -5.84151
v 37.02444 3.45482 -5.80178
v 40.14944 3.45482 -5.80178
v 40.14944 3.45482 -5.80178
v 37.02444 3.45482 -5.80178
v 40.14944 3.49455 -5.75000
v 37.02444 3.49455 -5.75000
v 40.14944 3.49455 -5.75000
v 37.02444 3.49455 -5.75000
v 40.14944 3.51952 -5.68970
v 37.02444 3.51952 -5.68970
v 40.14944 3.51952 -5.68970
v 37.02444 3.51952 -5.68970
v 40.14944 3.52804 -5.62500
v 37.02444 3.52804 -5.62500
v 40.14944 3.52804 -5.62500
v 37.02444 3.52804 -5.62500
v 40.14944 3.51952 -5.56030
v 37.02444 3.51952 -5.56030
v 40.14944 3.51952 -5.56030
v 37.02444 3.51952 -5.56030
v 40.14944 3.49455 -5.50000
v 37.02444 3.49455 -5.50000
v 40.14944 3.49455 -5.50000
v 37.02444 3.49455 -5.50000
v 40.14944 3.45482 -5.44822
v 37.02444 3.45482 -5.44822
v 40.14944 3.45482 -5.44822
v 37.02444 3.45482 -5.44822
v 37.02444 3.40304 -5.40849
v 40.14944 3.40304 -5.40849
v 37.02444 3.40304 -5.40849
v 40.14944 3.40304 -5.40849
v 37.02444 3.34275 -5.38352
v 40.14944 3.34275 -5.38352
v 37.02444 3.34275 -5.38352
v 40.14944 3.34275 -5.38352
v 37.02444 3.27804 -5.37500
v 40.14944 3.27804 -5.37500
v 37.02444 3.27804 -5.37500
v 40.14944 3.27804 -5.37500
v 37.02444 3.21334 -5.38352
v 40.14944 3.21334 -5.38352
v 37.02444 3.21334 -5.38352
v 40.14944 3.21334 -5.38352
v 37.02444 3.15304 -5.40849
v 40.14944 3.15304 -5.40849
v 37.02444 3.15304 -5.40849
v 40.14944 3.15304 -5.40849
v 37.02444 3.10127 -5.44822
v 40.14944 3.10127 -5.44822
v 37.02444 3.10127 -5.44822
v 40.14944 3.10127 -5.44822
v 40.14944 3.06154 -5.50000
v 37.02444 3.06154 -5.50000
v 40.14944 3.06154 -5.50000
v 37.02444 3.06154 -5.50000
v 40.14944 3.03656 -5.56030
v 37.02444 3.03656 -5.56030
v 40.14944 3.03656 -5.56030
v 37.02444 3.03656 -5.56030
v 40.14944 3.02804 -5.62500
v 37.02444 3.02804 -5.62500
v 40.14944 3.02804 -5.62500
v 37.02444 3.02804 -5.62500
v 40.14944 3.03656 -5.68970
v 37.02444 3.03656 -5.68970
v 40.14944 3.03656 -5.68970
v 37.02444 3.03656 -5.68970
v 40.14944 3.06154 -5.75000
v 37.02444 3.06154 -5.75000
v 40.14944 3.06154 -5.75000
v 37.02444 3.06154 -5.75000
v 40.14944 3.10127 -5.80178
v 37.02444 3.10127 -5.80178
v 40.14944 3.10127 -5.80178
v 37.02444 3.10127 -5.80178
v 37.02444 3.15304 -5.84151
v 40.14944 3.15304 -5.84151
v 40.14944 3.15304 -5.84151
v 37.02444 3.15304 -5.84151
usemtl ID27
f 6631 6632 6633
f 6632 6631 6634
f 6635 6636 6637
f 6638 6637 6636
f 6643 6644 6645
f 6644 6643 6646
f 6644 6646 6647
f 6647 6646 6648
f 6647 6648 6649
f 6649 6648 6650
f 6649 6650 6651
f 6651 6650 6652
f 6651 6652 6653
f 6653 6652 6654
f 6653 6654 6655
f 6655 6654 6656
f 6655 6656 6657
f 6657 6656 6658
f 6657 6658 6659
f 6659 6658 6660
f 6659 6660 6661
f 6661 6660 6662
f 6661 6662 6663
f 6663 6662 6664
f 6663 6664 6665
f 6665 6664 6666
f 6667 6668 6669
f 6669 6668 6670
f 6668 6671 6670
f 6670 6671 6672
f 6671 6673 6672
f 6672 6673 6674
f 6673 6675 6674
f 6674 6675 6676
f 6675 6677 6676
f 6676 6677 6678
f 6677 6679 6678
f 6678 6679 6680
f 6679 6681 6680
f 6680 6681 6682
f 6681 6683 6682
f 6682 6683 6684
f 6683 6685 6684
f 6684 6685 6686
f 6685 6687 6686
f 6686 6687 6688
f 6687 6689 6688
f 6690 6688 6689
f 6633 6713 6714
f 6713 6633 6632
f 6637 6638 6715
f 6716 6715 6638
f 6718 6719 6720
f 6719 6718 6721
f 6719 6721 6722
f 6722 6721 6723
f 6722 6723 6724
f 6724 6723 6725
f 6724 6725 6726
f 6726 6725 6727
f 6726 6727 6728
f 6728 6727 6729
f 6728 6729 6730
f 6730 6729 6731
f 6730 6731 6732
f 6732 6731 6733
f 6732 6733 6734
f 6734 6733 6735
f 6734 6735 6736
f 6736 6735 6737
f 6736 6737 6738
f 6738 6737 6739
f 6738 6739 6740
f 6740 6739 6741
f 6742 6743 6744
f 6744 6743 6745
f 6743 6746 6745
f 6745 6746 6747
f 6746 6748 6747
f 6747 6748 6749
f 6748 6750 6749
f 6749 6750 6751
f 6750 6752 6751
f 6751 6752 6753
f 6752 6754 6753
f 6753 6754 6755
f 6754 6756 6755
f 6755 6756 6757
f 6756 6758 6757
f 6757 6758 6759
f 6758 6760 6759
f 6759 6760 6761
f 6760 6762 6761
f 6761 6762 6763
f 6762 6764 6763
f 6765 6763 6764
f 6787 6634 6631
f 6634 6787 6788
f 6789 6790 6635
f 6636 6635 6790
f 6791 6788 6787
f 6788 6791 6792
f 6793 6794 6789
f 6790 6789 6794
f 6795 6791 6796
f 6791 6795 6792
f 6793 6797 6794
f 6798 6794 6797
f 6799 6796 6800
f 6796 6799 6795
f 6797 6801 6798
f 6802 6798 6801
f 6803 6800 6804
f 6800 6803 6799
f 6801 6805 6802
f 6806 6802 6805
f 6807 6804 6808
f 6804 6807 6803
f 6805 6809 6806
f 6810 6806 6809
f 6811 6808 6812
f 6808 6811 6807
f 6809 6813 6810
f 6814 6810 6813
f 6815 6812 6816
f 6812 6815 6811
f 6813 6817 6814
f 6818 6814 6817
f 6815 6819 6820
f 6819 6815 6816
f 6818 6817 6821
f 6822 6821 6817
f 6820 6823 6824
f 6823 6820 6819
f 6821 6822 6825
f 6826 6825 6822
f 6824 6827 6828
f 6827 6824 6823
f 6825 6826 6829
f 6830 6829 6826
f 6828 6831 6832
f 6831 6828 6827
f 6829 6830 6833
f 6834 6833 6830
f 6832 6835 6836
f 6835 6832 6831
f 6833 6834 6837
f 6838 6837 6834
f 6836 6839 6840
f 6839 6836 6835
f 6837 6838 6841
f 6842 6841 6838
f 6843 6839 6844
f 6839 6843 6840
f 6842 6845 6841
f 6846 6841 6845
f 6847 6844 6848
f 6844 6847 6843
f 6845 6849 6846
f 6850 6846 6849
f 6851 6848 6852
f 6848 6851 6847
f 6849 6853 6850
f 6854 6850 6853
f 6855 6852 6856
f 6852 6855 6851
f 6853 6857 6854
f 6858 6854 6857
f 6859 6856 6860
f 6856 6859 6855
f 6857 6861 6858
f 6862 6858 6861
f 6863 6860 6864
f 6860 6863 6859
f 6861 6865 6862
f 6866 6862 6865
f 6867 6863 6864
f 6863 6867 6868
f 6869 6870 6865
f 6866 6865 6870
f 6714 6868 6867
f 6868 6714 6713
f 6715 6716 6869
f 6870 6869 6716
o Treadle_Treadle_Beam_1
v 40.08694 1.32036 -11.93750
v 40.08694 1.32036 -13.56250
v 40.08694 29.55380 -11.93750
v 40.08694 29.55380 -13.56250
v 40.08694 1.32036 -13.56250
v 40.08694 29.55380 -11.93750
v 40.08694 29.55380 -13.56250
v 40.08694 1.32036 -11.93750
v 40.08694 29.55380 -11.93750
v 40.08694 29.55380 -13.56250
v 40.08694 1.32036 -13.56250
v 40.08694 1.32036 -11.93750
v 39.90373 30.04801 -11.93750
v 39.90373 30.04801 -13.56250
v 39.90373 30.04801 -13.56250
v 39.90373 30.04801 -11.93750
v 39.90373 30.04801 -11.93750
v 39.90373 30.04801 -13.56250
v 39.18946 23.15023 -13.56250
v 39.06005 23.13319 -13.56250
v 37.08694 29.55380 -13.56250
v 38.93946 23.08324 -13.56250
v 38.83590 23.00378 -13.56250
v 38.75644 22.90023 -13.56250
v 38.70649 22.77964 -13.56250
v 38.68946 22.65023 -13.56250
v 38.70649 22.52082 -13.56250
v 39.18946 22.15023 -13.56250
v 38.08694 4.32036 -13.56250
v 39.06005 22.16727 -13.56250
v 38.93946 22.21722 -13.56250
v 38.83590 22.29668 -13.56250
v 38.75644 22.40023 -13.56250
v 38.08694 1.32036 -13.56250
v 37.08694 1.32036 -13.56250
v 38.58694 30.80380 -13.56250
v 39.10609 30.71271 -13.56250
v 38.06779 30.71271 -13.56250
v 39.56322 30.45034 -13.56250
v 37.61066 30.45034 -13.56250
v 37.27015 30.04801 -13.56250
v 39.90373 30.04801 -13.56250
v 40.08694 29.55380 -13.56250
v 39.31887 23.13319 -13.56250
v 39.43946 23.08324 -13.56250
v 39.54301 23.00378 -13.56250
v 39.62247 22.90023 -13.56250
v 39.67242 22.77964 -13.56250
v 39.68946 22.65023 -13.56250
v 39.31887 22.16727 -13.56250
v 39.43946 22.21722 -13.56250
v 39.54301 22.29668 -13.56250
v 39.62247 22.40023 -13.56250
v 39.67242 22.52082 -13.56250
v 39.08694 4.32036 -13.56250
v 39.08694 1.32036 -13.56250
v 40.08694 1.32036 -13.56250
v 40.08694 29.55380 -13.56250
v 39.08694 1.32036 -13.56250
v 40.08694 1.32036 -13.56250
v 39.08694 4.32036 -13.56250
v 39.68946 22.65023 -13.56250
v 38.08694 4.32036 -13.56250
v 39.67242 22.52082 -13.56250
v 39.62247 22.40023 -13.56250
v 39.54301 22.29668 -13.56250
v 39.43946 22.21722 -13.56250
v 39.31887 22.16727 -13.56250
v 39.18946 22.15023 -13.56250
v 39.67242 22.77964 -13.56250
v 39.62247 22.90023 -13.56250
v 39.54301 23.00378 -13.56250
v 39.43946 23.08324 -13.56250
v 39.31887 23.13319 -13.56250
v 39.18946 23.15023 -13.56250
v 37.08694 29.55380 -13.56250
v 37.27015 30.04801 -13.56250
v 39.90373 30.04801 -13.56250
v 39.56322 30.45034 -13.56250
v 37.61066 30.45034 -13.56250
v 38.06779 30.71271 -13.56250
v 39.10609 30.71271 -13.56250
v 38.58694 30.80380 -13.56250
v 38.08694 1.32036 -13.56250
v 37.08694 1.32036 -13.56250
v 38.70649 22.52082 -13.56250
v 38.75644 22.40023 -13.56250
v 38.83590 22.29668 -13.56250
v 38.93946 22.21722 -13.56250
v 39.06005 22.16727 -13.56250
v 38.68946 22.65023 -13.56250
v 38.70649 22.77964 -13.56250
v 38.75644 22.90023 -13.56250
v 38.83590 23.00378 -13.56250
v 38.93946 23.08324 -13.56250
v 39.06005 23.13319 -13.56250
v 37.08694 1.32036 -13.56250
v 38.08694 1.32036 -13.56250
v 38.08694 4.32036 -13.56250
v 39.08694 4.32036 -13.56250
v 39.08694 1.32036 -13.56250
v 39.56322 30.45034 -13.56250
v 39.10609 30.71271 -13.56250
v 38.58694 30.80380 -13.56250
v 38.06779 30.71271 -13.56250
v 37.61066 30.45034 -13.56250
v 37.27015 30.04801 -13.56250
v 37.08694 29.55380 -13.56250
v 39.18946 23.15023 -13.56250
v 39.06005 23.13319 -13.56250
v 39.31887 23.13319 -13.56250
v 39.43946 23.08324 -13.56250
v 39.54301 23.00378 -13.56250
v 39.62247 22.90023 -13.56250
v 39.67242 22.77964 -13.56250
v 39.68946 22.65023 -13.56250
v 39.67242 22.52082 -13.56250
v 39.62247 22.40023 -13.56250
v 39.54301 22.29668 -13.56250
v 39.43946 22.21722 -13.56250
v 39.31887 22.16727 -13.56250
v 39.18946 22.15023 -13.56250
v 39.06005 22.16727 -13.56250
v 38.93946 22.21722 -13.56250
v 38.83590 22.29668 -13.56250
v 38.75644 22.40023 -13.56250
v 38.70649 22.52082 -13.56250
v 38.68946 22.65023 -13.56250
v 38.70649 22.77964 -13.56250
v 38.75644 22.90023 -13.56250
v 38.83590 23.00378 -13.56250
v 38.93946 23.08324 -13.56250
v 40.08694 1.32036 -13.56250
v 40.08694 1.32036 -11.93750
v 39.08694 1.32036 -13.56250
v 39.08694 1.32036 -11.93750
v 40.08694 1.32036 -11.93750
v 39.08694 1.32036 -13.56250
v 39.08694 1.32036 -11.93750
v 40.08694 1.32036 -13.56250
v 39.08694 1.32036 -11.93750
v 38.58694 30.80380 -11.93750
v 38.06779 30.71271 -11.93750
v 39.10609 30.71271 -11.93750
v 39.56322 30.45034 -11.93750
v 37.61066 30.45034 -11.93750
v 37.27015 30.04801 -11.93750
v 39.90373 30.04801 -11.93750
v 40.08694 29.55380 -11.93750
v 37.08694 29.55380 -11.93750
v 39.08694 4.32036 -11.93750
v 39.08694 1.32036 -11.93750
v 40.08694 1.32036 -11.93750
v 38.08694 4.32036 -11.93750
v 38.08694 1.32036 -11.93750
v 37.08694 1.32036 -11.93750
v 37.08694 29.55380 -11.93750
v 38.08694 1.32036 -11.93750
v 37.08694 1.32036 -11.93750
v 38.08694 4.32036 -11.93750
v 39.08694 4.32036 -11.93750
v 39.08694 1.32036 -11.93750
v 40.08694 29.55380 -11.93750
v 40.08694 1.32036 -11.93750
v 37.27015 30.04801 -11.93750
v 39.90373 30.04801 -11.93750
v 39.56322 30.45034 -11.93750
v 37.61066 30.45034 -11.93750
v 38.06779 30.71271 -11.93750
v 39.10609 30.71271 -11.93750
v 38.58694 30.80380 -11.93750
v 39.08694 4.32036 -11.93750
v 38.08694 4.32036 -11.93750
v 38.08694 1.32036 -11.93750
v 37.08694 1.32036 -11.93750
v 37.08694 29.55380 -11.93750
v 37.27015 30.04801 -11.93750
v 37.61066 30.45034 -11.93750
v 38.06779 30.71271 -11.93750
v 38.58694 30.80380 -11.93750
v 39.10609 30.71271 -11.93750
v 39.56322 30.45034 -11.93750
v 39.56322 30.45034 -11.93750
v 39.56322 30.45034 -13.56250
v 39.56322 30.45034 -13.56250
v 39.56322 30.45034 -11.93750
v 38.08694 1.32036 -11.93750
v 37.08694 1.32036 -11.93750
v 38.08694 1.32036 -13.56250
v 37.08694 1.32036 -13.56250
v 37.08694 1.32036 -11.93750
v 38.08694 1.32036 -13.56250
v 37.08694 1.32036 -13.56250
v 38.08694 1.32036 -11.93750
v 38.08694 1.32036 -11.93750
v 38.08694 1.32036 -13.56250
v 38.08694 4.32036 -11.93750
v 38.08694 4.32036 -13.56250
v 38.08694 1.32036 -13.56250
v 38.08694 4.32036 -11.93750
v 38.08694 4.32036 -13.56250
v 38.08694 1.32036 -11.93750
v 39.08694 4.32036 -13.56250
v 39.08694 4.32036 -11.93750
v 38.08694 4.32036 -13.56250
v 38.08694 4.32036 -11.93750
v 39.08694 4.32036 -11.93750
v 38.08694 4.32036 -13.56250
v 38.08694 4.32036 -11.93750
v 39.08694 4.32036 -13.56250
v 39.08694 1.32036 -11.93750
v 39.08694 4.32036 -11.93750
v 39.08694 1.32036 -13.56250
v 39.08694 4.32036 -13.56250
v 39.08694 4.32036 -11.93750
v 39.08694 1.32036 -13.56250
v 39.08694 4.32036 -13.56250
v 39.08694 1.32036 -11.93750
v 39.10609 30.71271 -11.93750
v 39.10609 30.71271 -13.56250
v 39.10609 30.71271 -11.93750
v 39.10609 30.71271 -13.56250
v 38.58694 30.80380 -11.93750
v 38.58694 30.80380 -13.56250
v 38.58694 30.80380 -11.93750
v 38.58694 30.80380 -13.56250
v 38.06779 30.71271 -11.93750
v 38.06779 30.71271 -13.56250
v 38.06779 30.71271 -11.93750
v 38.06779 30.71271 -13.56250
v 37.61066 30.45034 -11.93750
v 37.61066 30.45034 -13.56250
v 37.61066 30.45034 -11.93750
v 37.61066 30.45034 -13.56250
v 37.27015 30.04801 -11.93750
v 37.27015 30.04801 -13.56250
v 37.27015 30.04801 -11.93750
v 37.27015 30.04801 -13.56250
v 37.08694 29.55380 -11.93750
v 37.08694 29.55380 -13.56250
v 37.08694 29.55380 -13.56250
v 37.08694 29.55380 -11.93750
v 37.08694 1.32036 -11.93750
v 37.08694 1.32036 -13.56250
v 37.08694 1.32036 -13.56250
v 37.08694 1.32036 -11.93750
usemtl ID27
f 6871 6872 6873
f 6874 6873 6872
f 6875 6876 6877
f 6876 6875 6878
f 6883 6873 6884
f 6874 6884 6873
f 6876 6885 6877
f 6885 6876 6886
f 6889 6890 6891
f 6890 6892 6891
f 6892 6893 6891
f 6893 6894 6891
f 6894 6895 6891
f 6895 6896 6891
f 6896 6897 6891
f 6898 6899 6900
f 6900 6899 6901
f 6901 6899 6902
f 6902 6899 6903
f 6903 6899 6897
f 6897 6899 6891
f 6899 6904 6891
f 6905 6891 6904
f 6906 6907 6908
f 6907 6909 6908
f 6908 6909 6910
f 6910 6909 6911
f 6909 6912 6911
f 6912 6913 6911
f 6911 6913 6891
f 6891 6913 6889
f 6889 6913 6914
f 6914 6913 6915
f 6915 6913 6916
f 6916 6913 6917
f 6917 6913 6918
f 6918 6913 6919
f 6898 6920 6899
f 6920 6921 6899
f 6921 6922 6899
f 6922 6923 6899
f 6923 6924 6899
f 6924 6919 6899
f 6899 6919 6925
f 6919 6913 6925
f 6925 6913 6926
f 6927 6926 6913
f 6928 6929 6930
f 6929 6928 6931
f 6931 6928 6932
f 6931 6932 6933
f 6933 6932 6934
f 6933 6934 6935
f 6933 6935 6936
f 6933 6936 6937
f 6933 6937 6938
f 6933 6938 6939
f 6932 6928 6940
f 6940 6928 6941
f 6941 6928 6942
f 6942 6928 6943
f 6943 6928 6944
f 6944 6928 6945
f 6945 6928 6946
f 6946 6928 6947
f 6947 6928 6948
f 6947 6948 6949
f 6947 6949 6950
f 6950 6949 6951
f 6951 6949 6952
f 6951 6952 6953
f 6954 6946 6955
f 6946 6954 6933
f 6946 6933 6956
f 6956 6933 6957
f 6957 6933 6958
f 6958 6933 6959
f 6959 6933 6960
f 6960 6933 6939
f 6946 6956 6961
f 6946 6961 6962
f 6946 6962 6963
f 6946 6963 6964
f 6946 6964 6965
f 6946 6965 6966
f 6946 6966 6945
f 7003 7004 7005
f 7006 7005 7004
f 7007 7008 7009
f 7008 7007 7010
f 7012 7013 7014
f 7014 7013 7015
f 7013 7016 7015
f 7016 7017 7015
f 7015 7017 7018
f 7018 7017 7019
f 7017 7020 7019
f 7020 7021 7019
f 7021 7022 7019
f 7023 7019 7022
f 7021 7020 7024
f 7024 7020 7025
f 7026 7025 7020
f 7027 7028 7029
f 7028 7027 7030
f 7030 7027 7031
f 7032 7033 7034
f 7033 7032 7031
f 7033 7031 7027
f 7033 7027 7035
f 7033 7035 7036
f 7036 7035 7037
f 7037 7035 7038
f 7037 7038 7039
f 7037 7039 7040
f 7040 7039 7041
f 7053 6883 7054
f 6884 7054 6883
f 6886 7055 6885
f 7055 6886 7056
f 7057 7058 7059
f 7060 7059 7058
f 7061 7062 7063
f 7062 7061 7064
f 7065 7066 7067
f 7068 7067 7066
f 7069 7070 7071
f 7070 7069 7072
f 7073 7074 7075
f 7076 7075 7074
f 7077 7078 7079
f 7078 7077 7080
f 7081 7082 7083
f 7084 7083 7082
f 7085 7086 7087
f 7086 7085 7088
f 7053 7054 7089
f 7090 7089 7054
f 7055 7091 7092
f 7091 7055 7056
f 7089 7090 7093
f 7094 7093 7090
f 7092 7095 7096
f 7095 7092 7091
f 7093 7094 7097
f 7098 7097 7094
f 7096 7099 7100
f 7099 7096 7095
f 7097 7098 7101
f 7102 7101 7098
f 7100 7103 7104
f 7103 7100 7099
f 7101 7102 7105
f 7106 7105 7102
f 7104 7107 7108
f 7107 7104 7103
f 7109 7105 7110
f 7106 7110 7105
f 7107 7111 7108
f 7111 7107 7112
f 7113 7109 7114
f 7110 7114 7109
f 7112 7115 7111
f 7115 7112 7116
o Treadle_Treadle_Beam_Treadle_Dowel_1
v 40.14944 3.34275 -12.50852
v 37.02444 3.34275 -12.50852
v 40.14944 3.27804 -12.50000
v 37.02444 3.27804 -12.50000
v 37.02444 3.34275 -12.50852
v 40.14944 3.27804 -12.50000
v 37.02444 3.27804 -12.50000
v 40.14944 3.34275 -12.50852
v 40.14944 3.27804 -12.50000
v 40.14944 3.34275 -12.50852
v 37.02444 3.27804 -12.50000
v 37.02444 3.34275 -12.50852
v 40.14944 3.27804 -12.50000
v 40.14944 3.21334 -12.50852
v 40.14944 3.34275 -12.50852
v 40.14944 3.40304 -12.53349
v 40.14944 3.15304 -12.53349
v 40.14944 3.45482 -12.57322
v 40.14944 3.10127 -12.57322
v 40.14944 3.49455 -12.62500
v 40.14944 3.06154 -12.62500
v 40.14944 3.51952 -12.68530
v 40.14944 3.03656 -12.68530
v 40.14944 3.52804 -12.75000
v 40.14944 3.02804 -12.75000
v 40.14944 3.51952 -12.81470
v 40.14944 3.03656 -12.81470
v 40.14944 3.49455 -12.87500
v 40.14944 3.06154 -12.87500
v 40.14944 3.45482 -12.92678
v 40.14944 3.10127 -12.92678
v 40.14944 3.40304 -12.96651
v 40.14944 3.15304 -12.96651
v 40.14944 3.34275 -12.99148
v 40.14944 3.21334 -12.99148
v 40.14944 3.27804 -13.00000
v 40.14944 3.21334 -12.99148
v 40.14944 3.34275 -12.99148
v 40.14944 3.27804 -13.00000
v 40.14944 3.15304 -12.96651
v 40.14944 3.40304 -12.96651
v 40.14944 3.10127 -12.92678
v 40.14944 3.45482 -12.92678
v 40.14944 3.06154 -12.87500
v 40.14944 3.49455 -12.87500
v 40.14944 3.03656 -12.81470
v 40.14944 3.51952 -12.81470
v 40.14944 3.02804 -12.75000
v 40.14944 3.52804 -12.75000
v 40.14944 3.03656 -12.68530
v 40.14944 3.51952 -12.68530
v 40.14944 3.06154 -12.62500
v 40.14944 3.49455 -12.62500
v 40.14944 3.10127 -12.57322
v 40.14944 3.45482 -12.57322
v 40.14944 3.15304 -12.53349
v 40.14944 3.40304 -12.53349
v 40.14944 3.21334 -12.50852
v 40.14944 3.34275 -12.50852
v 40.14944 3.27804 -12.50000
v 40.14944 3.40304 -12.53349
v 40.14944 3.45482 -12.57322
v 40.14944 3.49455 -12.62500
v 40.14944 3.51952 -12.68530
v 40.14944 3.52804 -12.75000
v 40.14944 3.51952 -12.81470
v 40.14944 3.49455 -12.87500
v 40.14944 3.45482 -12.92678
v 40.14944 3.40304 -12.96651
v 40.14944 3.34275 -12.99148
v 40.14944 3.27804 -13.00000
v 40.14944 3.21334 -12.99148
v 40.14944 3.15304 -12.96651
v 40.14944 3.10127 -12.92678
v 40.14944 3.06154 -12.87500
v 40.14944 3.03656 -12.81470
v 40.14944 3.02804 -12.75000
v 40.14944 3.03656 -12.68530
v 40.14944 3.06154 -12.62500
v 40.14944 3.10127 -12.57322
v 40.14944 3.15304 -12.53349
v 40.14944 3.21334 -12.50852
v 40.14944 3.21334 -12.50852
v 37.02444 3.21334 -12.50852
v 40.14944 3.21334 -12.50852
v 37.02444 3.21334 -12.50852
v 37.02444 3.21334 -12.50852
v 37.02444 3.27804 -12.50000
v 37.02444 3.34275 -12.50852
v 37.02444 3.21334 -12.50852
v 37.02444 3.15304 -12.53349
v 37.02444 3.40304 -12.53349
v 37.02444 3.10127 -12.57322
v 37.02444 3.45482 -12.57322
v 37.02444 3.06154 -12.62500
v 37.02444 3.49455 -12.62500
v 37.02444 3.03656 -12.68530
v 37.02444 3.51952 -12.68530
v 37.02444 3.02804 -12.75000
v 37.02444 3.52804 -12.75000
v 37.02444 3.03656 -12.81470
v 37.02444 3.51952 -12.81470
v 37.02444 3.06154 -12.87500
v 37.02444 3.49455 -12.87500
v 37.02444 3.10127 -12.92678
v 37.02444 3.45482 -12.92678
v 37.02444 3.15304 -12.96651
v 37.02444 3.40304 -12.96651
v 37.02444 3.21334 -12.99148
v 37.02444 3.34275 -12.99148
v 37.02444 3.27804 -13.00000
v 37.02444 3.34275 -12.99148
v 37.02444 3.21334 -12.99148
v 37.02444 3.27804 -13.00000
v 37.02444 3.40304 -12.96651
v 37.02444 3.15304 -12.96651
v 37.02444 3.45482 -12.92678
v 37.02444 3.10127 -12.92678
v 37.02444 3.49455 -12.87500
v 37.02444 3.06154 -12.87500
v 37.02444 3.51952 -12.81470
v 37.02444 3.03656 -12.81470
v 37.02444 3.52804 -12.75000
v 37.02444 3.02804 -12.75000
v 37.02444 3.51952 -12.68530
v 37.02444 3.03656 -12.68530
v 37.02444 3.49455 -12.62500
v 37.02444 3.06154 -12.62500
v 37.02444 3.45482 -12.57322
v 37.02444 3.10127 -12.57322
v 37.02444 3.40304 -12.53349
v 37.02444 3.15304 -12.53349
v 37.02444 3.34275 -12.50852
v 37.02444 3.21334 -12.50852
v 37.02444 3.27804 -12.50000
v 37.02444 3.15304 -12.53349
v 37.02444 3.10127 -12.57322
v 37.02444 3.06154 -12.62500
v 37.02444 3.03656 -12.68530
v 37.02444 3.02804 -12.75000
v 37.02444 3.03656 -12.81470
v 37.02444 3.06154 -12.87500
v 37.02444 3.10127 -12.92678
v 37.02444 3.15304 -12.96651
v 37.02444 3.21334 -12.99148
v 37.02444 3.27804 -13.00000
v 37.02444 3.34275 -12.99148
v 37.02444 3.40304 -12.96651
v 37.02444 3.45482 -12.92678
v 37.02444 3.49455 -12.87500
v 37.02444 3.51952 -12.81470
v 37.02444 3.52804 -12.75000
v 37.02444 3.51952 -12.68530
v 37.02444 3.49455 -12.62500
v 37.02444 3.45482 -12.57322
v 37.02444 3.40304 -12.53349
v 40.14944 3.40304 -12.53349
v 37.02444 3.40304 -12.53349
v 37.02444 3.40304 -12.53349
v 40.14944 3.40304 -12.53349
v 40.14944 3.45482 -12.57322
v 37.02444 3.45482 -12.57322
v 37.02444 3.45482 -12.57322
v 40.14944 3.45482 -12.57322
v 40.14944 3.49455 -12.62500
v 37.02444 3.49455 -12.62500
v 40.14944 3.49455 -12.62500
v 37.02444 3.49455 -12.62500
v 40.14944 3.51952 -12.68530
v 37.02444 3.51952 -12.68530
v 40.14944 3.51952 -12.68530
v 37.02444 3.51952 -12.68530
v 40.14944 3.52804 -12.75000
v 37.02444 3.52804 -12.75000
v 40.14944 3.52804 -12.75000
v 37.02444 3.52804 -12.75000
v 40.14944 3.51952 -12.81470
v 37.02444 3.51952 -12.81470
v 40.14944 3.51952 -12.81470
v 37.02444 3.51952 -12.81470
v 40.14944 3.49455 -12.87500
v 37.02444 3.49455 -12.87500
v 40.14944 3.49455 -12.87500
v 37.02444 3.49455 -12.87500
v 40.14944 3.45482 -12.92678
v 37.02444 3.45482 -12.92678
v 40.14944 3.45482 -12.92678
v 37.02444 3.45482 -12.92678
v 37.02444 3.40304 -12.96651
v 40.14944 3.40304 -12.96651
v 37.02444 3.40304 -12.96651
v 40.14944 3.40304 -12.96651
v 37.02444 3.34275 -12.99148
v 40.14944 3.34275 -12.99148
v 37.02444 3.34275 -12.99148
v 40.14944 3.34275 -12.99148
v 37.02444 3.27804 -13.00000
v 40.14944 3.27804 -13.00000
v 37.02444 3.27804 -13.00000
v 40.14944 3.27804 -13.00000
v 37.02444 3.21334 -12.99148
v 40.14944 3.21334 -12.99148
v 37.02444 3.21334 -12.99148
v 40.14944 3.21334 -12.99148
v 37.02444 3.15304 -12.96651
v 40.14944 3.15304 -12.96651
v 37.02444 3.15304 -12.96651
v 40.14944 3.15304 -12.96651
v 37.02444 3.10127 -12.92678
v 40.14944 3.10127 -12.92678
v 37.02444 3.10127 -12.92678
v 40.14944 3.10127 -12.92678
v 40.14944 3.06154 -12.87500
v 37.02444 3.06154 -12.87500
v 40.14944 3.06154 -12.87500
v 37.02444 3.06154 -12.87500
v 40.14944 3.03656 -12.81470
v 37.02444 3.03656 -12.81470
v 40.14944 3.03656 -12.81470
v 37.02444 3.03656 -12.81470
v 40.14944 3.02804 -12.75000
v 37.02444 3.02804 -12.75000
v 40.14944 3.02804 -12.75000
v 37.02444 3.02804 -12.75000
v 40.14944 3.03656 -12.68530
v 37.02444 3.03656 -12.68530
v 40.14944 3.03656 -12.68530
v 37.02444 3.03656 -12.68530
v 40.14944 3.06154 -12.62500
v 37.02444 3.06154 -12.62500
v 40.14944 3.06154 -12.62500
v 37.02444 3.06154 -12.62500
v 40.14944 3.10127 -12.57322
v 37.02444 3.10127 -12.57322
v 40.14944 3.10127 -12.57322
v 37.02444 3.10127 -12.57322
v 40.14944 3.15304 -12.53349
v 37.02444 3.15304 -12.53349
v 37.02444 3.15304 -12.53349
v 40.14944 3.15304 -12.53349
usemtl ID27
f 7117 7118 7119
f 7120 7119 7118
f 7121 7122 7123
f 7122 7121 7124
f 7129 7130 7131
f 7131 7130 7132
f 7130 7133 7132
f 7132 7133 7134
f 7133 7135 7134
f 7134 7135 7136
f 7135 7137 7136
f 7136 7137 7138
f 7137 7139 7138
f 7138 7139 7140
f 7139 7141 7140
f 7140 7141 7142
f 7141 7143 7142
f 7142 7143 7144
f 7143 7145 7144
f 7144 7145 7146
f 7145 7147 7146
f 7146 7147 7148
f 7147 7149 7148
f 7148 7149 7150
f 7149 7151 7150
f 7152 7150 7151
f 7153 7154 7155
f 7154 7153 7156
f 7154 7156 7157
f 7157 7156 7158
f 7157 7158 7159
f 7159 7158 7160
f 7159 7160 7161
f 7161 7160 7162
f 7161 7162 7163
f 7163 7162 7164
f 7163 7164 7165
f 7165 7164 7166
f 7165 7166 7167
f 7167 7166 7168
f 7167 7168 7169
f 7169 7168 7170
f 7169 7170 7171
f 7171 7170 7172
f 7171 7172 7173
f 7173 7172 7174
f 7173 7174 7175
f 7175 7174 7176
f 7119 7120 7199
f 7200 7199 7120
f 7123 7201 7202
f 7201 7123 7122
f 7204 7205 7206
f 7206 7205 7207
f 7205 7208 7207
f 7207 7208 7209
f 7208 7210 7209
f 7209 7210 7211
f 7210 7212 7211
f 7211 7212 7213
f 7212 7214 7213
f 7213 7214 7215
f 7214 7216 7215
f 7215 7216 7217
f 7216 7218 7217
f 7217 7218 7219
f 7218 7220 7219
f 7219 7220 7221
f 7220 7222 7221
f 7221 7222 7223
f 7222 7224 7223
f 7223 7224 7225
f 7224 7226 7225
f 7227 7225 7226
f 7228 7229 7230
f 7229 7228 7231
f 7229 7231 7232
f 7232 7231 7233
f 7232 7233 7234
f 7234 7233 7235
f 7234 7235 7236
f 7236 7235 7237
f 7236 7237 7238
f 7238 7237 7239
f 7238 7239 7240
f 7240 7239 7241
f 7240 7241 7242
f 7242 7241 7243
f 7242 7243 7244
f 7244 7243 7245
f 7244 7245 7246
f 7246 7245 7247
f 7246 7247 7248
f 7248 7247 7249
f 7248 7249 7250
f 7250 7249 7251
f 7273 7274 7117
f 7118 7117 7274
f 7275 7124 7121
f 7124 7275 7276
f 7277 7278 7273
f 7274 7273 7278
f 7279 7276 7275
f 7276 7279 7280
f 7277 7281 7278
f 7282 7278 7281
f 7283 7279 7284
f 7279 7283 7280
f 7281 7285 7282
f 7286 7282 7285
f 7287 7284 7288
f 7284 7287 7283
f 7285 7289 7286
f 7290 7286 7289
f 7291 7288 7292
f 7288 7291 7287
f 7289 7293 7290
f 7294 7290 7293
f 7295 7292 7296
f 7292 7295 7291
f 7293 7297 7294
f 7298 7294 7297
f 7299 7296 7300
f 7296 7299 7295
f 7297 7301 7298
f 7302 7298 7301
f 7303 7300 7304
f 7300 7303 7299
f 7302 7301 7305
f 7306 7305 7301
f 7303 7307 7308
f 7307 7303 7304
f 7305 7306 7309
f 7310 7309 7306
f 7308 7311 7312
f 7311 7308 7307
f 7309 7310 7313
f 7314 7313 7310
f 7312 7315 7316
f 7315 7312 7311
f 7313 7314 7317
f 7318 7317 7314
f 7316 7319 7320
f 7319 7316 7315
f 7317 7318 7321
f 7322 7321 7318
f 7320 7323 7324
f 7323 7320 7319
f 7321 7322 7325
f 7326 7325 7322
f 7324 7327 7328
f 7327 7324 7323
f 7326 7329 7325
f 7330 7325 7329
f 7331 7327 7332
f 7327 7331 7328
f 7329 7333 7330
f 7334 7330 7333
f 7335 7332 7336
f 7332 7335 7331
f 7333 7337 7334
f 7338 7334 7337
f 7339 7336 7340
f 7336 7339 7335
f 7337 7341 7338
f 7342 7338 7341
f 7343 7340 7344
f 7340 7343 7339
f 7341 7345 7342
f 7346 7342 7345
f 7347 7344 7348
f 7344 7347 7343
f 7345 7349 7346
f 7350 7346 7349
f 7351 7348 7352
f 7348 7351 7347
f 7353 7354 7349
f 7350 7349 7354
f 7355 7351 7352
f 7351 7355 7356
f 7199 7200 7353
f 7354 7353 7200
f 7202 7356 7355
f 7356 7202 7201
o Treadle_Treadle_Foot_Peg
v 39.08694 1.32036 -17.56250
v 39.08694 4.32036 -0.81250
v 39.08694 1.32036 -0.81250
v 39.08694 4.32036 -17.56250
v 39.08694 4.32036 -17.56250
v 39.08694 1.32036 -17.56250
v 39.08694 4.32036 -0.81250
v 39.08694 1.32036 -0.81250
v 39.08694 1.32036 -17.56250
v 39.08694 4.32036 -17.56250
v 39.08694 4.32036 -0.81250
v 39.08694 1.32036 -0.81250
v 38.08694 4.32036 -17.56250
v 39.08694 1.32036 -17.56250
v 38.08694 1.32036 -17.56250
v 39.08694 4.32036 -17.56250
v 39.08694 4.32036 -17.56250
v 38.08694 4.32036 -17.56250
v 39.08694 1.32036 -17.56250
v 38.08694 1.32036 -17.56250
v 38.08694 4.32036 -17.56250
v 38.08694 1.32036 -17.56250
v 39.08694 4.32036 -0.81250
v 38.08694 4.32036 -17.56250
v 38.08694 4.32036 -0.81250
v 39.08694 4.32036 -17.56250
v 39.08694 4.32036 -17.56250
v 39.08694 4.32036 -0.81250
v 38.08694 4.32036 -17.56250
v 38.08694 4.32036 -0.81250
v 38.08694 4.32036 -0.81250
v 39.08694 4.32036 -0.81250
v 38.08694 1.32036 -0.81250
v 39.08694 1.32036 -0.81250
v 38.08694 4.32036 -0.81250
v 38.08694 4.32036 -0.81250
v 39.08694 4.32036 -0.81250
v 38.08694 1.32036 -0.81250
v 39.08694 1.32036 -0.81250
v 38.08694 1.32036 -0.81250
v 39.08694 1.32036 -17.56250
v 38.08694 1.32036 -0.81250
v 38.08694 1.32036 -17.56250
v 39.08694 1.32036 -0.81250
v 39.08694 1.32036 -0.81250
v 39.08694 1.32036 -17.56250
v 38.08694 1.32036 -0.81250
v 38.08694 1.32036 -17.56250
v 38.08694 4.32036 -17.56250
v 38.08694 1.32036 -0.81250
v 38.08694 4.32036 -0.81250
v 38.08694 1.32036 -17.56250
v 38.08694 1.32036 -17.56250
v 38.08694 4.32036 -17.56250
v 38.08694 1.32036 -0.81250
v 38.08694 4.32036 -0.81250
usemtl ID27
f 7357 7358 7359
f 7358 7357 7360
f 7361 7362 7363
f 7364 7363 7362
f 7369 7370 7371
f 7370 7369 7372
f 7373 7374 7375
f 7376 7375 7374
f 7379 7380 7381
f 7380 7379 7382
f 7383 7384 7385
f 7386 7385 7384
f 7388 7389 7390
f 7389 7388 7391
f 7392 7393 7394
f 7395 7394 7393
f 7397 7398 7399
f 7398 7397 7400
f 7401 7402 7403
f 7404 7403 7402
f 7405 7406 7407
f 7406 7405 7408
f 7409 7410 7411
f 7412 7411 7410
o Treadle_Treadle_Jaw_Upper_Treadle_Jaw_Upper__8
v 39.67634 29.45330 -6.43750
v 39.51273 28.98082 -6.43750
v 39.67634 29.45330 -9.18750
v 39.51273 28.98082 -9.18750
v 39.51273 28.98082 -6.43750
v 39.67634 29.45330 -9.18750
v 39.51273 28.98082 -9.18750
v 39.67634 29.45330 -6.43750
v 39.67634 29.45330 -6.43750
v 39.67634 29.45330 -9.18750
v 39.51273 28.98082 -9.18750
v 39.51273 28.98082 -6.43750
v 39.69366 29.51637 -6.43750
v 39.67634 29.45330 -6.43750
v 39.69366 29.51637 -9.18750
v 39.67634 29.45330 -9.18750
v 39.67634 29.45330 -6.43750
v 39.69366 29.51637 -9.18750
v 39.67634 29.45330 -9.18750
v 39.69366 29.51637 -6.43750
v 39.69366 29.51637 -6.43750
v 39.69366 29.51637 -9.18750
v 39.36748 30.08938 -6.43750
v 38.89500 30.25299 -6.43750
v 39.42775 30.06398 -6.43750
v 39.48419 30.03094 -6.43750
v 39.53583 29.99081 -6.43750
v 39.58180 29.94428 -6.43750
v 39.62129 29.89215 -6.43750
v 39.65365 29.83531 -6.43750
v 39.67831 29.77473 -6.43750
v 39.69485 29.71146 -6.43750
v 39.70299 29.64656 -6.43750
v 39.70259 29.58116 -6.43750
v 39.69366 29.51637 -6.43750
v 39.67634 29.45330 -6.43750
v 39.51273 28.98082 -6.43750
v 38.56779 29.30804 -6.43750
v 38.89500 30.25299 -6.43750
v 39.51273 28.98082 -6.43750
v 38.56779 29.30804 -6.43750
v 39.67634 29.45330 -6.43750
v 39.69366 29.51637 -6.43750
v 39.70259 29.58116 -6.43750
v 39.70299 29.64656 -6.43750
v 39.69485 29.71146 -6.43750
v 39.67831 29.77473 -6.43750
v 39.65365 29.83531 -6.43750
v 39.62129 29.89215 -6.43750
v 39.58180 29.94428 -6.43750
v 39.53583 29.99081 -6.43750
v 39.48419 30.03094 -6.43750
v 39.42775 30.06398 -6.43750
v 39.36748 30.08938 -6.43750
v 38.89500 30.25299 -6.43750
v 38.56779 29.30804 -6.43750
v 39.36748 30.08938 -6.43750
v 39.42775 30.06398 -6.43750
v 39.48419 30.03094 -6.43750
v 39.53583 29.99081 -6.43750
v 39.58180 29.94428 -6.43750
v 39.62129 29.89215 -6.43750
v 39.65365 29.83531 -6.43750
v 39.67831 29.77473 -6.43750
v 39.69485 29.71146 -6.43750
v 39.70299 29.64656 -6.43750
v 39.70259 29.58116 -6.43750
v 39.70259 29.58116 -6.43750
v 39.70259 29.58116 -9.18750
v 39.70259 29.58116 -9.18750
v 39.70259 29.58116 -6.43750
v 39.70259 29.58116 -9.18750
v 39.36748 30.08938 -6.43750
v 39.36748 30.08938 -9.18750
v 38.89500 30.25299 -6.43750
v 38.89500 30.25299 -9.18750
v 39.36748 30.08938 -9.18750
v 38.89500 30.25299 -6.43750
v 38.89500 30.25299 -9.18750
v 39.36748 30.08938 -6.43750
v 38.89500 30.25299 -9.18750
v 39.36748 30.08938 -9.18750
v 39.42775 30.06398 -6.43750
v 39.42775 30.06398 -9.18750
v 39.36748 30.08938 -6.43750
v 39.36748 30.08938 -9.18750
v 39.42775 30.06398 -9.18750
v 39.36748 30.08938 -6.43750
v 39.36748 30.08938 -9.18750
v 39.42775 30.06398 -6.43750
v 39.42775 30.06398 -9.18750
v 39.48419 30.03094 -9.18750
v 39.48419 30.03094 -6.43750
v 39.48419 30.03094 -6.43750
v 39.48419 30.03094 -9.18750
v 39.48419 30.03094 -9.18750
v 39.53583 29.99081 -6.43750
v 39.53583 29.99081 -9.18750
v 39.53583 29.99081 -9.18750
v 39.53583 29.99081 -6.43750
v 39.53583 29.99081 -9.18750
v 39.58180 29.94428 -6.43750
v 39.58180 29.94428 -9.18750
v 39.58180 29.94428 -9.18750
v 39.58180 29.94428 -6.43750
v 39.58180 29.94428 -9.18750
v 39.62129 29.89215 -9.18750
v 39.62129 29.89215 -6.43750
v 39.62129 29.89215 -6.43750
v 39.62129 29.89215 -9.18750
v 39.62129 29.89215 -9.18750
v 39.65365 29.83531 -9.18750
v 39.65365 29.83531 -6.43750
v 39.65365 29.83531 -6.43750
v 39.65365 29.83531 -9.18750
v 39.65365 29.83531 -9.18750
v 39.67831 29.77473 -6.43750
v 39.67831 29.77473 -9.18750
v 39.67831 29.77473 -9.18750
v 39.67831 29.77473 -6.43750
v 39.67831 29.77473 -9.18750
v 39.69485 29.71146 -6.43750
v 39.69485 29.71146 -9.18750
v 39.69485 29.71146 -6.43750
v 39.69485 29.71146 -9.18750
v 39.69485 29.71146 -9.18750
v 39.70299 29.64656 -6.43750
v 39.70299 29.64656 -9.18750
v 39.70299 29.64656 -6.43750
v 39.70299 29.64656 -9.18750
v 39.70299 29.64656 -9.18750
usemtl ID601
f 7413 7414 7415
f 7416 7415 7414
f 7417 7418 7419
f 7418 7417 7420
f 7425 7426 7427
f 7428 7427 7426
f 7429 7430 7431
f 7430 7429 7432
f 7435 7436 7437
f 7437 7436 7438
f 7438 7436 7439
f 7439 7436 7440
f 7440 7436 7441
f 7441 7436 7442
f 7442 7436 7443
f 7443 7436 7444
f 7444 7436 7445
f 7445 7436 7446
f 7446 7436 7447
f 7447 7436 7448
f 7448 7436 7449
f 7450 7449 7436
f 7451 7452 7453
f 7452 7451 7454
f 7454 7451 7455
f 7455 7451 7456
f 7456 7451 7457
f 7457 7451 7458
f 7458 7451 7459
f 7459 7451 7460
f 7460 7451 7461
f 7461 7451 7462
f 7462 7451 7463
f 7463 7451 7464
f 7464 7451 7465
f 7465 7451 7466
f 7480 7425 7481
f 7427 7481 7425
f 7432 7482 7430
f 7482 7432 7483
f 7485 7486 7487
f 7488 7487 7486
f 7489 7490 7491
f 7490 7489 7492
f 7495 7496 7497
f 7498 7497 7496
f 7499 7500 7501
f 7500 7499 7502
f 7504 7496 7505
f 7495 7505 7496
f 7499 7506 7502
f 7506 7499 7507
f 7509 7510 7505
f 7504 7505 7510
f 7511 7506 7507
f 7506 7511 7512
f 7514 7515 7509
f 7510 7509 7515
f 7516 7512 7511
f 7512 7516 7517
f 7519 7515 7520
f 7514 7520 7515
f 7516 7521 7517
f 7521 7516 7522
f 7524 7519 7525
f 7520 7525 7519
f 7522 7526 7521
f 7526 7522 7527
f 7529 7530 7525
f 7524 7525 7530
f 7531 7526 7527
f 7526 7531 7532
f 7529 7534 7530
f 7535 7530 7534
f 7536 7531 7537
f 7531 7536 7532
f 7534 7539 7535
f 7540 7535 7539
f 7541 7537 7542
f 7537 7541 7536
f 7539 7480 7540
f 7481 7540 7480
f 7483 7542 7482
f 7542 7483 7541
o Treadle_Treadle_Jaw_Upper_Treadle_Jaw_Upper__8_1
v 37.45923 29.16279 -6.43750
v 37.62284 29.63526 -6.43750
v 37.45923 29.16279 -9.18750
v 37.62284 29.63526 -9.18750
v 37.62284 29.63526 -6.43750
v 37.45923 29.16279 -9.18750
v 37.62284 29.63526 -9.18750
v 37.45923 29.16279 -6.43750
v 37.45923 29.16279 -6.43750
v 37.45923 29.16279 -9.18750
v 37.62284 29.63526 -9.18750
v 37.62284 29.63526 -6.43750
v 37.44191 29.09972 -6.43750
v 37.45923 29.16279 -6.43750
v 37.44191 29.09972 -9.18750
v 37.45923 29.16279 -9.18750
v 37.45923 29.16279 -6.43750
v 37.44191 29.09972 -9.18750
v 37.45923 29.16279 -9.18750
v 37.44191 29.09972 -6.43750
v 37.44191 29.09972 -6.43750
v 37.44191 29.09972 -9.18750
v 37.76809 28.52670 -6.43750
v 38.24057 28.36309 -6.43750
v 37.70782 28.55210 -6.43750
v 37.65138 28.58515 -6.43750
v 37.59974 28.62528 -6.43750
v 37.55377 28.67181 -6.43750
v 37.51428 28.72394 -6.43750
v 37.48192 28.78078 -6.43750
v 37.45726 28.84135 -6.43750
v 37.44072 28.90463 -6.43750
v 37.43258 28.96952 -6.43750
v 37.43298 29.03493 -6.43750
v 37.44191 29.09972 -6.43750
v 37.45923 29.16279 -6.43750
v 37.62284 29.63526 -6.43750
v 38.56779 29.30804 -6.43750
v 38.24057 28.36309 -6.43750
v 37.62284 29.63526 -6.43750
v 38.56779 29.30804 -6.43750
v 37.45923 29.16279 -6.43750
v 37.44191 29.09972 -6.43750
v 37.43298 29.03493 -6.43750
v 37.43258 28.96952 -6.43750
v 37.44072 28.90463 -6.43750
v 37.45726 28.84135 -6.43750
v 37.48192 28.78078 -6.43750
v 37.51428 28.72394 -6.43750
v 37.55377 28.67181 -6.43750
v 37.59974 28.62528 -6.43750
v 37.65138 28.58515 -6.43750
v 37.70782 28.55210 -6.43750
v 37.76809 28.52670 -6.43750
v 38.24057 28.36309 -6.43750
v 38.56779 29.30804 -6.43750
v 37.76809 28.52670 -6.43750
v 37.70782 28.55210 -6.43750
v 37.65138 28.58515 -6.43750
v 37.59974 28.62528 -6.43750
v 37.55377 28.67181 -6.43750
v 37.51428 28.72394 -6.43750
v 37.48192 28.78078 -6.43750
v 37.45726 28.84135 -6.43750
v 37.44072 28.90463 -6.43750
v 37.43258 28.96952 -6.43750
v 37.43298 29.03493 -6.43750
v 37.43298 29.03493 -6.43750
v 37.43298 29.03493 -9.18750
v 37.43298 29.03493 -9.18750
v 37.43298 29.03493 -6.43750
v 37.43298 29.03493 -9.18750
v 37.76809 28.52670 -6.43750
v 37.76809 28.52670 -9.18750
v 38.24057 28.36309 -6.43750
v 38.24057 28.36309 -9.18750
v 37.76809 28.52670 -9.18750
v 38.24057 28.36309 -6.43750
v 38.24057 28.36309 -9.18750
v 37.76809 28.52670 -6.43750
v 38.24057 28.36309 -9.18750
v 37.76809 28.52670 -9.18750
v 37.70782 28.55210 -6.43750
v 37.70782 28.55210 -9.18750
v 37.76809 28.52670 -6.43750
v 37.76809 28.52670 -9.18750
v 37.70782 28.55210 -9.18750
v 37.76809 28.52670 -6.43750
v 37.76809 28.52670 -9.18750
v 37.70782 28.55210 -6.43750
v 37.70782 28.55210 -9.18750
v 37.65138 28.58515 -9.18750
v 37.65138 28.58515 -6.43750
v 37.65138 28.58515 -6.43750
v 37.65138 28.58515 -9.18750
v 37.65138 28.58515 -9.18750
v 37.59974 28.62528 -6.43750
v 37.59974 28.62528 -9.18750
v 37.59974 28.62528 -9.18750
v 37.59974 28.62528 -6.43750
v 37.59974 28.62528 -9.18750
v 37.55377 28.67181 -6.43750
v 37.55377 28.67181 -9.18750
v 37.55377 28.67181 -9.18750
v 37.55377 28.67181 -6.43750
v 37.55377 28.67181 -9.18750
v 37.51428 28.72394 -9.18750
v 37.51428 28.72394 -6.43750
v 37.51428 28.72394 -6.43750
v 37.51428 28.72394 -9.18750
v 37.51428 28.72394 -9.18750
v 37.48192 28.78078 -9.18750
v 37.48192 28.78078 -6.43750
v 37.48192 28.78078 -6.43750
v 37.48192 28.78078 -9.18750
v 37.48192 28.78078 -9.18750
v 37.45726 28.84135 -6.43750
v 37.45726 28.84135 -9.18750
v 37.45726 28.84135 -9.18750
v 37.45726 28.84135 -6.43750
v 37.45726 28.84135 -9.18750
v 37.44072 28.90463 -6.43750
v 37.44072 28.90463 -9.18750
v 37.44072 28.90463 -6.43750
v 37.44072 28.90463 -9.18750
v 37.44072 28.90463 -9.18750
v 37.43258 28.96952 -6.43750
v 37.43258 28.96952 -9.18750
v 37.43258 28.96952 -6.43750
v 37.43258 28.96952 -9.18750
v 37.43258 28.96952 -9.18750
usemtl ID601
f 7544 7545 7546
f 7547 7546 7545
f 7548 7549 7550
f 7549 7548 7551
f 7556 7557 7558
f 7559 7558 7557
f 7560 7561 7562
f 7561 7560 7563
f 7566 7567 7568
f 7568 7567 7569
f 7569 7567 7570
f 7570 7567 7571
f 7571 7567 7572
f 7572 7567 7573
f 7573 7567 7574
f 7574 7567 7575
f 7575 7567 7576
f 7576 7567 7577
f 7577 7567 7578
f 7578 7567 7579
f 7579 7567 7580
f 7581 7580 7567
f 7582 7583 7584
f 7583 7582 7585
f 7585 7582 7586
f 7586 7582 7587
f 7587 7582 7588
f 7588 7582 7589
f 7589 7582 7590
f 7590 7582 7591
f 7591 7582 7592
f 7592 7582 7593
f 7593 7582 7594
f 7594 7582 7595
f 7595 7582 7596
f 7596 7582 7597
f 7611 7556 7612
f 7558 7612 7556
f 7563 7613 7561
f 7613 7563 7614
f 7616 7617 7618
f 7619 7618 7617
f 7620 7621 7622
f 7621 7620 7623
f 7626 7627 7628
f 7629 7628 7627
f 7630 7631 7632
f 7631 7630 7633
f 7635 7627 7636
f 7626 7636 7627
f 7630 7637 7633
f 7637 7630 7638
f 7640 7641 7636
f 7635 7636 7641
f 7642 7637 7638
f 7637 7642 7643
f 7645 7646 7640
f 7641 7640 7646
f 7647 7643 7642
f 7643 7647 7648
f 7650 7646 7651
f 7645 7651 7646
f 7647 7652 7648
f 7652 7647 7653
f 7655 7650 7656
f 7651 7656 7650
f 7653 7657 7652
f 7657 7653 7658
f 7660 7661 7656
f 7655 7656 7661
f 7662 7657 7658
f 7657 7662 7663
f 7660 7665 7661
f 7666 7661 7665
f 7667 7662 7668
f 7662 7667 7663
f 7665 7670 7666
f 7671 7666 7670
f 7672 7668 7673
f 7668 7672 7667
f 7670 7611 7671
f 7612 7671 7611
f 7614 7673 7613
f 7673 7614 7672
o Treadle_Treadle_Jaw_Upper_Treadle_Jaw_Upper__8_2
v 37.62284 29.63526 -11.93750
v 37.45923 29.16279 -9.18750
v 37.62284 29.63526 -9.18750
v 37.45923 29.16279 -11.93750
v 37.45923 29.16279 -11.93750
v 37.62284 29.63526 -11.93750
v 37.45923 29.16279 -9.18750
v 37.62284 29.63526 -9.18750
v 37.45923 29.16279 -11.93750
v 37.45923 29.16279 -9.18750
v 37.62284 29.63526 -9.18750
v 37.62284 29.63526 -11.93750
v 37.45923 29.16279 -11.93750
v 37.44191 29.09972 -9.18750
v 37.45923 29.16279 -9.18750
v 37.44191 29.09972 -11.93750
v 37.44191 29.09972 -11.93750
v 37.45923 29.16279 -11.93750
v 37.44191 29.09972 -9.18750
v 37.45923 29.16279 -9.18750
v 37.44191 29.09972 -11.93750
v 37.44191 29.09972 -9.18750
v 38.24057 28.36309 -11.93750
v 37.62284 29.63526 -11.93750
v 38.56779 29.30804 -11.93750
v 37.45923 29.16279 -11.93750
v 37.44191 29.09972 -11.93750
v 37.43298 29.03493 -11.93750
v 37.43258 28.96952 -11.93750
v 37.44072 28.90463 -11.93750
v 37.45726 28.84135 -11.93750
v 37.48192 28.78078 -11.93750
v 37.51428 28.72394 -11.93750
v 37.55377 28.67181 -11.93750
v 37.59974 28.62528 -11.93750
v 37.65138 28.58515 -11.93750
v 37.70782 28.55210 -11.93750
v 37.76809 28.52670 -11.93750
v 37.76809 28.52670 -11.93750
v 38.24057 28.36309 -11.93750
v 37.70782 28.55210 -11.93750
v 37.65138 28.58515 -11.93750
v 37.59974 28.62528 -11.93750
v 37.55377 28.67181 -11.93750
v 37.51428 28.72394 -11.93750
v 37.48192 28.78078 -11.93750
v 37.45726 28.84135 -11.93750
v 37.44072 28.90463 -11.93750
v 37.43258 28.96952 -11.93750
v 37.43298 29.03493 -11.93750
v 37.44191 29.09972 -11.93750
v 37.45923 29.16279 -11.93750
v 37.62284 29.63526 -11.93750
v 38.56779 29.30804 -11.93750
v 38.24057 28.36309 -11.93750
v 38.56779 29.30804 -11.93750
v 37.76809 28.52670 -11.93750
v 37.70782 28.55210 -11.93750
v 37.65138 28.58515 -11.93750
v 37.59974 28.62528 -11.93750
v 37.55377 28.67181 -11.93750
v 37.51428 28.72394 -11.93750
v 37.48192 28.78078 -11.93750
v 37.45726 28.84135 -11.93750
v 37.44072 28.90463 -11.93750
v 37.43258 28.96952 -11.93750
v 37.43298 29.03493 -11.93750
v 37.43298 29.03493 -9.18750
v 37.43298 29.03493 -11.93750
v 37.43298 29.03493 -11.93750
v 37.43298 29.03493 -9.18750
v 37.43298 29.03493 -9.18750
v 37.76809 28.52670 -9.18750
v 38.24057 28.36309 -11.93750
v 38.24057 28.36309 -9.18750
v 37.76809 28.52670 -11.93750
v 37.76809 28.52670 -11.93750
v 37.76809 28.52670 -9.18750
v 38.24057 28.36309 -11.93750
v 38.24057 28.36309 -9.18750
v 38.24057 28.36309 -9.18750
v 37.76809 28.52670 -9.18750
v 37.70782 28.55210 -9.18750
v 37.76809 28.52670 -11.93750
v 37.76809 28.52670 -9.18750
v 37.70782 28.55210 -11.93750
v 37.70782 28.55210 -11.93750
v 37.70782 28.55210 -9.18750
v 37.76809 28.52670 -11.93750
v 37.76809 28.52670 -9.18750
v 37.70782 28.55210 -9.18750
v 37.65138 28.58515 -11.93750
v 37.65138 28.58515 -9.18750
v 37.65138 28.58515 -9.18750
v 37.65138 28.58515 -11.93750
v 37.65138 28.58515 -9.18750
v 37.59974 28.62528 -9.18750
v 37.59974 28.62528 -11.93750
v 37.59974 28.62528 -11.93750
v 37.59974 28.62528 -9.18750
v 37.59974 28.62528 -9.18750
v 37.55377 28.67181 -9.18750
v 37.55377 28.67181 -11.93750
v 37.55377 28.67181 -11.93750
v 37.55377 28.67181 -9.18750
v 37.55377 28.67181 -9.18750
v 37.51428 28.72394 -11.93750
v 37.51428 28.72394 -9.18750
v 37.51428 28.72394 -9.18750
v 37.51428 28.72394 -11.93750
v 37.51428 28.72394 -9.18750
v 37.48192 28.78078 -11.93750
v 37.48192 28.78078 -9.18750
v 37.48192 28.78078 -9.18750
v 37.48192 28.78078 -11.93750
v 37.48192 28.78078 -9.18750
v 37.45726 28.84135 -9.18750
v 37.45726 28.84135 -11.93750
v 37.45726 28.84135 -11.93750
v 37.45726 28.84135 -9.18750
v 37.45726 28.84135 -9.18750
v 37.44072 28.90463 -11.93750
v 37.44072 28.90463 -9.18750
v 37.44072 28.90463 -11.93750
v 37.44072 28.90463 -9.18750
v 37.44072 28.90463 -9.18750
v 37.43258 28.96952 -11.93750
v 37.43258 28.96952 -9.18750
v 37.43258 28.96952 -11.93750
v 37.43258 28.96952 -9.18750
v 37.43258 28.96952 -9.18750
usemtl ID601
f 7675 7676 7677
f 7676 7675 7678
f 7679 7680 7681
f 7682 7681 7680
f 7687 7688 7689
f 7688 7687 7690
f 7691 7692 7693
f 7694 7693 7692
f 7697 7698 7699
f 7698 7697 7700
f 7700 7697 7701
f 7701 7697 7702
f 7702 7697 7703
f 7703 7697 7704
f 7704 7697 7705
f 7705 7697 7706
f 7706 7697 7707
f 7707 7697 7708
f 7708 7697 7709
f 7709 7697 7710
f 7710 7697 7711
f 7711 7697 7712
f 7713 7714 7715
f 7715 7714 7716
f 7716 7714 7717
f 7717 7714 7718
f 7718 7714 7719
f 7719 7714 7720
f 7720 7714 7721
f 7721 7714 7722
f 7722 7714 7723
f 7723 7714 7724
f 7724 7714 7725
f 7725 7714 7726
f 7726 7714 7727
f 7728 7727 7714
f 7690 7742 7688
f 7742 7690 7743
f 7744 7691 7745
f 7693 7745 7691
f 7747 7748 7749
f 7748 7747 7750
f 7751 7752 7753
f 7754 7753 7752
f 7757 7758 7759
f 7758 7757 7760
f 7761 7762 7763
f 7764 7763 7762
f 7757 7766 7760
f 7766 7757 7767
f 7768 7762 7769
f 7761 7769 7762
f 7771 7766 7767
f 7766 7771 7772
f 7773 7774 7769
f 7768 7769 7774
f 7776 7772 7771
f 7772 7776 7777
f 7778 7779 7773
f 7774 7773 7779
f 7776 7781 7777
f 7781 7776 7782
f 7783 7779 7784
f 7778 7784 7779
f 7782 7786 7781
f 7786 7782 7787
f 7788 7783 7789
f 7784 7789 7783
f 7791 7786 7787
f 7786 7791 7792
f 7793 7794 7789
f 7788 7789 7794
f 7796 7791 7797
f 7791 7796 7792
f 7793 7798 7794
f 7799 7794 7798
f 7801 7797 7802
f 7797 7801 7796
f 7798 7803 7799
f 7804 7799 7803
f 7743 7802 7742
f 7802 7743 7801
f 7803 7744 7804
f 7745 7804 7744
o Treadle_Treadle_Jaw_Upper_Treadle_Jaw_Upper__8_3
v 38.24057 28.36309 -11.93750
v 38.71304 28.19948 -9.18750
v 38.24057 28.36309 -9.18750
v 38.71304 28.19948 -11.93750
v 38.71304 28.19948 -11.93750
v 38.24057 28.36309 -11.93750
v 38.71304 28.19948 -9.18750
v 38.24057 28.36309 -9.18750
v 38.71304 28.19948 -11.93750
v 38.71304 28.19948 -9.18750
v 38.24057 28.36309 -9.18750
v 38.24057 28.36309 -11.93750
v 38.71304 28.19948 -11.93750
v 38.77611 28.18217 -9.18750
v 38.71304 28.19948 -9.18750
v 38.77611 28.18217 -11.93750
v 38.77611 28.18217 -11.93750
v 38.71304 28.19948 -11.93750
v 38.77611 28.18217 -9.18750
v 38.71304 28.19948 -9.18750
v 38.77611 28.18217 -11.93750
v 38.77611 28.18217 -9.18750
v 39.51273 28.98082 -11.93750
v 38.24057 28.36309 -11.93750
v 38.56779 29.30804 -11.93750
v 38.71304 28.19948 -11.93750
v 38.77611 28.18217 -11.93750
v 38.84090 28.17324 -11.93750
v 38.90630 28.17284 -11.93750
v 38.97120 28.18098 -11.93750
v 39.03448 28.19752 -11.93750
v 39.09505 28.22218 -11.93750
v 39.15189 28.25453 -11.93750
v 39.20402 28.29403 -11.93750
v 39.25055 28.34000 -11.93750
v 39.29068 28.39164 -11.93750
v 39.32373 28.44808 -11.93750
v 39.34912 28.50835 -11.93750
v 39.34912 28.50835 -11.93750
v 39.51273 28.98082 -11.93750
v 39.32373 28.44808 -11.93750
v 39.29068 28.39164 -11.93750
v 39.25055 28.34000 -11.93750
v 39.20402 28.29403 -11.93750
v 39.15189 28.25453 -11.93750
v 39.09505 28.22218 -11.93750
v 39.03448 28.19752 -11.93750
v 38.97120 28.18098 -11.93750
v 38.90630 28.17284 -11.93750
v 38.84090 28.17324 -11.93750
v 38.77611 28.18217 -11.93750
v 38.71304 28.19948 -11.93750
v 38.24057 28.36309 -11.93750
v 38.56779 29.30804 -11.93750
v 39.51273 28.98082 -11.93750
v 38.56779 29.30804 -11.93750
v 39.34912 28.50835 -11.93750
v 39.32373 28.44808 -11.93750
v 39.29068 28.39164 -11.93750
v 39.25055 28.34000 -11.93750
v 39.20402 28.29403 -11.93750
v 39.15189 28.25453 -11.93750
v 39.09505 28.22218 -11.93750
v 39.03448 28.19752 -11.93750
v 38.97120 28.18098 -11.93750
v 38.90630 28.17284 -11.93750
v 38.84090 28.17324 -11.93750
v 38.84090 28.17324 -9.18750
v 38.84090 28.17324 -11.93750
v 38.84090 28.17324 -11.93750
v 38.84090 28.17324 -9.18750
v 38.84090 28.17324 -9.18750
v 39.34912 28.50835 -9.18750
v 39.51273 28.98082 -11.93750
v 39.51273 28.98082 -9.18750
v 39.34912 28.50835 -11.93750
v 39.34912 28.50835 -11.93750
v 39.34912 28.50835 -9.18750
v 39.51273 28.98082 -11.93750
v 39.51273 28.98082 -9.18750
v 39.51273 28.98082 -9.18750
v 39.34912 28.50835 -9.18750
v 39.32373 28.44808 -9.18750
v 39.34912 28.50835 -11.93750
v 39.34912 28.50835 -9.18750
v 39.32373 28.44808 -11.93750
v 39.32373 28.44808 -11.93750
v 39.32373 28.44808 -9.18750
v 39.34912 28.50835 -11.93750
v 39.34912 28.50835 -9.18750
v 39.32373 28.44808 -9.18750
v 39.29068 28.39164 -11.93750
v 39.29068 28.39164 -9.18750
v 39.29068 28.39164 -9.18750
v 39.29068 28.39164 -11.93750
v 39.29068 28.39164 -9.18750
v 39.25055 28.34000 -9.18750
v 39.25055 28.34000 -11.93750
v 39.25055 28.34000 -11.93750
v 39.25055 28.34000 -9.18750
v 39.25055 28.34000 -9.18750
v 39.20402 28.29403 -9.18750
v 39.20402 28.29403 -11.93750
v 39.20402 28.29403 -11.93750
v 39.20402 28.29403 -9.18750
v 39.20402 28.29403 -9.18750
v 39.15189 28.25453 -11.93750
v 39.15189 28.25453 -9.18750
v 39.15189 28.25453 -9.18750
v 39.15189 28.25453 -11.93750
v 39.15189 28.25453 -9.18750
v 39.09505 28.22218 -11.93750
v 39.09505 28.22218 -9.18750
v 39.09505 28.22218 -9.18750
v 39.09505 28.22218 -11.93750
v 39.09505 28.22218 -9.18750
v 39.03448 28.19752 -9.18750
v 39.03448 28.19752 -11.93750
v 39.03448 28.19752 -11.93750
v 39.03448 28.19752 -9.18750
v 39.03448 28.19752 -9.18750
v 38.97120 28.18098 -11.93750
v 38.97120 28.18098 -9.18750
v 38.97120 28.18098 -11.93750
v 38.97120 28.18098 -9.18750
v 38.97120 28.18098 -9.18750
v 38.90630 28.17284 -11.93750
v 38.90630 28.17284 -9.18750
v 38.90630 28.17284 -11.93750
v 38.90630 28.17284 -9.18750
v 38.90630 28.17284 -9.18750
usemtl ID601
f 7806 7807 7808
f 7807 7806 7809
f 7810 7811 7812
f 7813 7812 7811
f 7818 7819 7820
f 7819 7818 7821
f 7822 7823 7824
f 7825 7824 7823
f 7828 7829 7830
f 7829 7828 7831
f 7831 7828 7832
f 7832 7828 7833
f 7833 7828 7834
f 7834 7828 7835
f 7835 7828 7836
f 7836 7828 7837
f 7837 7828 7838
f 7838 7828 7839
f 7839 7828 7840
f 7840 7828 7841
f 7841 7828 7842
f 7842 7828 7843
f 7844 7845 7846
f 7846 7845 7847
f 7847 7845 7848
f 7848 7845 7849
f 7849 7845 7850
f 7850 7845 7851
f 7851 7845 7852
f 7852 7845 7853
f 7853 7845 7854
f 7854 7845 7855
f 7855 7845 7856
f 7856 7845 7857
f 7857 7845 7858
f 7859 7858 7845
f 7821 7873 7819
f 7873 7821 7874
f 7875 7822 7876
f 7824 7876 7822
f 7878 7879 7880
f 7879 7878 7881
f 7882 7883 7884
f 7885 7884 7883
f 7888 7889 7890
f 7889 7888 7891
f 7892 7893 7894
f 7895 7894 7893
f 7888 7897 7891
f 7897 7888 7898
f 7899 7893 7900
f 7892 7900 7893
f 7902 7897 7898
f 7897 7902 7903
f 7904 7905 7900
f 7899 7900 7905
f 7907 7903 7902
f 7903 7907 7908
f 7909 7910 7904
f 7905 7904 7910
f 7907 7912 7908
f 7912 7907 7913
f 7914 7910 7915
f 7909 7915 7910
f 7913 7917 7912
f 7917 7913 7918
f 7919 7914 7920
f 7915 7920 7914
f 7922 7917 7918
f 7917 7922 7923
f 7924 7925 7920
f 7919 7920 7925
f 7927 7922 7928
f 7922 7927 7923
f 7924 7929 7925
f 7930 7925 7929
f 7932 7928 7933
f 7928 7932 7927
f 7929 7934 7930
f 7935 7930 7934
f 7874 7933 7873
f 7933 7874 7932
f 7934 7875 7935
f 7876 7935 7875
o Treadle_Treadle_Jaw_Upper_Treadle_Jaw_Upper__8_4
v 39.51273 28.98082 -11.93750
v 39.67634 29.45330 -9.18750
v 39.51273 28.98082 -9.18750
v 39.67634 29.45330 -11.93750
v 39.67634 29.45330 -11.93750
v 39.51273 28.98082 -11.93750
v 39.67634 29.45330 -9.18750
v 39.51273 28.98082 -9.18750
v 39.67634 29.45330 -11.93750
v 39.67634 29.45330 -9.18750
v 39.51273 28.98082 -9.18750
v 39.51273 28.98082 -11.93750
v 39.67634 29.45330 -11.93750
v 39.69366 29.51637 -9.18750
v 39.67634 29.45330 -9.18750
v 39.69366 29.51637 -11.93750
v 39.69366 29.51637 -11.93750
v 39.67634 29.45330 -11.93750
v 39.69366 29.51637 -9.18750
v 39.67634 29.45330 -9.18750
v 39.69366 29.51637 -11.93750
v 39.69366 29.51637 -9.18750
v 38.89500 30.25299 -11.93750
v 39.51273 28.98082 -11.93750
v 38.56779 29.30804 -11.93750
v 39.67634 29.45330 -11.93750
v 39.69366 29.51637 -11.93750
v 39.70259 29.58116 -11.93750
v 39.70299 29.64656 -11.93750
v 39.69485 29.71146 -11.93750
v 39.67831 29.77473 -11.93750
v 39.65365 29.83531 -11.93750
v 39.62129 29.89215 -11.93750
v 39.58180 29.94428 -11.93750
v 39.53583 29.99081 -11.93750
v 39.48419 30.03094 -11.93750
v 39.42775 30.06398 -11.93750
v 39.36748 30.08938 -11.93750
v 39.36748 30.08938 -11.93750
v 38.89500 30.25299 -11.93750
v 39.42775 30.06398 -11.93750
v 39.48419 30.03094 -11.93750
v 39.53583 29.99081 -11.93750
v 39.58180 29.94428 -11.93750
v 39.62129 29.89215 -11.93750
v 39.65365 29.83531 -11.93750
v 39.67831 29.77473 -11.93750
v 39.69485 29.71146 -11.93750
v 39.70299 29.64656 -11.93750
v 39.70259 29.58116 -11.93750
v 39.69366 29.51637 -11.93750
v 39.67634 29.45330 -11.93750
v 39.51273 28.98082 -11.93750
v 38.56779 29.30804 -11.93750
v 38.89500 30.25299 -11.93750
v 38.56779 29.30804 -11.93750
v 39.36748 30.08938 -11.93750
v 39.42775 30.06398 -11.93750
v 39.48419 30.03094 -11.93750
v 39.53583 29.99081 -11.93750
v 39.58180 29.94428 -11.93750
v 39.62129 29.89215 -11.93750
v 39.65365 29.83531 -11.93750
v 39.67831 29.77473 -11.93750
v 39.69485 29.71146 -11.93750
v 39.70299 29.64656 -11.93750
v 39.70259 29.58116 -11.93750
v 39.70259 29.58116 -9.18750
v 39.70259 29.58116 -11.93750
v 39.70259 29.58116 -11.93750
v 39.70259 29.58116 -9.18750
v 39.70259 29.58116 -9.18750
v 39.36748 30.08938 -9.18750
v 38.89500 30.25299 -11.93750
v 38.89500 30.25299 -9.18750
v 39.36748 30.08938 -11.93750
v 39.36748 30.08938 -11.93750
v 39.36748 30.08938 -9.18750
v 38.89500 30.25299 -11.93750
v 38.89500 30.25299 -9.18750
v 38.89500 30.25299 -9.18750
v 39.36748 30.08938 -9.18750
v 39.42775 30.06398 -9.18750
v 39.36748 30.08938 -11.93750
v 39.36748 30.08938 -9.18750
v 39.42775 30.06398 -11.93750
v 39.42775 30.06398 -11.93750
v 39.42775 30.06398 -9.18750
v 39.36748 30.08938 -11.93750
v 39.36748 30.08938 -9.18750
v 39.42775 30.06398 -9.18750
v 39.48419 30.03094 -11.93750
v 39.48419 30.03094 -9.18750
v 39.48419 30.03094 -9.18750
v 39.48419 30.03094 -11.93750
v 39.48419 30.03094 -9.18750
v 39.53583 29.99081 -9.18750
v 39.53583 29.99081 -11.93750
v 39.53583 29.99081 -11.93750
v 39.53583 29.99081 -9.18750
v 39.53583 29.99081 -9.18750
v 39.58180 29.94428 -9.18750
v 39.58180 29.94428 -11.93750
v 39.58180 29.94428 -11.93750
v 39.58180 29.94428 -9.18750
v 39.58180 29.94428 -9.18750
v 39.62129 29.89215 -11.93750
v 39.62129 29.89215 -9.18750
v 39.62129 29.89215 -9.18750
v 39.62129 29.89215 -11.93750
v 39.62129 29.89215 -9.18750
v 39.65365 29.83531 -11.93750
v 39.65365 29.83531 -9.18750
v 39.65365 29.83531 -9.18750
v 39.65365 29.83531 -11.93750
v 39.65365 29.83531 -9.18750
v 39.67831 29.77473 -9.18750
v 39.67831 29.77473 -11.93750
v 39.67831 29.77473 -11.93750
v 39.67831 29.77473 -9.18750
v 39.67831 29.77473 -9.18750
v 39.69485 29.71146 -11.93750
v 39.69485 29.71146 -9.18750
v 39.69485 29.71146 -11.93750
v 39.69485 29.71146 -9.18750
v 39.69485 29.71146 -9.18750
v 39.70299 29.64656 -11.93750
v 39.70299 29.64656 -9.18750
v 39.70299 29.64656 -11.93750
v 39.70299 29.64656 -9.18750
v 39.70299 29.64656 -9.18750
usemtl ID601
f 7937 7938 7939
f 7938 7937 7940
f 7941 7942 7943
f 7944 7943 7942
f 7949 7950 7951
f 7950 7949 7952
f 7953 7954 7955
f 7956 7955 7954
f 7959 7960 7961
f 7960 7959 7962
f 7962 7959 7963
f 7963 7959 7964
f 7964 7959 7965
f 7965 7959 7966
f 7966 7959 7967
f 7967 7959 7968
f 7968 7959 7969
f 7969 7959 7970
f 7970 7959 7971
f 7971 7959 7972
f 7972 7959 7973
f 7973 7959 7974
f 7975 7976 7977
f 7977 7976 7978
f 7978 7976 7979
f 7979 7976 7980
f 7980 7976 7981
f 7981 7976 7982
f 7982 7976 7983
f 7983 7976 7984
f 7984 7976 7985
f 7985 7976 7986
f 7986 7976 7987
f 7987 7976 7988
f 7988 7976 7989
f 7990 7989 7976
f 7952 8004 7950
f 8004 7952 8005
f 8006 7953 8007
f 7955 8007 7953
f 8009 8010 8011
f 8010 8009 8012
f 8013 8014 8015
f 8016 8015 8014
f 8019 8020 8021
f 8020 8019 8022
f 8023 8024 8025
f 8026 8025 8024
f 8019 8028 8022
f 8028 8019 8029
f 8030 8024 8031
f 8023 8031 8024
f 8033 8028 8029
f 8028 8033 8034
f 8035 8036 8031
f 8030 8031 8036
f 8038 8034 8033
f 8034 8038 8039
f 8040 8041 8035
f 8036 8035 8041
f 8038 8043 8039
f 8043 8038 8044
f 8045 8041 8046
f 8040 8046 8041
f 8044 8048 8043
f 8048 8044 8049
f 8050 8045 8051
f 8046 8051 8045
f 8053 8048 8049
f 8048 8053 8054
f 8055 8056 8051
f 8050 8051 8056
f 8058 8053 8059
f 8053 8058 8054
f 8055 8060 8056
f 8061 8056 8060
f 8063 8059 8064
f 8059 8063 8058
f 8060 8065 8061
f 8066 8061 8065
f 8005 8064 8004
f 8064 8005 8063
f 8065 8006 8066
f 8007 8066 8006
o Treadle_Treadle_Jaw_Upper_Treadle_Jaw_Upper__8_5
v 38.42253 30.41660 -6.43750
v 38.89500 30.25299 -6.43750
v 38.42253 30.41660 -9.18750
v 38.89500 30.25299 -9.18750
v 38.89500 30.25299 -6.43750
v 38.42253 30.41660 -9.18750
v 38.89500 30.25299 -9.18750
v 38.42253 30.41660 -6.43750
v 38.42253 30.41660 -6.43750
v 38.42253 30.41660 -9.18750
v 38.89500 30.25299 -9.18750
v 38.89500 30.25299 -6.43750
v 38.35946 30.43391 -6.43750
v 38.42253 30.41660 -6.43750
v 38.35946 30.43391 -9.18750
v 38.42253 30.41660 -9.18750
v 38.42253 30.41660 -6.43750
v 38.35946 30.43391 -9.18750
v 38.42253 30.41660 -9.18750
v 38.35946 30.43391 -6.43750
v 38.35946 30.43391 -6.43750
v 38.35946 30.43391 -9.18750
v 37.78645 30.10773 -6.43750
v 37.62284 29.63526 -6.43750
v 37.81184 30.16800 -6.43750
v 37.84489 30.22445 -6.43750
v 37.88502 30.27609 -6.43750
v 37.93155 30.32205 -6.43750
v 37.98368 30.36155 -6.43750
v 38.04052 30.39390 -6.43750
v 38.10109 30.41856 -6.43750
v 38.16437 30.43511 -6.43750
v 38.22927 30.44325 -6.43750
v 38.29467 30.44285 -6.43750
v 38.35946 30.43391 -6.43750
v 38.42253 30.41660 -6.43750
v 38.89500 30.25299 -6.43750
v 38.56779 29.30804 -6.43750
v 37.62284 29.63526 -6.43750
v 38.89500 30.25299 -6.43750
v 38.56779 29.30804 -6.43750
v 38.42253 30.41660 -6.43750
v 38.35946 30.43391 -6.43750
v 38.29467 30.44285 -6.43750
v 38.22927 30.44325 -6.43750
v 38.16437 30.43511 -6.43750
v 38.10109 30.41856 -6.43750
v 38.04052 30.39390 -6.43750
v 37.98368 30.36155 -6.43750
v 37.93155 30.32205 -6.43750
v 37.88502 30.27609 -6.43750
v 37.84489 30.22445 -6.43750
v 37.81184 30.16800 -6.43750
v 37.78645 30.10773 -6.43750
v 37.62284 29.63526 -6.43750
v 38.56779 29.30804 -6.43750
v 37.78645 30.10773 -6.43750
v 37.81184 30.16800 -6.43750
v 37.84489 30.22445 -6.43750
v 37.88502 30.27609 -6.43750
v 37.93155 30.32205 -6.43750
v 37.98368 30.36155 -6.43750
v 38.04052 30.39390 -6.43750
v 38.10109 30.41856 -6.43750
v 38.16437 30.43511 -6.43750
v 38.22927 30.44325 -6.43750
v 38.29467 30.44285 -6.43750
v 38.29467 30.44285 -6.43750
v 38.29467 30.44285 -9.18750
v 38.29467 30.44285 -9.18750
v 38.29467 30.44285 -6.43750
v 38.29467 30.44285 -9.18750
v 37.78645 30.10773 -6.43750
v 37.78645 30.10773 -9.18750
v 37.62284 29.63526 -6.43750
v 37.62284 29.63526 -9.18750
v 37.78645 30.10773 -9.18750
v 37.62284 29.63526 -6.43750
v 37.62284 29.63526 -9.18750
v 37.78645 30.10773 -6.43750
v 37.62284 29.63526 -9.18750
v 37.78645 30.10773 -9.18750
v 37.81184 30.16800 -6.43750
v 37.81184 30.16800 -9.18750
v 37.78645 30.10773 -6.43750
v 37.78645 30.10773 -9.18750
v 37.81184 30.16800 -9.18750
v 37.78645 30.10773 -6.43750
v 37.78645 30.10773 -9.18750
v 37.81184 30.16800 -6.43750
v 37.81184 30.16800 -9.18750
v 37.84489 30.22445 -9.18750
v 37.84489 30.22445 -6.43750
v 37.84489 30.22445 -6.43750
v 37.84489 30.22445 -9.18750
v 37.84489 30.22445 -9.18750
v 37.88502 30.27609 -6.43750
v 37.88502 30.27609 -9.18750
v 37.88502 30.27609 -9.18750
v 37.88502 30.27609 -6.43750
v 37.88502 30.27609 -9.18750
v 37.93155 30.32205 -6.43750
v 37.93155 30.32205 -9.18750
v 37.93155 30.32205 -9.18750
v 37.93155 30.32205 -6.43750
v 37.93155 30.32205 -9.18750
v 37.98368 30.36155 -9.18750
v 37.98368 30.36155 -6.43750
v 37.98368 30.36155 -6.43750
v 37.98368 30.36155 -9.18750
v 37.98368 30.36155 -9.18750
v 38.04052 30.39390 -9.18750
v 38.04052 30.39390 -6.43750
v 38.04052 30.39390 -6.43750
v 38.04052 30.39390 -9.18750
v 38.04052 30.39390 -9.18750
v 38.10109 30.41856 -6.43750
v 38.10109 30.41856 -9.18750
v 38.10109 30.41856 -9.18750
v 38.10109 30.41856 -6.43750
v 38.10109 30.41856 -9.18750
v 38.16437 30.43511 -6.43750
v 38.16437 30.43511 -9.18750
v 38.16437 30.43511 -6.43750
v 38.16437 30.43511 -9.18750
v 38.16437 30.43511 -9.18750
v 38.22927 30.44325 -6.43750
v 38.22927 30.44325 -9.18750
v 38.22927 30.44325 -6.43750
v 38.22927 30.44325 -9.18750
v 38.22927 30.44325 -9.18750
usemtl ID601
f 8068 8069 8070
f 8071 8070 8069
f 8072 8073 8074
f 8073 8072 8075
f 8080 8081 8082
f 8083 8082 8081
f 8084 8085 8086
f 8085 8084 8087
f 8090 8091 8092
f 8092 8091 8093
f 8093 8091 8094
f 8094 8091 8095
f 8095 8091 8096
f 8096 8091 8097
f 8097 8091 8098
f 8098 8091 8099
f 8099 8091 8100
f 8100 8091 8101
f 8101 8091 8102
f 8102 8091 8103
f 8103 8091 8104
f 8105 8104 8091
f 8106 8107 8108
f 8107 8106 8109
f 8109 8106 8110
f 8110 8106 8111
f 8111 8106 8112
f 8112 8106 8113
f 8113 8106 8114
f 8114 8106 8115
f 8115 8106 8116
f 8116 8106 8117
f 8117 8106 8118
f 8118 8106 8119
f 8119 8106 8120
f 8120 8106 8121
f 8135 8080 8136
f 8082 8136 8080
f 8087 8137 8085
f 8137 8087 8138
f 8140 8141 8142
f 8143 8142 8141
f 8144 8145 8146
f 8145 8144 8147
f 8150 8151 8152
f 8153 8152 8151
f 8154 8155 8156
f 8155 8154 8157
f 8159 8151 8160
f 8150 8160 8151
f 8154 8161 8157
f 8161 8154 8162
f 8164 8165 8160
f 8159 8160 8165
f 8166 8161 8162
f 8161 8166 8167
f 8169 8170 8164
f 8165 8164 8170
f 8171 8167 8166
f 8167 8171 8172
f 8174 8170 8175
f 8169 8175 8170
f 8171 8176 8172
f 8176 8171 8177
f 8179 8174 8180
f 8175 8180 8174
f 8177 8181 8176
f 8181 8177 8182
f 8184 8185 8180
f 8179 8180 8185
f 8186 8181 8182
f 8181 8186 8187
f 8184 8189 8185
f 8190 8185 8189
f 8191 8186 8192
f 8186 8191 8187
f 8189 8194 8190
f 8195 8190 8194
f 8196 8192 8197
f 8192 8196 8191
f 8194 8135 8195
f 8136 8195 8135
f 8138 8197 8137
f 8197 8138 8196
o Treadle_Treadle_Jaw_Upper_Treadle_Jaw_Upper__8_6
v 38.89500 30.25299 -11.93750
v 38.42253 30.41660 -9.18750
v 38.89500 30.25299 -9.18750
v 38.42253 30.41660 -11.93750
v 38.42253 30.41660 -11.93750
v 38.89500 30.25299 -11.93750
v 38.42253 30.41660 -9.18750
v 38.89500 30.25299 -9.18750
v 38.42253 30.41660 -11.93750
v 38.42253 30.41660 -9.18750
v 38.89500 30.25299 -9.18750
v 38.89500 30.25299 -11.93750
v 38.42253 30.41660 -11.93750
v 38.35946 30.43391 -9.18750
v 38.42253 30.41660 -9.18750
v 38.35946 30.43391 -11.93750
v 38.35946 30.43391 -11.93750
v 38.42253 30.41660 -11.93750
v 38.35946 30.43391 -9.18750
v 38.42253 30.41660 -9.18750
v 38.35946 30.43391 -11.93750
v 38.35946 30.43391 -9.18750
v 37.62284 29.63526 -11.93750
v 38.89500 30.25299 -11.93750
v 38.56779 29.30804 -11.93750
v 38.42253 30.41660 -11.93750
v 38.35946 30.43391 -11.93750
v 38.29467 30.44285 -11.93750
v 38.22927 30.44325 -11.93750
v 38.16437 30.43511 -11.93750
v 38.10109 30.41856 -11.93750
v 38.04052 30.39390 -11.93750
v 37.98368 30.36155 -11.93750
v 37.93155 30.32205 -11.93750
v 37.88502 30.27609 -11.93750
v 37.84489 30.22445 -11.93750
v 37.81184 30.16800 -11.93750
v 37.78645 30.10773 -11.93750
v 37.78645 30.10773 -11.93750
v 37.62284 29.63526 -11.93750
v 37.81184 30.16800 -11.93750
v 37.84489 30.22445 -11.93750
v 37.88502 30.27609 -11.93750
v 37.93155 30.32205 -11.93750
v 37.98368 30.36155 -11.93750
v 38.04052 30.39390 -11.93750
v 38.10109 30.41856 -11.93750
v 38.16437 30.43511 -11.93750
v 38.22927 30.44325 -11.93750
v 38.29467 30.44285 -11.93750
v 38.35946 30.43391 -11.93750
v 38.42253 30.41660 -11.93750
v 38.89500 30.25299 -11.93750
v 38.56779 29.30804 -11.93750
v 37.62284 29.63526 -11.93750
v 38.56779 29.30804 -11.93750
v 37.78645 30.10773 -11.93750
v 37.81184 30.16800 -11.93750
v 37.84489 30.22445 -11.93750
v 37.88502 30.27609 -11.93750
v 37.93155 30.32205 -11.93750
v 37.98368 30.36155 -11.93750
v 38.04052 30.39390 -11.93750
v 38.10109 30.41856 -11.93750
v 38.16437 30.43511 -11.93750
v 38.22927 30.44325 -11.93750
v 38.29467 30.44285 -11.93750
v 38.29467 30.44285 -9.18750
v 38.29467 30.44285 -11.93750
v 38.29467 30.44285 -11.93750
v 38.29467 30.44285 -9.18750
v 38.29467 30.44285 -9.18750
v 37.78645 30.10773 -9.18750
v 37.62284 29.63526 -11.93750
v 37.62284 29.63526 -9.18750
v 37.78645 30.10773 -11.93750
v 37.78645 30.10773 -11.93750
v 37.78645 30.10773 -9.18750
v 37.62284 29.63526 -11.93750
v 37.62284 29.63526 -9.18750
v 37.62284 29.63526 -9.18750
v 37.78645 30.10773 -9.18750
v 37.81184 30.16800 -9.18750
v 37.78645 30.10773 -11.93750
v 37.78645 30.10773 -9.18750
v 37.81184 30.16800 -11.93750
v 37.81184 30.16800 -11.93750
v 37.81184 30.16800 -9.18750
v 37.78645 30.10773 -11.93750
v 37.78645 30.10773 -9.18750
v 37.81184 30.16800 -9.18750
v 37.84489 30.22445 -11.93750
v 37.84489 30.22445 -9.18750
v 37.84489 30.22445 -9.18750
v 37.84489 30.22445 -11.93750
v 37.84489 30.22445 -9.18750
v 37.88502 30.27609 -9.18750
v 37.88502 30.27609 -11.93750
v 37.88502 30.27609 -11.93750
v 37.88502 30.27609 -9.18750
v 37.88502 30.27609 -9.18750
v 37.93155 30.32205 -9.18750
v 37.93155 30.32205 -11.93750
v 37.93155 30.32205 -11.93750
v 37.93155 30.32205 -9.18750
v 37.93155 30.32205 -9.18750
v 37.98368 30.36155 -11.93750
v 37.98368 30.36155 -9.18750
v 37.98368 30.36155 -9.18750
v 37.98368 30.36155 -11.93750
v 37.98368 30.36155 -9.18750
v 38.04052 30.39390 -11.93750
v 38.04052 30.39390 -9.18750
v 38.04052 30.39390 -9.18750
v 38.04052 30.39390 -11.93750
v 38.04052 30.39390 -9.18750
v 38.10109 30.41856 -9.18750
v 38.10109 30.41856 -11.93750
v 38.10109 30.41856 -11.93750
v 38.10109 30.41856 -9.18750
v 38.10109 30.41856 -9.18750
v 38.16437 30.43511 -11.93750
v 38.16437 30.43511 -9.18750
v 38.16437 30.43511 -11.93750
v 38.16437 30.43511 -9.18750
v 38.16437 30.43511 -9.18750
v 38.22927 30.44325 -11.93750
v 38.22927 30.44325 -9.18750
v 38.22927 30.44325 -11.93750
v 38.22927 30.44325 -9.18750
v 38.22927 30.44325 -9.18750
usemtl ID601
f 8199 8200 8201
f 8200 8199 8202
f 8203 8204 8205
f 8206 8205 8204
f 8211 8212 8213
f 8212 8211 8214
f 8215 8216 8217
f 8218 8217 8216
f 8221 8222 8223
f 8222 8221 8224
f 8224 8221 8225
f 8225 8221 8226
f 8226 8221 8227
f 8227 8221 8228
f 8228 8221 8229
f 8229 8221 8230
f 8230 8221 8231
f 8231 8221 8232
f 8232 8221 8233
f 8233 8221 8234
f 8234 8221 8235
f 8235 8221 8236
f 8237 8238 8239
f 8239 8238 8240
f 8240 8238 8241
f 8241 8238 8242
f 8242 8238 8243
f 8243 8238 8244
f 8244 8238 8245
f 8245 8238 8246
f 8246 8238 8247
f 8247 8238 8248
f 8248 8238 8249
f 8249 8238 8250
f 8250 8238 8251
f 8252 8251 8238
f 8214 8266 8212
f 8266 8214 8267
f 8268 8215 8269
f 8217 8269 8215
f 8271 8272 8273
f 8272 8271 8274
f 8275 8276 8277
f 8278 8277 8276
f 8281 8282 8283
f 8282 8281 8284
f 8285 8286 8287
f 8288 8287 8286
f 8281 8290 8284
f 8290 8281 8291
f 8292 8286 8293
f 8285 8293 8286
f 8295 8290 8291
f 8290 8295 8296
f 8297 8298 8293
f 8292 8293 8298
f 8300 8296 8295
f 8296 8300 8301
f 8302 8303 8297
f 8298 8297 8303
f 8300 8305 8301
f 8305 8300 8306
f 8307 8303 8308
f 8302 8308 8303
f 8306 8310 8305
f 8310 8306 8311
f 8312 8307 8313
f 8308 8313 8307
f 8315 8310 8311
f 8310 8315 8316
f 8317 8318 8313
f 8312 8313 8318
f 8320 8315 8321
f 8315 8320 8316
f 8317 8322 8318
f 8323 8318 8322
f 8325 8321 8326
f 8321 8325 8320
f 8322 8327 8323
f 8328 8323 8327
f 8267 8326 8266
f 8326 8267 8325
f 8327 8268 8328
f 8269 8328 8268
o Treadle_Treadle_Jaw_Upper_Treadle_Jaw_Upper__8_7
v 38.71304 28.19948 -6.43750
v 38.24057 28.36309 -6.43750
v 38.71304 28.19948 -9.18750
v 38.24057 28.36309 -9.18750
v 38.24057 28.36309 -6.43750
v 38.71304 28.19948 -9.18750
v 38.24057 28.36309 -9.18750
v 38.71304 28.19948 -6.43750
v 38.71304 28.19948 -6.43750
v 38.71304 28.19948 -9.18750
v 38.24057 28.36309 -9.18750
v 38.24057 28.36309 -6.43750
v 38.77611 28.18217 -6.43750
v 38.71304 28.19948 -6.43750
v 38.77611 28.18217 -9.18750
v 38.71304 28.19948 -9.18750
v 38.71304 28.19948 -6.43750
v 38.77611 28.18217 -9.18750
v 38.71304 28.19948 -9.18750
v 38.77611 28.18217 -6.43750
v 38.77611 28.18217 -6.43750
v 38.77611 28.18217 -9.18750
v 39.34912 28.50835 -6.43750
v 39.51273 28.98082 -6.43750
v 39.32373 28.44808 -6.43750
v 39.29068 28.39164 -6.43750
v 39.25055 28.34000 -6.43750
v 39.20402 28.29403 -6.43750
v 39.15189 28.25453 -6.43750
v 39.09505 28.22218 -6.43750
v 39.03448 28.19752 -6.43750
v 38.97120 28.18098 -6.43750
v 38.90630 28.17284 -6.43750
v 38.84090 28.17324 -6.43750
v 38.77611 28.18217 -6.43750
v 38.71304 28.19948 -6.43750
v 38.24057 28.36309 -6.43750
v 38.56779 29.30804 -6.43750
v 39.51273 28.98082 -6.43750
v 38.24057 28.36309 -6.43750
v 38.56779 29.30804 -6.43750
v 38.71304 28.19948 -6.43750
v 38.77611 28.18217 -6.43750
v 38.84090 28.17324 -6.43750
v 38.90630 28.17284 -6.43750
v 38.97120 28.18098 -6.43750
v 39.03448 28.19752 -6.43750
v 39.09505 28.22218 -6.43750
v 39.15189 28.25453 -6.43750
v 39.20402 28.29403 -6.43750
v 39.25055 28.34000 -6.43750
v 39.29068 28.39164 -6.43750
v 39.32373 28.44808 -6.43750
v 39.34912 28.50835 -6.43750
v 39.51273 28.98082 -6.43750
v 38.56779 29.30804 -6.43750
v 39.34912 28.50835 -6.43750
v 39.32373 28.44808 -6.43750
v 39.29068 28.39164 -6.43750
v 39.25055 28.34000 -6.43750
v 39.20402 28.29403 -6.43750
v 39.15189 28.25453 -6.43750
v 39.09505 28.22218 -6.43750
v 39.03448 28.19752 -6.43750
v 38.97120 28.18098 -6.43750
v 38.90630 28.17284 -6.43750
v 38.84090 28.17324 -6.43750
v 38.84090 28.17324 -6.43750
v 38.84090 28.17324 -9.18750
v 38.84090 28.17324 -9.18750
v 38.84090 28.17324 -6.43750
v 38.84090 28.17324 -9.18750
v 39.34912 28.50835 -6.43750
v 39.34912 28.50835 -9.18750
v 39.51273 28.98082 -6.43750
v 39.51273 28.98082 -9.18750
v 39.34912 28.50835 -9.18750
v 39.51273 28.98082 -6.43750
v 39.51273 28.98082 -9.18750
v 39.34912 28.50835 -6.43750
v 39.51273 28.98082 -9.18750
v 39.34912 28.50835 -9.18750
v 39.32373 28.44808 -6.43750
v 39.32373 28.44808 -9.18750
v 39.34912 28.50835 -6.43750
v 39.34912 28.50835 -9.18750
v 39.32373 28.44808 -9.18750
v 39.34912 28.50835 -6.43750
v 39.34912 28.50835 -9.18750
v 39.32373 28.44808 -6.43750
v 39.32373 28.44808 -9.18750
v 39.29068 28.39164 -9.18750
v 39.29068 28.39164 -6.43750
v 39.29068 28.39164 -6.43750
v 39.29068 28.39164 -9.18750
v 39.29068 28.39164 -9.18750
v 39.25055 28.34000 -6.43750
v 39.25055 28.34000 -9.18750
v 39.25055 28.34000 -9.18750
v 39.25055 28.34000 -6.43750
v 39.25055 28.34000 -9.18750
v 39.20402 28.29403 -6.43750
v 39.20402 28.29403 -9.18750
v 39.20402 28.29403 -9.18750
v 39.20402 28.29403 -6.43750
v 39.20402 28.29403 -9.18750
v 39.15189 28.25453 -9.18750
v 39.15189 28.25453 -6.43750
v 39.15189 28.25453 -6.43750
v 39.15189 28.25453 -9.18750
v 39.15189 28.25453 -9.18750
v 39.09505 28.22218 -9.18750
v 39.09505 28.22218 -6.43750
v 39.09505 28.22218 -6.43750
v 39.09505 28.22218 -9.18750
v 39.09505 28.22218 -9.18750
v 39.03448 28.19752 -6.43750
v 39.03448 28.19752 -9.18750
v 39.03448 28.19752 -9.18750
v 39.03448 28.19752 -6.43750
v 39.03448 28.19752 -9.18750
v 38.97120 28.18098 -6.43750
v 38.97120 28.18098 -9.18750
v 38.97120 28.18098 -6.43750
v 38.97120 28.18098 -9.18750
v 38.97120 28.18098 -9.18750
v 38.90630 28.17284 -6.43750
v 38.90630 28.17284 -9.18750
v 38.90630 28.17284 -6.43750
v 38.90630 28.17284 -9.18750
v 38.90630 28.17284 -9.18750
usemtl ID601
f 8330 8331 8332
f 8333 8332 8331
f 8334 8335 8336
f 8335 8334 8337
f 8342 8343 8344
f 8345 8344 8343
f 8346 8347 8348
f 8347 8346 8349
f 8352 8353 8354
f 8354 8353 8355
f 8355 8353 8356
f 8356 8353 8357
f 8357 8353 8358
f 8358 8353 8359
f 8359 8353 8360
f 8360 8353 8361
f 8361 8353 8362
f 8362 8353 8363
f 8363 8353 8364
f 8364 8353 8365
f 8365 8353 8366
f 8367 8366 8353
f 8368 8369 8370
f 8369 8368 8371
f 8371 8368 8372
f 8372 8368 8373
f 8373 8368 8374
f 8374 8368 8375
f 8375 8368 8376
f 8376 8368 8377
f 8377 8368 8378
f 8378 8368 8379
f 8379 8368 8380
f 8380 8368 8381
f 8381 8368 8382
f 8382 8368 8383
f 8397 8342 8398
f 8344 8398 8342
f 8349 8399 8347
f 8399 8349 8400
f 8402 8403 8404
f 8405 8404 8403
f 8406 8407 8408
f 8407 8406 8409
f 8412 8413 8414
f 8415 8414 8413
f 8416 8417 8418
f 8417 8416 8419
f 8421 8413 8422
f 8412 8422 8413
f 8416 8423 8419
f 8423 8416 8424
f 8426 8427 8422
f 8421 8422 8427
f 8428 8423 8424
f 8423 8428 8429
f 8431 8432 8426
f 8427 8426 8432
f 8433 8429 8428
f 8429 8433 8434
f 8436 8432 8437
f 8431 8437 8432
f 8433 8438 8434
f 8438 8433 8439
f 8441 8436 8442
f 8437 8442 8436
f 8439 8443 8438
f 8443 8439 8444
f 8446 8447 8442
f 8441 8442 8447
f 8448 8443 8444
f 8443 8448 8449
f 8446 8451 8447
f 8452 8447 8451
f 8453 8448 8454
f 8448 8453 8449
f 8451 8456 8452
f 8457 8452 8456
f 8458 8454 8459
f 8454 8458 8453
f 8456 8397 8457
f 8398 8457 8397
f 8400 8459 8399
f 8459 8400 8458
o Treadle_Treadle_Jaw_Upper_Treadle_Jaw_Upper_Tennon
v 38.58053 28.58083 -12.93750
v 38.70438 28.62203 -11.93750
v 38.58053 28.58083 -11.93750
v 38.70438 28.62203 -12.93750
v 38.70438 28.62203 -12.93750
v 38.58053 28.58083 -12.93750
v 38.70438 28.62203 -11.93750
v 38.58053 28.58083 -11.93750
v 38.70438 28.62203 -11.93750
v 38.70438 28.62203 -12.93750
v 38.58053 28.58083 -11.93750
v 38.58053 28.58083 -12.93750
v 38.81335 28.69388 -11.93750
v 38.81335 28.69388 -12.93750
v 38.81335 28.69388 -11.93750
v 38.81335 28.69388 -12.93750
v 38.81335 28.69388 -11.93750
v 38.81335 28.69388 -12.93750
v 38.45023 28.57308 -12.93750
v 38.45023 28.57308 -11.93750
v 38.45023 28.57308 -12.93750
v 38.45023 28.57308 -11.93750
v 38.45023 28.57308 -11.93750
v 38.45023 28.57308 -12.93750
v 38.07195 29.35212 -12.93750
v 37.98726 29.10755 -12.93750
v 38.01351 29.23541 -12.93750
v 37.99500 28.97726 -12.93750
v 38.15861 29.44973 -12.93750
v 38.03620 28.85340 -12.93750
v 38.26758 29.52158 -12.93750
v 38.10805 28.74443 -12.93750
v 38.39143 29.56278 -12.93750
v 38.20566 28.65777 -12.93750
v 38.52173 29.57053 -12.93750
v 38.32237 28.59933 -12.93750
v 38.64959 29.54428 -12.93750
v 38.45023 28.57308 -12.93750
v 38.76630 29.48584 -12.93750
v 38.58053 28.58083 -12.93750
v 38.86391 29.39918 -12.93750
v 38.70438 28.62203 -12.93750
v 38.93576 29.29021 -12.93750
v 38.81335 28.69388 -12.93750
v 38.97696 29.16635 -12.93750
v 38.90001 28.79149 -12.93750
v 38.98470 29.03606 -12.93750
v 38.95845 28.90820 -12.93750
v 38.95845 28.90820 -12.93750
v 38.98470 29.03606 -12.93750
v 38.90001 28.79149 -12.93750
v 38.97696 29.16635 -12.93750
v 38.81335 28.69388 -12.93750
v 38.93576 29.29021 -12.93750
v 38.70438 28.62203 -12.93750
v 38.86391 29.39918 -12.93750
v 38.58053 28.58083 -12.93750
v 38.76630 29.48584 -12.93750
v 38.45023 28.57308 -12.93750
v 38.64959 29.54428 -12.93750
v 38.32237 28.59933 -12.93750
v 38.52173 29.57053 -12.93750
v 38.20566 28.65777 -12.93750
v 38.39143 29.56278 -12.93750
v 38.10805 28.74443 -12.93750
v 38.26758 29.52158 -12.93750
v 38.03620 28.85340 -12.93750
v 38.15861 29.44973 -12.93750
v 37.99500 28.97726 -12.93750
v 38.07195 29.35212 -12.93750
v 37.98726 29.10755 -12.93750
v 38.01351 29.23541 -12.93750
v 38.32237 28.59933 -12.93750
v 38.20566 28.65777 -12.93750
v 38.10805 28.74443 -12.93750
v 38.03620 28.85340 -12.93750
v 37.99500 28.97726 -12.93750
v 37.98726 29.10755 -12.93750
v 38.01351 29.23541 -12.93750
v 38.07195 29.35212 -12.93750
v 38.15861 29.44973 -12.93750
v 38.26758 29.52158 -12.93750
v 38.39143 29.56278 -12.93750
v 38.52173 29.57053 -12.93750
v 38.64959 29.54428 -12.93750
v 38.76630 29.48584 -12.93750
v 38.86391 29.39918 -12.93750
v 38.93576 29.29021 -12.93750
v 38.97696 29.16635 -12.93750
v 38.98470 29.03606 -12.93750
v 38.95845 28.90820 -12.93750
v 38.90001 28.79149 -12.93750
v 38.90001 28.79149 -12.93750
v 38.90001 28.79149 -11.93750
v 38.90001 28.79149 -12.93750
v 38.90001 28.79149 -11.93750
v 38.90001 28.79149 -11.93750
v 38.32237 28.59933 -11.93750
v 38.32237 28.59933 -12.93750
v 38.32237 28.59933 -12.93750
v 38.32237 28.59933 -11.93750
v 38.32237 28.59933 -11.93750
v 38.20566 28.65777 -12.93750
v 38.20566 28.65777 -11.93750
v 38.20566 28.65777 -12.93750
v 38.20566 28.65777 -11.93750
v 38.20566 28.65777 -11.93750
v 38.10805 28.74443 -12.93750
v 38.10805 28.74443 -11.93750
v 38.10805 28.74443 -12.93750
v 38.10805 28.74443 -11.93750
v 38.10805 28.74443 -11.93750
v 38.03620 28.85340 -11.93750
v 38.03620 28.85340 -12.93750
v 38.03620 28.85340 -12.93750
v 38.03620 28.85340 -11.93750
v 38.03620 28.85340 -11.93750
v 37.99500 28.97726 -12.93750
v 37.99500 28.97726 -11.93750
v 37.99500 28.97726 -12.93750
v 37.99500 28.97726 -11.93750
v 37.99500 28.97726 -11.93750
v 37.98726 29.10755 -11.93750
v 37.98726 29.10755 -12.93750
v 37.98726 29.10755 -11.93750
v 37.98726 29.10755 -12.93750
v 37.98726 29.10755 -11.93750
v 38.01351 29.23541 -11.93750
v 38.01351 29.23541 -12.93750
v 38.01351 29.23541 -11.93750
v 38.01351 29.23541 -12.93750
v 38.01351 29.23541 -11.93750
v 38.07195 29.35212 -11.93750
v 38.07195 29.35212 -12.93750
v 38.07195 29.35212 -11.93750
v 38.07195 29.35212 -12.93750
v 38.07195 29.35212 -11.93750
v 38.15861 29.44973 -11.93750
v 38.15861 29.44973 -12.93750
v 38.15861 29.44973 -11.93750
v 38.15861 29.44973 -12.93750
v 38.15861 29.44973 -11.93750
v 38.26758 29.52158 -12.93750
v 38.26758 29.52158 -11.93750
v 38.26758 29.52158 -12.93750
v 38.26758 29.52158 -11.93750
v 38.26758 29.52158 -11.93750
v 38.39143 29.56278 -12.93750
v 38.39143 29.56278 -11.93750
v 38.39143 29.56278 -12.93750
v 38.39143 29.56278 -11.93750
v 38.39143 29.56278 -11.93750
v 38.52173 29.57053 -12.93750
v 38.52173 29.57053 -11.93750
v 38.52173 29.57053 -12.93750
v 38.52173 29.57053 -11.93750
v 38.52173 29.57053 -11.93750
v 38.64959 29.54428 -11.93750
v 38.64959 29.54428 -12.93750
v 38.64959 29.54428 -12.93750
v 38.64959 29.54428 -11.93750
v 38.64959 29.54428 -11.93750
v 38.76630 29.48584 -12.93750
v 38.76630 29.48584 -11.93750
v 38.76630 29.48584 -12.93750
v 38.76630 29.48584 -11.93750
v 38.76630 29.48584 -11.93750
v 38.86391 29.39918 -12.93750
v 38.86391 29.39918 -11.93750
v 38.86391 29.39918 -12.93750
v 38.86391 29.39918 -11.93750
v 38.86391 29.39918 -11.93750
v 38.93576 29.29021 -12.93750
v 38.93576 29.29021 -11.93750
v 38.93576 29.29021 -12.93750
v 38.93576 29.29021 -11.93750
v 38.93576 29.29021 -11.93750
v 38.97696 29.16635 -11.93750
v 38.97696 29.16635 -12.93750
v 38.97696 29.16635 -12.93750
v 38.97696 29.16635 -11.93750
v 38.97696 29.16635 -11.93750
v 38.98470 29.03606 -12.93750
v 38.98470 29.03606 -11.93750
v 38.98470 29.03606 -11.93750
v 38.98470 29.03606 -12.93750
v 38.98470 29.03606 -11.93750
v 38.95845 28.90820 -12.93750
v 38.95845 28.90820 -11.93750
v 38.95845 28.90820 -11.93750
v 38.95845 28.90820 -12.93750
v 38.95845 28.90820 -11.93750
usemtl ID601
f 8461 8462 8463
f 8462 8461 8464
f 8465 8466 8467
f 8468 8467 8466
f 8473 8464 8474
f 8464 8473 8462
f 8467 8475 8465
f 8476 8465 8475
f 8479 8463 8480
f 8463 8479 8461
f 8466 8481 8468
f 8482 8468 8481
f 8485 8486 8487
f 8486 8485 8488
f 8488 8485 8489
f 8488 8489 8490
f 8490 8489 8491
f 8490 8491 8492
f 8492 8491 8493
f 8492 8493 8494
f 8494 8493 8495
f 8494 8495 8496
f 8496 8495 8497
f 8496 8497 8498
f 8498 8497 8499
f 8498 8499 8500
f 8500 8499 8501
f 8500 8501 8502
f 8502 8501 8503
f 8502 8503 8504
f 8504 8503 8505
f 8504 8505 8506
f 8506 8505 8507
f 8506 8507 8508
f 8509 8510 8511
f 8510 8512 8511
f 8511 8512 8513
f 8512 8514 8513
f 8513 8514 8515
f 8514 8516 8515
f 8515 8516 8517
f 8516 8518 8517
f 8517 8518 8519
f 8518 8520 8519
f 8519 8520 8521
f 8520 8522 8521
f 8521 8522 8523
f 8522 8524 8523
f 8523 8524 8525
f 8524 8526 8525
f 8525 8526 8527
f 8526 8528 8527
f 8527 8528 8529
f 8528 8530 8529
f 8529 8530 8531
f 8532 8531 8530
f 8473 8553 8554
f 8553 8473 8474
f 8476 8475 8555
f 8556 8555 8475
f 8558 8479 8480
f 8479 8558 8559
f 8560 8561 8481
f 8482 8481 8561
f 8563 8558 8564
f 8558 8563 8559
f 8560 8565 8561
f 8566 8561 8565
f 8568 8564 8569
f 8564 8568 8563
f 8565 8570 8566
f 8571 8566 8570
f 8573 8568 8569
f 8568 8573 8574
f 8575 8576 8570
f 8571 8570 8576
f 8578 8573 8579
f 8573 8578 8574
f 8575 8580 8576
f 8581 8576 8580
f 8578 8583 8584
f 8583 8578 8579
f 8581 8580 8585
f 8586 8585 8580
f 8584 8588 8589
f 8588 8584 8583
f 8585 8586 8590
f 8591 8590 8586
f 8589 8593 8594
f 8593 8589 8588
f 8590 8591 8595
f 8596 8595 8591
f 8594 8598 8599
f 8598 8594 8593
f 8595 8596 8600
f 8601 8600 8596
f 8603 8598 8604
f 8598 8603 8599
f 8601 8605 8600
f 8606 8600 8605
f 8608 8604 8609
f 8604 8608 8603
f 8605 8610 8606
f 8611 8606 8610
f 8613 8609 8614
f 8609 8613 8608
f 8610 8615 8611
f 8616 8611 8615
f 8618 8613 8614
f 8613 8618 8619
f 8620 8621 8615
f 8616 8615 8621
f 8623 8618 8624
f 8618 8623 8619
f 8620 8625 8621
f 8626 8621 8625
f 8628 8624 8629
f 8624 8628 8623
f 8625 8630 8626
f 8631 8626 8630
f 8633 8629 8634
f 8629 8633 8628
f 8630 8635 8631
f 8636 8631 8635
f 8638 8633 8634
f 8633 8638 8639
f 8640 8641 8635
f 8636 8635 8641
f 8638 8643 8639
f 8643 8638 8644
f 8645 8641 8646
f 8640 8646 8641
f 8644 8648 8643
f 8648 8644 8649
f 8650 8645 8651
f 8646 8651 8645
f 8649 8553 8648
f 8553 8649 8554
f 8556 8650 8555
f 8651 8555 8650
o Treadle_Treadle_Jaw_Upper_Treadle_Jaw_Upper_Tennon_1
v 38.70438 28.62203 -5.43750
v 38.58053 28.58083 -5.43750
v 38.70438 28.62203 -6.43750
v 38.58053 28.58083 -6.43750
v 38.58053 28.58083 -5.43750
v 38.70438 28.62203 -6.43750
v 38.58053 28.58083 -6.43750
v 38.70438 28.62203 -5.43750
v 38.70438 28.62203 -6.43750
v 38.70438 28.62203 -5.43750
v 38.58053 28.58083 -6.43750
v 38.58053 28.58083 -5.43750
v 38.81335 28.69388 -6.43750
v 38.81335 28.69388 -5.43750
v 38.81335 28.69388 -6.43750
v 38.81335 28.69388 -5.43750
v 38.81335 28.69388 -6.43750
v 38.81335 28.69388 -5.43750
v 38.45023 28.57308 -5.43750
v 38.45023 28.57308 -6.43750
v 38.45023 28.57308 -5.43750
v 38.45023 28.57308 -6.43750
v 38.45023 28.57308 -6.43750
v 38.45023 28.57308 -5.43750
v 38.95845 28.90820 -5.43750
v 38.98470 29.03606 -5.43750
v 38.90001 28.79149 -5.43750
v 38.97696 29.16635 -5.43750
v 38.81335 28.69388 -5.43750
v 38.93576 29.29021 -5.43750
v 38.70438 28.62203 -5.43750
v 38.86391 29.39918 -5.43750
v 38.58053 28.58083 -5.43750
v 38.76630 29.48584 -5.43750
v 38.45023 28.57308 -5.43750
v 38.64959 29.54428 -5.43750
v 38.32237 28.59933 -5.43750
v 38.52173 29.57053 -5.43750
v 38.20566 28.65777 -5.43750
v 38.39143 29.56278 -5.43750
v 38.10805 28.74443 -5.43750
v 38.26758 29.52158 -5.43750
v 38.03620 28.85340 -5.43750
v 38.15861 29.44973 -5.43750
v 37.99500 28.97726 -5.43750
v 38.07195 29.35212 -5.43750
v 37.98726 29.10755 -5.43750
v 38.01351 29.23541 -5.43750
v 38.07195 29.35212 -5.43750
v 37.98726 29.10755 -5.43750
v 38.01351 29.23541 -5.43750
v 37.99500 28.97726 -5.43750
v 38.15861 29.44973 -5.43750
v 38.03620 28.85340 -5.43750
v 38.26758 29.52158 -5.43750
v 38.10805 28.74443 -5.43750
v 38.39143 29.56278 -5.43750
v 38.20566 28.65777 -5.43750
v 38.52173 29.57053 -5.43750
v 38.32237 28.59933 -5.43750
v 38.64959 29.54428 -5.43750
v 38.45023 28.57308 -5.43750
v 38.76630 29.48584 -5.43750
v 38.58053 28.58083 -5.43750
v 38.86391 29.39918 -5.43750
v 38.70438 28.62203 -5.43750
v 38.93576 29.29021 -5.43750
v 38.81335 28.69388 -5.43750
v 38.97696 29.16635 -5.43750
v 38.90001 28.79149 -5.43750
v 38.98470 29.03606 -5.43750
v 38.95845 28.90820 -5.43750
v 38.32237 28.59933 -5.43750
v 38.20566 28.65777 -5.43750
v 38.10805 28.74443 -5.43750
v 38.03620 28.85340 -5.43750
v 37.99500 28.97726 -5.43750
v 37.98726 29.10755 -5.43750
v 38.01351 29.23541 -5.43750
v 38.07195 29.35212 -5.43750
v 38.15861 29.44973 -5.43750
v 38.26758 29.52158 -5.43750
v 38.39143 29.56278 -5.43750
v 38.52173 29.57053 -5.43750
v 38.64959 29.54428 -5.43750
v 38.76630 29.48584 -5.43750
v 38.86391 29.39918 -5.43750
v 38.93576 29.29021 -5.43750
v 38.97696 29.16635 -5.43750
v 38.98470 29.03606 -5.43750
v 38.95845 28.90820 -5.43750
v 38.90001 28.79149 -5.43750
v 38.90001 28.79149 -5.43750
v 38.90001 28.79149 -6.43750
v 38.90001 28.79149 -5.43750
v 38.90001 28.79149 -6.43750
v 38.90001 28.79149 -6.43750
v 38.32237 28.59933 -5.43750
v 38.32237 28.59933 -6.43750
v 38.32237 28.59933 -6.43750
v 38.32237 28.59933 -5.43750
v 38.32237 28.59933 -6.43750
v 38.20566 28.65777 -5.43750
v 38.20566 28.65777 -6.43750
v 38.20566 28.65777 -5.43750
v 38.20566 28.65777 -6.43750
v 38.20566 28.65777 -6.43750
v 38.10805 28.74443 -5.43750
v 38.10805 28.74443 -6.43750
v 38.10805 28.74443 -5.43750
v 38.10805 28.74443 -6.43750
v 38.10805 28.74443 -6.43750
v 38.03620 28.85340 -5.43750
v 38.03620 28.85340 -6.43750
v 38.03620 28.85340 -6.43750
v 38.03620 28.85340 -5.43750
v 38.03620 28.85340 -6.43750
v 37.99500 28.97726 -5.43750
v 37.99500 28.97726 -6.43750
v 37.99500 28.97726 -5.43750
v 37.99500 28.97726 -6.43750
v 37.99500 28.97726 -6.43750
v 37.98726 29.10755 -6.43750
v 37.98726 29.10755 -5.43750
v 37.98726 29.10755 -6.43750
v 37.98726 29.10755 -5.43750
v 37.98726 29.10755 -6.43750
v 38.01351 29.23541 -6.43750
v 38.01351 29.23541 -5.43750
v 38.01351 29.23541 -6.43750
v 38.01351 29.23541 -5.43750
v 38.01351 29.23541 -6.43750
v 38.07195 29.35212 -6.43750
v 38.07195 29.35212 -5.43750
v 38.07195 29.35212 -6.43750
v 38.07195 29.35212 -5.43750
v 38.07195 29.35212 -6.43750
v 38.15861 29.44973 -6.43750
v 38.15861 29.44973 -5.43750
v 38.15861 29.44973 -6.43750
v 38.15861 29.44973 -5.43750
v 38.15861 29.44973 -6.43750
v 38.26758 29.52158 -5.43750
v 38.26758 29.52158 -6.43750
v 38.26758 29.52158 -5.43750
v 38.26758 29.52158 -6.43750
v 38.26758 29.52158 -6.43750
v 38.39143 29.56278 -5.43750
v 38.39143 29.56278 -6.43750
v 38.39143 29.56278 -5.43750
v 38.39143 29.56278 -6.43750
v 38.39143 29.56278 -6.43750
v 38.52173 29.57053 -5.43750
v 38.52173 29.57053 -6.43750
v 38.52173 29.57053 -5.43750
v 38.52173 29.57053 -6.43750
v 38.52173 29.57053 -6.43750
v 38.64959 29.54428 -5.43750
v 38.64959 29.54428 -6.43750
v 38.64959 29.54428 -6.43750
v 38.64959 29.54428 -5.43750
v 38.64959 29.54428 -6.43750
v 38.76630 29.48584 -5.43750
v 38.76630 29.48584 -6.43750
v 38.76630 29.48584 -5.43750
v 38.76630 29.48584 -6.43750
v 38.76630 29.48584 -6.43750
v 38.86391 29.39918 -5.43750
v 38.86391 29.39918 -6.43750
v 38.86391 29.39918 -5.43750
v 38.86391 29.39918 -6.43750
v 38.86391 29.39918 -6.43750
v 38.93576 29.29021 -5.43750
v 38.93576 29.29021 -6.43750
v 38.93576 29.29021 -5.43750
v 38.93576 29.29021 -6.43750
v 38.93576 29.29021 -6.43750
v 38.97696 29.16635 -5.43750
v 38.97696 29.16635 -6.43750
v 38.97696 29.16635 -6.43750
v 38.97696 29.16635 -5.43750
v 38.97696 29.16635 -6.43750
v 38.98470 29.03606 -6.43750
v 38.98470 29.03606 -5.43750
v 38.98470 29.03606 -5.43750
v 38.98470 29.03606 -6.43750
v 38.98470 29.03606 -6.43750
v 38.95845 28.90820 -6.43750
v 38.95845 28.90820 -5.43750
v 38.95845 28.90820 -5.43750
v 38.95845 28.90820 -6.43750
v 38.95845 28.90820 -6.43750
usemtl ID601
f 8653 8654 8655
f 8656 8655 8654
f 8657 8658 8659
f 8658 8657 8660
f 8655 8665 8653
f 8666 8653 8665
f 8667 8660 8668
f 8660 8667 8658
f 8654 8671 8656
f 8672 8656 8671
f 8673 8659 8674
f 8659 8673 8657
f 8677 8678 8679
f 8678 8680 8679
f 8679 8680 8681
f 8680 8682 8681
f 8681 8682 8683
f 8682 8684 8683
f 8683 8684 8685
f 8684 8686 8685
f 8685 8686 8687
f 8686 8688 8687
f 8687 8688 8689
f 8688 8690 8689
f 8689 8690 8691
f 8690 8692 8691
f 8691 8692 8693
f 8692 8694 8693
f 8693 8694 8695
f 8694 8696 8695
f 8695 8696 8697
f 8696 8698 8697
f 8697 8698 8699
f 8700 8699 8698
f 8701 8702 8703
f 8702 8701 8704
f 8704 8701 8705
f 8704 8705 8706
f 8706 8705 8707
f 8706 8707 8708
f 8708 8707 8709
f 8708 8709 8710
f 8710 8709 8711
f 8710 8711 8712
f 8712 8711 8713
f 8712 8713 8714
f 8714 8713 8715
f 8714 8715 8716
f 8716 8715 8717
f 8716 8717 8718
f 8718 8717 8719
f 8718 8719 8720
f 8720 8719 8721
f 8720 8721 8722
f 8722 8721 8723
f 8722 8723 8724
f 8666 8665 8745
f 8746 8745 8665
f 8667 8747 8748
f 8747 8667 8668
f 8750 8751 8671
f 8672 8671 8751
f 8752 8673 8674
f 8673 8752 8753
f 8750 8755 8751
f 8756 8751 8755
f 8757 8752 8758
f 8752 8757 8753
f 8755 8760 8756
f 8761 8756 8760
f 8762 8758 8763
f 8758 8762 8757
f 8765 8766 8760
f 8761 8760 8766
f 8767 8762 8763
f 8762 8767 8768
f 8765 8770 8766
f 8771 8766 8770
f 8772 8767 8773
f 8767 8772 8768
f 8771 8770 8775
f 8776 8775 8770
f 8772 8777 8778
f 8777 8772 8773
f 8775 8776 8780
f 8781 8780 8776
f 8778 8782 8783
f 8782 8778 8777
f 8780 8781 8785
f 8786 8785 8781
f 8783 8787 8788
f 8787 8783 8782
f 8785 8786 8790
f 8791 8790 8786
f 8788 8792 8793
f 8792 8788 8787
f 8791 8795 8790
f 8796 8790 8795
f 8797 8792 8798
f 8792 8797 8793
f 8795 8800 8796
f 8801 8796 8800
f 8802 8798 8803
f 8798 8802 8797
f 8800 8805 8801
f 8806 8801 8805
f 8807 8803 8808
f 8803 8807 8802
f 8810 8811 8805
f 8806 8805 8811
f 8812 8807 8808
f 8807 8812 8813
f 8810 8815 8811
f 8816 8811 8815
f 8817 8812 8818
f 8812 8817 8813
f 8815 8820 8816
f 8821 8816 8820
f 8822 8818 8823
f 8818 8822 8817
f 8820 8825 8821
f 8826 8821 8825
f 8827 8823 8828
f 8823 8827 8822
f 8830 8831 8825
f 8826 8825 8831
f 8832 8827 8828
f 8827 8832 8833
f 8835 8831 8836
f 8830 8836 8831
f 8832 8837 8833
f 8837 8832 8838
f 8840 8835 8841
f 8836 8841 8835
f 8838 8842 8837
f 8842 8838 8843
f 8746 8840 8745
f 8841 8745 8840
f 8843 8747 8842
f 8747 8843 8748
o Legs_Leg_Rear
v 1.53466 0.00000 -18.37500
v 1.53466 0.00000 -15.37500
v 0.00000 0.00000 -18.37500
v 0.00000 0.00000 -15.37500
v 1.53466 0.00000 -15.37500
v 0.00000 0.00000 -18.37500
v 0.00000 0.00000 -15.37500
v 1.53466 0.00000 -18.37500
v 0.00000 0.00000 -18.37500
v 0.00000 0.00000 -15.37500
v 1.53466 0.00000 -15.37500
v 1.53466 0.00000 -18.37500
v 4.11442 19.02995 -11.37500
v 3.14889 14.56419 -12.85584
v 3.14889 14.56419 -11.37500
v 0.00000 0.00000 -15.37500
v 0.00000 0.00000 -18.37500
v 4.11442 19.02995 -12.85584
v 4.11442 19.02995 -11.37500
v 3.14889 14.56419 -12.85584
v 4.11442 19.02995 -12.85584
v 0.00000 0.00000 -15.37500
v 0.00000 0.00000 -18.37500
v 3.14889 14.56419 -11.37500
v 3.14889 14.56419 -12.85584
v 4.11442 19.02995 -12.85584
v 4.11442 19.02995 -11.37500
v 3.14889 14.56419 -11.37500
v 4.68355 14.56419 -11.37500
v 3.14889 14.56419 -11.37500
v 1.53466 0.00000 -15.37500
v 0.00000 0.00000 -15.37500
v 3.14889 14.56419 -11.37500
v 1.53466 0.00000 -15.37500
v 0.00000 0.00000 -15.37500
v 4.68355 14.56419 -11.37500
v 4.68355 14.56419 -11.37500
v 5.64908 19.02995 -11.37500
v 4.68355 14.56419 -11.37500
v 5.64908 19.02995 -12.85584
v 4.68355 14.56419 -12.85584
v 1.53466 0.00000 -15.37500
v 1.53466 0.00000 -18.37500
v 1.53466 0.00000 -15.37500
v 4.68355 14.56419 -12.85584
v 1.53466 0.00000 -18.37500
v 4.68355 14.56419 -11.37500
v 5.64908 19.02995 -12.85584
v 5.64908 19.02995 -11.37500
v 5.64908 19.02995 -12.85584
v 5.64908 19.02995 -11.37500
v 4.68355 14.56419 -12.85584
v 4.68355 14.56419 -12.85584
v 1.53466 0.00000 -18.37500
v 3.14889 14.56419 -12.85584
v 0.00000 0.00000 -18.37500
v 1.53466 0.00000 -18.37500
v 3.14889 14.56419 -12.85584
v 0.00000 0.00000 -18.37500
v 4.68355 14.56419 -12.85584
v 5.64908 19.02995 -12.85584
v 4.37456 17.29647 -12.85584
v 4.11442 19.02995 -12.85584
v 4.24614 17.27313 -12.85584
v 4.12813 17.21735 -12.85584
v 4.02858 17.13293 -12.85584
v 3.95428 17.02562 -12.85584
v 3.91028 16.90273 -12.85584
v 4.42341 16.29766 -12.85584
v 3.14889 14.56419 -12.85584
v 4.29332 16.30836 -12.85584
v 4.17044 16.35236 -12.85584
v 4.06313 16.42667 -12.85584
v 3.97870 16.52621 -12.85584
v 3.92292 16.64422 -12.85584
v 3.89958 16.77264 -12.85584
v 4.50465 17.28578 -12.85584
v 4.62753 17.24178 -12.85584
v 4.73484 17.16747 -12.85584
v 4.81927 17.06792 -12.85584
v 4.87505 16.94992 -12.85584
v 4.89839 16.82149 -12.85584
v 4.88769 16.69141 -12.85584
v 4.55183 16.32100 -12.85584
v 4.66984 16.37678 -12.85584
v 4.76939 16.46121 -12.85584
v 4.68355 14.56419 -12.85584
v 4.84369 16.56852 -12.85584
v 4.68355 14.56419 -12.85584
v 4.76939 16.46121 -12.85584
v 3.14889 14.56419 -12.85584
v 4.84369 16.56852 -12.85584
v 4.88769 16.69141 -12.85584
v 5.64908 19.02995 -12.85584
v 4.66984 16.37678 -12.85584
v 4.55183 16.32100 -12.85584
v 4.42341 16.29766 -12.85584
v 4.89839 16.82149 -12.85584
v 4.87505 16.94992 -12.85584
v 4.81927 17.06792 -12.85584
v 4.73484 17.16747 -12.85584
v 4.62753 17.24178 -12.85584
v 4.50465 17.28578 -12.85584
v 4.37456 17.29647 -12.85584
v 3.91028 16.90273 -12.85584
v 4.11442 19.02995 -12.85584
v 3.89958 16.77264 -12.85584
v 3.92292 16.64422 -12.85584
v 3.97870 16.52621 -12.85584
v 4.06313 16.42667 -12.85584
v 4.17044 16.35236 -12.85584
v 4.29332 16.30836 -12.85584
v 3.95428 17.02562 -12.85584
v 4.02858 17.13293 -12.85584
v 4.12813 17.21735 -12.85584
v 4.24614 17.27313 -12.85584
v 4.50465 17.28578 -12.85584
v 4.37456 17.29647 -12.85584
v 4.62753 17.24178 -12.85584
v 4.73484 17.16747 -12.85584
v 4.81927 17.06792 -12.85584
v 4.87505 16.94992 -12.85584
v 4.89839 16.82149 -12.85584
v 4.88769 16.69141 -12.85584
v 4.84369 16.56852 -12.85584
v 4.76939 16.46121 -12.85584
v 4.66984 16.37678 -12.85584
v 4.55183 16.32100 -12.85584
v 4.42341 16.29766 -12.85584
v 4.29332 16.30836 -12.85584
v 4.17044 16.35236 -12.85584
v 4.06313 16.42667 -12.85584
v 3.97870 16.52621 -12.85584
v 3.92292 16.64422 -12.85584
v 3.89958 16.77264 -12.85584
v 3.91028 16.90273 -12.85584
v 3.95428 17.02562 -12.85584
v 4.02858 17.13293 -12.85584
v 4.12813 17.21735 -12.85584
v 4.24614 17.27313 -12.85584
v 5.64908 19.02995 -12.85584
v 4.11442 19.02995 -12.85584
v 5.64908 19.02995 -11.37500
v 4.11442 19.02995 -11.37500
v 4.11442 19.02995 -12.85584
v 5.64908 19.02995 -11.37500
v 4.11442 19.02995 -11.37500
v 5.64908 19.02995 -12.85584
v 5.64908 19.02995 -11.37500
v 4.11442 19.02995 -11.37500
v 4.68355 14.56419 -11.37500
v 3.14889 14.56419 -11.37500
v 4.11442 19.02995 -11.37500
v 4.68355 14.56419 -11.37500
v 3.14889 14.56419 -11.37500
v 5.64908 19.02995 -11.37500
usemtl ID27
f 8845 8846 8847
f 8848 8847 8846
f 8849 8850 8851
f 8850 8849 8852
f 8857 8858 8859
f 8859 8858 8860
f 8861 8860 8858
f 8862 8858 8857
f 8863 8864 8865
f 8864 8866 8867
f 8866 8864 8868
f 8868 8864 8863
f 8873 8874 8875
f 8876 8875 8874
f 8877 8878 8879
f 8878 8877 8880
f 8882 8883 8884
f 8884 8883 8885
f 8883 8886 8885
f 8887 8885 8886
f 8888 8889 8890
f 8889 8888 8891
f 8889 8891 8892
f 8892 8891 8893
f 8897 8898 8899
f 8900 8899 8898
f 8901 8902 8903
f 8902 8901 8904
f 8905 8906 8907
f 8906 8908 8907
f 8908 8909 8907
f 8909 8910 8907
f 8910 8911 8907
f 8911 8912 8907
f 8913 8914 8915
f 8915 8914 8916
f 8916 8914 8917
f 8917 8914 8918
f 8918 8914 8919
f 8919 8914 8920
f 8920 8914 8912
f 8907 8912 8914
f 8906 8905 8921
f 8921 8905 8922
f 8922 8905 8923
f 8923 8905 8924
f 8924 8905 8925
f 8925 8905 8926
f 8926 8905 8927
f 8913 8928 8914
f 8928 8929 8914
f 8929 8930 8914
f 8905 8931 8927
f 8927 8931 8932
f 8932 8931 8930
f 8914 8930 8931
f 8933 8934 8935
f 8934 8933 8936
f 8936 8933 8937
f 8937 8933 8938
f 8935 8934 8939
f 8935 8939 8940
f 8935 8940 8941
f 8937 8938 8942
f 8942 8938 8943
f 8943 8938 8944
f 8944 8938 8945
f 8945 8938 8946
f 8946 8938 8947
f 8947 8938 8948
f 8935 8949 8950
f 8949 8935 8951
f 8951 8935 8952
f 8952 8935 8953
f 8953 8935 8954
f 8954 8935 8955
f 8955 8935 8956
f 8956 8935 8941
f 8950 8949 8957
f 8950 8957 8958
f 8950 8958 8959
f 8950 8959 8960
f 8950 8960 8948
f 8950 8948 8938
f 8985 8986 8987
f 8988 8987 8986
f 8989 8990 8991
f 8990 8989 8992
f 8993 8994 8995
f 8996 8995 8994
f 8997 8998 8999
f 8998 8997 9000
o Legs_Leg_Front
v 55.50622 0.03689 -10.18750
v 55.53312 0.48436 -8.18750
v 55.50622 0.03689 -8.18750
v 55.53312 0.48436 -10.18750
v 55.53312 0.48436 -10.18750
v 55.50622 0.03689 -10.18750
v 55.53312 0.48436 -8.18750
v 55.50622 0.03689 -8.18750
v 55.53312 0.48436 -8.18750
v 55.53312 0.48436 -10.18750
v 55.50622 0.03689 -8.18750
v 55.50622 0.03689 -10.18750
v 55.53312 0.48436 -10.18750
v 44.99728 21.36641 -8.18750
v 55.53312 0.48436 -8.18750
v 44.99728 21.36641 -10.18750
v 44.99728 21.36641 -10.18750
v 55.53312 0.48436 -10.18750
v 44.99728 21.36641 -8.18750
v 55.53312 0.48436 -8.18750
v 44.99728 21.36641 -8.18750
v 44.99728 21.36641 -10.18750
v 55.50622 0.03689 -8.18750
v 41.20016 22.25966 -8.18750
v 52.28002 0.03689 -8.18750
v 55.53312 0.48436 -8.18750
v 44.44913 21.45897 -8.18750
v 44.99728 21.36641 -8.18750
v 43.53151 21.78368 -8.18750
v 42.46501 22.31460 -8.18750
v 41.20016 23.14537 -8.18750
v 41.87673 22.81757 -8.18750
v 41.47047 23.14537 -8.18750
v 41.47047 23.14537 -8.18750
v 41.87673 22.81757 -8.18750
v 41.20016 23.14537 -8.18750
v 42.46501 22.31460 -8.18750
v 41.20016 22.25966 -8.18750
v 43.53151 21.78368 -8.18750
v 44.44913 21.45897 -8.18750
v 44.99728 21.36641 -8.18750
v 55.53312 0.48436 -8.18750
v 55.50622 0.03689 -8.18750
v 52.28002 0.03689 -8.18750
v 44.44913 21.45897 -8.18750
v 43.53151 21.78368 -8.18750
v 42.46501 22.31460 -8.18750
v 41.87673 22.81757 -8.18750
v 41.47047 23.14537 -8.18750
v 41.20016 23.14537 -8.18750
v 41.20016 22.25966 -8.18750
v 52.28002 0.03689 -8.18750
v 55.50622 0.03689 -10.18750
v 52.28002 0.03689 -8.18750
v 52.28002 0.03689 -10.18750
v 55.50622 0.03689 -8.18750
v 55.50622 0.03689 -8.18750
v 55.50622 0.03689 -10.18750
v 52.28002 0.03689 -8.18750
v 52.28002 0.03689 -10.18750
v 52.28002 0.03689 -10.18750
v 41.20016 22.25966 -10.18750
v 55.50622 0.03689 -10.18750
v 52.28002 0.03689 -10.18750
v 55.53312 0.48436 -10.18750
v 44.44913 21.45897 -10.18750
v 44.99728 21.36641 -10.18750
v 43.53151 21.78368 -10.18750
v 42.46501 22.31460 -10.18750
v 41.20016 23.14537 -10.18750
v 41.87673 22.81757 -10.18750
v 41.47047 23.14537 -10.18750
v 41.47047 23.14537 -10.18750
v 41.20016 23.14537 -10.18750
v 41.87673 22.81757 -10.18750
v 42.46501 22.31460 -10.18750
v 41.20016 22.25966 -10.18750
v 43.53151 21.78368 -10.18750
v 44.44913 21.45897 -10.18750
v 44.99728 21.36641 -10.18750
v 55.53312 0.48436 -10.18750
v 55.50622 0.03689 -10.18750
v 52.28002 0.03689 -10.18750
v 41.20016 22.25966 -10.18750
v 41.20016 23.14537 -10.18750
v 41.47047 23.14537 -10.18750
v 41.87673 22.81757 -10.18750
v 42.46501 22.31460 -10.18750
v 43.53151 21.78368 -10.18750
v 44.44913 21.45897 -10.18750
v 44.44913 21.45897 -8.18750
v 44.99728 21.36641 -10.18750
v 44.44913 21.45897 -10.18750
v 44.99728 21.36641 -8.18750
v 44.99728 21.36641 -8.18750
v 44.44913 21.45897 -8.18750
v 44.99728 21.36641 -10.18750
v 44.44913 21.45897 -10.18750
v 43.53151 21.78368 -8.18750
v 43.53151 21.78368 -10.18750
v 43.53151 21.78368 -8.18750
v 43.53151 21.78368 -10.18750
v 42.46501 22.31460 -8.18750
v 42.46501 22.31460 -10.18750
v 42.46501 22.31460 -8.18750
v 42.46501 22.31460 -10.18750
v 41.87673 22.81757 -8.18750
v 41.87673 22.81757 -10.18750
v 41.87673 22.81757 -8.18750
v 41.87673 22.81757 -10.18750
v 41.47047 23.14537 -8.18750
v 41.47047 23.14537 -10.18750
v 41.47047 23.14537 -8.18750
v 41.47047 23.14537 -10.18750
v 41.20016 23.14537 -8.18750
v 41.47047 23.14537 -10.18750
v 41.20016 23.14537 -10.18750
v 41.47047 23.14537 -8.18750
v 41.47047 23.14537 -8.18750
v 41.20016 23.14537 -8.18750
v 41.47047 23.14537 -10.18750
v 41.20016 23.14537 -10.18750
v 41.20016 23.14537 -8.18750
v 41.20016 22.25966 -10.18750
v 41.20016 22.25966 -8.18750
v 41.20016 23.14537 -10.18750
v 41.20016 23.14537 -10.18750
v 41.20016 23.14537 -8.18750
v 41.20016 22.25966 -10.18750
v 41.20016 22.25966 -8.18750
v 41.20016 22.25966 -10.18750
v 52.28002 0.03689 -8.18750
v 41.20016 22.25966 -8.18750
v 52.28002 0.03689 -10.18750
v 52.28002 0.03689 -10.18750
v 41.20016 22.25966 -10.18750
v 52.28002 0.03689 -8.18750
v 41.20016 22.25966 -8.18750
usemtl ID27
f 9001 9002 9003
f 9002 9001 9004
f 9005 9006 9007
f 9008 9007 9006
f 9013 9014 9015
f 9014 9013 9016
f 9017 9018 9019
f 9020 9019 9018
f 9023 9024 9025
f 9024 9023 9026
f 9024 9026 9027
f 9027 9026 9028
f 9024 9027 9029
f 9024 9029 9030
f 9024 9030 9031
f 9031 9030 9032
f 9031 9032 9033
f 9034 9035 9036
f 9035 9037 9036
f 9036 9037 9038
f 9037 9039 9038
f 9039 9040 9038
f 9041 9042 9040
f 9040 9042 9038
f 9042 9043 9038
f 9044 9038 9043
f 9053 9054 9055
f 9054 9053 9056
f 9057 9058 9059
f 9060 9059 9058
f 9062 9063 9064
f 9063 9062 9065
f 9065 9062 9066
f 9065 9066 9067
f 9066 9062 9068
f 9068 9062 9069
f 9069 9062 9070
f 9069 9070 9071
f 9071 9070 9072
f 9073 9074 9075
f 9075 9074 9076
f 9074 9077 9076
f 9076 9077 9078
f 9078 9077 9079
f 9080 9079 9081
f 9079 9077 9081
f 9081 9077 9082
f 9083 9082 9077
f 9091 9092 9093
f 9092 9091 9094
f 9095 9096 9097
f 9098 9097 9096
f 9099 9093 9100
f 9093 9099 9091
f 9096 9101 9098
f 9102 9098 9101
f 9103 9100 9104
f 9100 9103 9099
f 9101 9105 9102
f 9106 9102 9105
f 9107 9104 9108
f 9104 9107 9103
f 9105 9109 9106
f 9110 9106 9109
f 9111 9108 9112
f 9108 9111 9107
f 9109 9113 9110
f 9114 9110 9113
f 9115 9116 9117
f 9116 9115 9118
f 9119 9120 9121
f 9122 9121 9120
f 9123 9124 9125
f 9124 9123 9126
f 9127 9128 9129
f 9130 9129 9128
f 9131 9132 9133
f 9132 9131 9134
f 9135 9136 9137
f 9138 9137 9136
o Legs_Leg_Rear_1
v 1.53466 0.00000 -3.00000
v 0.00000 0.00000 -0.00000
v 0.00000 0.00000 -3.00000
v 1.53466 0.00000 -0.00000
v 1.53466 0.00000 -0.00000
v 1.53466 0.00000 -3.00000
v 0.00000 0.00000 -0.00000
v 0.00000 0.00000 -3.00000
v 0.00000 0.00000 -0.00000
v 0.00000 0.00000 -3.00000
v 1.53466 0.00000 -3.00000
v 1.53466 0.00000 -0.00000
v 4.11442 19.02995 -7.00000
v 3.14889 14.56419 -5.51916
v 4.11442 19.02995 -5.51916
v 0.00000 0.00000 -3.00000
v 0.00000 0.00000 -0.00000
v 3.14889 14.56419 -7.00000
v 4.11442 19.02995 -7.00000
v 3.14889 14.56419 -5.51916
v 3.14889 14.56419 -7.00000
v 0.00000 0.00000 -3.00000
v 0.00000 0.00000 -0.00000
v 4.11442 19.02995 -5.51916
v 3.14889 14.56419 -5.51916
v 4.11442 19.02995 -5.51916
v 4.11442 19.02995 -7.00000
v 3.14889 14.56419 -7.00000
v 3.14889 14.56419 -7.00000
v 1.53466 0.00000 -3.00000
v 0.00000 0.00000 -3.00000
v 4.68355 14.56419 -7.00000
v 4.68355 14.56419 -7.00000
v 3.14889 14.56419 -7.00000
v 1.53466 0.00000 -3.00000
v 0.00000 0.00000 -3.00000
v 4.68355 14.56419 -7.00000
v 1.53466 0.00000 -3.00000
v 4.68355 14.56419 -5.51916
v 1.53466 0.00000 -0.00000
v 4.68355 14.56419 -7.00000
v 5.64908 19.02995 -5.51916
v 5.64908 19.02995 -7.00000
v 5.64908 19.02995 -7.00000
v 4.68355 14.56419 -7.00000
v 5.64908 19.02995 -5.51916
v 4.68355 14.56419 -5.51916
v 1.53466 0.00000 -3.00000
v 1.53466 0.00000 -0.00000
v 5.64908 19.02995 -5.51916
v 5.64908 19.02995 -7.00000
v 4.68355 14.56419 -5.51916
v 1.53466 0.00000 -0.00000
v 3.14889 14.56419 -5.51916
v 0.00000 0.00000 -0.00000
v 4.68355 14.56419 -5.51916
v 4.68355 14.56419 -5.51916
v 1.53466 0.00000 -0.00000
v 3.14889 14.56419 -5.51916
v 0.00000 0.00000 -0.00000
v 4.68355 14.56419 -5.51916
v 4.76939 16.46121 -5.51916
v 3.14889 14.56419 -5.51916
v 4.84369 16.56852 -5.51916
v 4.88769 16.69141 -5.51916
v 5.64908 19.02995 -5.51916
v 4.66984 16.37678 -5.51916
v 4.55183 16.32100 -5.51916
v 4.42341 16.29766 -5.51916
v 4.89839 16.82149 -5.51916
v 4.87505 16.94992 -5.51916
v 4.81927 17.06792 -5.51916
v 4.73484 17.16747 -5.51916
v 4.62753 17.24178 -5.51916
v 4.50465 17.28578 -5.51916
v 4.37456 17.29647 -5.51916
v 3.91028 16.90273 -5.51916
v 4.11442 19.02995 -5.51916
v 3.89958 16.77264 -5.51916
v 3.92292 16.64422 -5.51916
v 3.97870 16.52621 -5.51916
v 4.06313 16.42667 -5.51916
v 4.17044 16.35236 -5.51916
v 4.29332 16.30836 -5.51916
v 3.95428 17.02562 -5.51916
v 4.02858 17.13293 -5.51916
v 4.12813 17.21735 -5.51916
v 4.24614 17.27313 -5.51916
v 5.64908 19.02995 -5.51916
v 4.37456 17.29647 -5.51916
v 4.11442 19.02995 -5.51916
v 4.24614 17.27313 -5.51916
v 4.12813 17.21735 -5.51916
v 4.02858 17.13293 -5.51916
v 3.95428 17.02562 -5.51916
v 3.91028 16.90273 -5.51916
v 4.42341 16.29766 -5.51916
v 3.14889 14.56419 -5.51916
v 4.29332 16.30836 -5.51916
v 4.17044 16.35236 -5.51916
v 4.06313 16.42667 -5.51916
v 3.97870 16.52621 -5.51916
v 3.92292 16.64422 -5.51916
v 3.89958 16.77264 -5.51916
v 4.50465 17.28578 -5.51916
v 4.62753 17.24178 -5.51916
v 4.73484 17.16747 -5.51916
v 4.81927 17.06792 -5.51916
v 4.87505 16.94992 -5.51916
v 4.89839 16.82149 -5.51916
v 4.88769 16.69141 -5.51916
v 4.55183 16.32100 -5.51916
v 4.66984 16.37678 -5.51916
v 4.76939 16.46121 -5.51916
v 4.68355 14.56419 -5.51916
v 4.84369 16.56852 -5.51916
v 4.50465 17.28578 -5.51916
v 4.37456 17.29647 -5.51916
v 4.62753 17.24178 -5.51916
v 4.73484 17.16747 -5.51916
v 4.81927 17.06792 -5.51916
v 4.87505 16.94992 -5.51916
v 4.89839 16.82149 -5.51916
v 4.88769 16.69141 -5.51916
v 4.84369 16.56852 -5.51916
v 4.76939 16.46121 -5.51916
v 4.66984 16.37678 -5.51916
v 4.55183 16.32100 -5.51916
v 4.42341 16.29766 -5.51916
v 4.29332 16.30836 -5.51916
v 4.17044 16.35236 -5.51916
v 4.06313 16.42667 -5.51916
v 3.97870 16.52621 -5.51916
v 3.92292 16.64422 -5.51916
v 3.89958 16.77264 -5.51916
v 3.91028 16.90273 -5.51916
v 3.95428 17.02562 -5.51916
v 4.02858 17.13293 -5.51916
v 4.12813 17.21735 -5.51916
v 4.24614 17.27313 -5.51916
v 4.11442 19.02995 -5.51916
v 5.64908 19.02995 -7.00000
v 4.11442 19.02995 -7.00000
v 5.64908 19.02995 -5.51916
v 5.64908 19.02995 -5.51916
v 4.11442 19.02995 -5.51916
v 5.64908 19.02995 -7.00000
v 4.11442 19.02995 -7.00000
v 4.11442 19.02995 -7.00000
v 4.68355 14.56419 -7.00000
v 3.14889 14.56419 -7.00000
v 5.64908 19.02995 -7.00000
v 5.64908 19.02995 -7.00000
v 4.11442 19.02995 -7.00000
v 4.68355 14.56419 -7.00000
v 3.14889 14.56419 -7.00000
usemtl ID27
f 9139 9140 9141
f 9140 9139 9142
f 9143 9144 9145
f 9146 9145 9144
f 9151 9152 9153
f 9152 9154 9155
f 9154 9152 9156
f 9156 9152 9151
f 9157 9158 9159
f 9159 9158 9160
f 9161 9160 9158
f 9162 9158 9157
f 9167 9168 9169
f 9168 9167 9170
f 9171 9172 9173
f 9174 9173 9172
f 9176 9177 9178
f 9177 9176 9179
f 9177 9179 9180
f 9180 9179 9181
f 9182 9183 9184
f 9184 9183 9185
f 9183 9186 9185
f 9187 9185 9186
f 9191 9192 9193
f 9192 9191 9194
f 9195 9196 9197
f 9198 9197 9196
f 9199 9200 9201
f 9200 9199 9202
f 9202 9199 9203
f 9203 9199 9204
f 9201 9200 9205
f 9201 9205 9206
f 9201 9206 9207
f 9203 9204 9208
f 9208 9204 9209
f 9209 9204 9210
f 9210 9204 9211
f 9211 9204 9212
f 9212 9204 9213
f 9213 9204 9214
f 9201 9215 9216
f 9215 9201 9217
f 9217 9201 9218
f 9218 9201 9219
f 9219 9201 9220
f 9220 9201 9221
f 9221 9201 9222
f 9222 9201 9207
f 9216 9215 9223
f 9216 9223 9224
f 9216 9224 9225
f 9216 9225 9226
f 9216 9226 9214
f 9216 9214 9204
f 9227 9228 9229
f 9228 9230 9229
f 9230 9231 9229
f 9231 9232 9229
f 9232 9233 9229
f 9233 9234 9229
f 9235 9236 9237
f 9237 9236 9238
f 9238 9236 9239
f 9239 9236 9240
f 9240 9236 9241
f 9241 9236 9242
f 9242 9236 9234
f 9229 9234 9236
f 9228 9227 9243
f 9243 9227 9244
f 9244 9227 9245
f 9245 9227 9246
f 9246 9227 9247
f 9247 9227 9248
f 9248 9227 9249
f 9235 9250 9236
f 9250 9251 9236
f 9251 9252 9236
f 9227 9253 9249
f 9249 9253 9254
f 9254 9253 9252
f 9236 9252 9253
f 9279 9280 9281
f 9280 9279 9282
f 9283 9284 9285
f 9286 9285 9284
f 9287 9288 9289
f 9288 9287 9290
f 9291 9292 9293
f 9294 9293 9292
